run,engine,case,phase,sample,seconds
1,tonic,integer_loop,compile,0,3.5625e-05
1,tonic,integer_loop,compile,1,3.1167e-05
1,tonic,integer_loop,compile,2,3.5917e-05
1,tonic,integer_loop,compile,3,3.6334e-05
1,tonic,integer_loop,compile,4,3.4208e-05
1,tonic,integer_loop,compile,5,3.2208e-05
1,tonic,integer_loop,compile,6,3.5833e-05
1,tonic,integer_loop,compile,7,2.925e-05
1,tonic,integer_loop,compile,8,2.8375e-05
1,tonic,integer_loop,compile,9,2.7666e-05
1,tonic,integer_loop,compile,10,3.0542e-05
1,tonic,integer_loop,compile,11,3.1e-05
1,tonic,integer_loop,compile,12,3.0417e-05
1,tonic,integer_loop,compile,13,2.7792e-05
1,tonic,integer_loop,compile,14,2.7375e-05
1,tonic,integer_loop,compile,15,2.7292e-05
1,tonic,integer_loop,compile,16,2.7292e-05
1,tonic,integer_loop,compile,17,2.725e-05
1,tonic,integer_loop,compile,18,2.7125e-05
1,tonic,integer_loop,compile,19,2.9625e-05
1,tonic,integer_loop,compile,20,3.0459e-05
1,tonic,integer_loop,compile,21,2.7834e-05
1,tonic,integer_loop,compile,22,2.7125e-05
1,tonic,integer_loop,compile,23,2.675e-05
1,tonic,integer_loop,compile,24,2.7208e-05
1,tonic,integer_loop,compile,25,2.7667e-05
1,tonic,integer_loop,compile,26,2.675e-05
1,tonic,integer_loop,compile,27,2.7208e-05
1,tonic,integer_loop,compile,28,2.6875e-05
1,tonic,integer_loop,compile,29,2.7e-05
1,tonic,integer_loop,warm_run,0,0.005864875
1,tonic,integer_loop,warm_run,1,0.005590417
1,tonic,integer_loop,warm_run,2,0.005400375
1,tonic,integer_loop,warm_run,3,0.005240916
1,tonic,integer_loop,warm_run,4,0.005096083
1,tonic,integer_loop,warm_run,5,0.004960792
1,tonic,integer_loop,warm_run,6,0.004862917
1,tonic,integer_loop,warm_run,7,0.004859833
1,tonic,integer_loop,warm_run,8,0.004861875
1,tonic,integer_loop,warm_run,9,0.00494925
1,tonic,integer_loop,warm_run,10,0.004667334
1,tonic,integer_loop,warm_run,11,0.004900667
1,tonic,integer_loop,warm_run,12,0.004891292
1,tonic,integer_loop,warm_run,13,0.004895
1,tonic,integer_loop,warm_run,14,0.004978167
1,tonic,integer_loop,warm_run,15,0.00462275
1,tonic,integer_loop,warm_run,16,0.004797666
1,tonic,integer_loop,warm_run,17,0.0048335
1,tonic,integer_loop,warm_run,18,0.004770417
1,tonic,integer_loop,warm_run,19,0.0047275
1,tonic,integer_loop,warm_run,20,0.004692208
1,tonic,integer_loop,warm_run,21,0.004793125
1,tonic,integer_loop,warm_run,22,0.004765875
1,tonic,integer_loop,warm_run,23,0.004874208
1,tonic,integer_loop,warm_run,24,0.004880708
1,tonic,integer_loop,warm_run,25,0.004922083
1,tonic,integer_loop,warm_run,26,0.004708417
1,tonic,integer_loop,warm_run,27,0.004789958
1,tonic,integer_loop,warm_run,28,0.004806542
1,tonic,integer_loop,warm_run,29,0.004843083
1,tonic,fib_calls,compile,0,2.6875e-05
1,tonic,fib_calls,compile,1,2.9416e-05
1,tonic,fib_calls,compile,2,2.9375e-05
1,tonic,fib_calls,compile,3,3.1792e-05
1,tonic,fib_calls,compile,4,3.0792e-05
1,tonic,fib_calls,compile,5,2.9958e-05
1,tonic,fib_calls,compile,6,3.275e-05
1,tonic,fib_calls,compile,7,3.0042e-05
1,tonic,fib_calls,compile,8,2.9083e-05
1,tonic,fib_calls,compile,9,3.0083e-05
1,tonic,fib_calls,compile,10,2.95e-05
1,tonic,fib_calls,compile,11,2.4958e-05
1,tonic,fib_calls,compile,12,2.7041e-05
1,tonic,fib_calls,compile,13,2.6541e-05
1,tonic,fib_calls,compile,14,2.6584e-05
1,tonic,fib_calls,compile,15,2.6584e-05
1,tonic,fib_calls,compile,16,2.775e-05
1,tonic,fib_calls,compile,17,2.6541e-05
1,tonic,fib_calls,compile,18,2.65e-05
1,tonic,fib_calls,compile,19,2.6292e-05
1,tonic,fib_calls,compile,20,2.6417e-05
1,tonic,fib_calls,compile,21,2.6458e-05
1,tonic,fib_calls,compile,22,2.675e-05
1,tonic,fib_calls,compile,23,2.375e-05
1,tonic,fib_calls,compile,24,2.675e-05
1,tonic,fib_calls,compile,25,2.6625e-05
1,tonic,fib_calls,compile,26,2.6375e-05
1,tonic,fib_calls,compile,27,2.6667e-05
1,tonic,fib_calls,compile,28,2.6584e-05
1,tonic,fib_calls,compile,29,2.6416e-05
1,tonic,fib_calls,warm_run,0,0.002396666
1,tonic,fib_calls,warm_run,1,0.002425333
1,tonic,fib_calls,warm_run,2,0.002496791
1,tonic,fib_calls,warm_run,3,0.0023875
1,tonic,fib_calls,warm_run,4,0.002426375
1,tonic,fib_calls,warm_run,5,0.002424917
1,tonic,fib_calls,warm_run,6,0.002412875
1,tonic,fib_calls,warm_run,7,0.002410917
1,tonic,fib_calls,warm_run,8,0.002446375
1,tonic,fib_calls,warm_run,9,0.002473
1,tonic,fib_calls,warm_run,10,0.002422209
1,tonic,fib_calls,warm_run,11,0.002427583
1,tonic,fib_calls,warm_run,12,0.002431875
1,tonic,fib_calls,warm_run,13,0.002424917
1,tonic,fib_calls,warm_run,14,0.002427459
1,tonic,fib_calls,warm_run,15,0.002480167
1,tonic,fib_calls,warm_run,16,0.0022715
1,tonic,fib_calls,warm_run,17,0.002371792
1,tonic,fib_calls,warm_run,18,0.002367292
1,tonic,fib_calls,warm_run,19,0.002391208
1,tonic,fib_calls,warm_run,20,0.002397417
1,tonic,fib_calls,warm_run,21,0.002410791
1,tonic,fib_calls,warm_run,22,0.002466375
1,tonic,fib_calls,warm_run,23,0.002433625
1,tonic,fib_calls,warm_run,24,0.0024145
1,tonic,fib_calls,warm_run,25,0.0024135
1,tonic,fib_calls,warm_run,26,0.002413291
1,tonic,fib_calls,warm_run,27,0.002428791
1,tonic,fib_calls,warm_run,28,0.002413416
1,tonic,fib_calls,warm_run,29,0.002477125
1,tonic,known_calls,compile,0,1.4209e-05
1,tonic,known_calls,compile,1,1.8792e-05
1,tonic,known_calls,compile,2,1.8167e-05
1,tonic,known_calls,compile,3,1.7916e-05
1,tonic,known_calls,compile,4,1.8375e-05
1,tonic,known_calls,compile,5,1.7833e-05
1,tonic,known_calls,compile,6,1.6875e-05
1,tonic,known_calls,compile,7,1.7833e-05
1,tonic,known_calls,compile,8,1.5875e-05
1,tonic,known_calls,compile,9,1.775e-05
1,tonic,known_calls,compile,10,1.7958e-05
1,tonic,known_calls,compile,11,1.6625e-05
1,tonic,known_calls,compile,12,2e-05
1,tonic,known_calls,compile,13,1.7959e-05
1,tonic,known_calls,compile,14,1.6084e-05
1,tonic,known_calls,compile,15,1.9292e-05
1,tonic,known_calls,compile,16,1.8416e-05
1,tonic,known_calls,compile,17,1.6209e-05
1,tonic,known_calls,compile,18,1.7625e-05
1,tonic,known_calls,compile,19,1.5625e-05
1,tonic,known_calls,compile,20,1.7667e-05
1,tonic,known_calls,compile,21,1.7708e-05
1,tonic,known_calls,compile,22,1.6875e-05
1,tonic,known_calls,compile,23,1.7542e-05
1,tonic,known_calls,compile,24,1.5708e-05
1,tonic,known_calls,compile,25,1.7333e-05
1,tonic,known_calls,compile,26,1.55e-05
1,tonic,known_calls,compile,27,1.775e-05
1,tonic,known_calls,compile,28,1.6542e-05
1,tonic,known_calls,compile,29,1.7667e-05
1,tonic,known_calls,warm_run,0,0.001109875
1,tonic,known_calls,warm_run,1,0.0011365
1,tonic,known_calls,warm_run,2,0.001136458
1,tonic,known_calls,warm_run,3,0.001146417
1,tonic,known_calls,warm_run,4,0.001145583
1,tonic,known_calls,warm_run,5,0.001139041
1,tonic,known_calls,warm_run,6,0.001145958
1,tonic,known_calls,warm_run,7,0.001210458
1,tonic,known_calls,warm_run,8,0.001131458
1,tonic,known_calls,warm_run,9,0.001159542
1,tonic,known_calls,warm_run,10,0.001150167
1,tonic,known_calls,warm_run,11,0.001162416
1,tonic,known_calls,warm_run,12,0.001146792
1,tonic,known_calls,warm_run,13,0.001150125
1,tonic,known_calls,warm_run,14,0.001157083
1,tonic,known_calls,warm_run,15,0.001168334
1,tonic,known_calls,warm_run,16,0.00114575
1,tonic,known_calls,warm_run,17,0.001163917
1,tonic,known_calls,warm_run,18,0.001174167
1,tonic,known_calls,warm_run,19,0.001157208
1,tonic,known_calls,warm_run,20,0.001157208
1,tonic,known_calls,warm_run,21,0.001200542
1,tonic,known_calls,warm_run,22,0.001131333
1,tonic,known_calls,warm_run,23,0.001086542
1,tonic,known_calls,warm_run,24,0.001114708
1,tonic,known_calls,warm_run,25,0.001118708
1,tonic,known_calls,warm_run,26,0.001133792
1,tonic,known_calls,warm_run,27,0.001108333
1,tonic,known_calls,warm_run,28,0.001135916
1,tonic,known_calls,warm_run,29,0.001134417
1,tonic,float_loop,compile,0,1.0083e-05
1,tonic,float_loop,compile,1,1.2875e-05
1,tonic,float_loop,compile,2,1.2208e-05
1,tonic,float_loop,compile,3,1.2833e-05
1,tonic,float_loop,compile,4,1.2625e-05
1,tonic,float_loop,compile,5,1.2875e-05
1,tonic,float_loop,compile,6,1.2792e-05
1,tonic,float_loop,compile,7,1.2666e-05
1,tonic,float_loop,compile,8,1.275e-05
1,tonic,float_loop,compile,9,1.2667e-05
1,tonic,float_loop,compile,10,1.2e-05
1,tonic,float_loop,compile,11,1.2875e-05
1,tonic,float_loop,compile,12,1.2167e-05
1,tonic,float_loop,compile,13,1.2708e-05
1,tonic,float_loop,compile,14,1.1083e-05
1,tonic,float_loop,compile,15,1.2666e-05
1,tonic,float_loop,compile,16,1.1042e-05
1,tonic,float_loop,compile,17,1.2833e-05
1,tonic,float_loop,compile,18,1.0917e-05
1,tonic,float_loop,compile,19,1.275e-05
1,tonic,float_loop,compile,20,1.1167e-05
1,tonic,float_loop,compile,21,1.2708e-05
1,tonic,float_loop,compile,22,1.2834e-05
1,tonic,float_loop,compile,23,1.2667e-05
1,tonic,float_loop,compile,24,9.417e-06
1,tonic,float_loop,compile,25,1.0958e-05
1,tonic,float_loop,compile,26,1.15e-05
1,tonic,float_loop,compile,27,9.625e-06
1,tonic,float_loop,compile,28,1.1125e-05
1,tonic,float_loop,compile,29,1.15e-05
1,tonic,float_loop,warm_run,0,0.000696917
1,tonic,float_loop,warm_run,1,0.000702792
1,tonic,float_loop,warm_run,2,0.000703625
1,tonic,float_loop,warm_run,3,0.000734875
1,tonic,float_loop,warm_run,4,0.0006955
1,tonic,float_loop,warm_run,5,0.000616
1,tonic,float_loop,warm_run,6,0.000613542
1,tonic,float_loop,warm_run,7,0.00067875
1,tonic,float_loop,warm_run,8,0.000643417
1,tonic,float_loop,warm_run,9,0.000663666
1,tonic,float_loop,warm_run,10,0.000666666
1,tonic,float_loop,warm_run,11,0.000662416
1,tonic,float_loop,warm_run,12,0.000652917
1,tonic,float_loop,warm_run,13,0.000670167
1,tonic,float_loop,warm_run,14,0.000651542
1,tonic,float_loop,warm_run,15,0.000666375
1,tonic,float_loop,warm_run,16,0.000669958
1,tonic,float_loop,warm_run,17,0.000658917
1,tonic,float_loop,warm_run,18,0.000671334
1,tonic,float_loop,warm_run,19,0.000670125
1,tonic,float_loop,warm_run,20,0.000668666
1,tonic,float_loop,warm_run,21,0.000674708
1,tonic,float_loop,warm_run,22,0.000671292
1,tonic,float_loop,warm_run,23,0.000672334
1,tonic,float_loop,warm_run,24,0.000673708
1,tonic,float_loop,warm_run,25,0.000667292
1,tonic,float_loop,warm_run,26,0.000676959
1,tonic,float_loop,warm_run,27,0.000675875
1,tonic,float_loop,warm_run,28,0.000724459
1,tonic,float_loop,warm_run,29,0.000684
1,tonic,list_iteration,compile,0,1.9167e-05
1,tonic,list_iteration,compile,1,2.25e-05
1,tonic,list_iteration,compile,2,2.2583e-05
1,tonic,list_iteration,compile,3,2.2459e-05
1,tonic,list_iteration,compile,4,2.225e-05
1,tonic,list_iteration,compile,5,2.175e-05
1,tonic,list_iteration,compile,6,2.1209e-05
1,tonic,list_iteration,compile,7,2.0042e-05
1,tonic,list_iteration,compile,8,1.9833e-05
1,tonic,list_iteration,compile,9,1.7833e-05
1,tonic,list_iteration,compile,10,1.975e-05
1,tonic,list_iteration,compile,11,2.0042e-05
1,tonic,list_iteration,compile,12,1.9959e-05
1,tonic,list_iteration,compile,13,1.7708e-05
1,tonic,list_iteration,compile,14,2e-05
1,tonic,list_iteration,compile,15,2.025e-05
1,tonic,list_iteration,compile,16,1.825e-05
1,tonic,list_iteration,compile,17,2.0166e-05
1,tonic,list_iteration,compile,18,1.975e-05
1,tonic,list_iteration,compile,19,2.0042e-05
1,tonic,list_iteration,compile,20,1.8959e-05
1,tonic,list_iteration,compile,21,2.0167e-05
1,tonic,list_iteration,compile,22,1.8042e-05
1,tonic,list_iteration,compile,23,1.9875e-05
1,tonic,list_iteration,compile,24,1.9958e-05
1,tonic,list_iteration,compile,25,1.9917e-05
1,tonic,list_iteration,compile,26,1.8125e-05
1,tonic,list_iteration,compile,27,1.9834e-05
1,tonic,list_iteration,compile,28,1.9958e-05
1,tonic,list_iteration,compile,29,2.1208e-05
1,tonic,list_iteration,warm_run,0,0.000267083
1,tonic,list_iteration,warm_run,1,0.000265084
1,tonic,list_iteration,warm_run,2,0.000260833
1,tonic,list_iteration,warm_run,3,0.000255459
1,tonic,list_iteration,warm_run,4,0.000260958
1,tonic,list_iteration,warm_run,5,0.000261334
1,tonic,list_iteration,warm_run,6,0.000260458
1,tonic,list_iteration,warm_run,7,0.000262208
1,tonic,list_iteration,warm_run,8,0.000261667
1,tonic,list_iteration,warm_run,9,0.000261375
1,tonic,list_iteration,warm_run,10,0.000260833
1,tonic,list_iteration,warm_run,11,0.000261875
1,tonic,list_iteration,warm_run,12,0.000260791
1,tonic,list_iteration,warm_run,13,0.000261083
1,tonic,list_iteration,warm_run,14,0.000262833
1,tonic,list_iteration,warm_run,15,0.000264708
1,tonic,list_iteration,warm_run,16,0.000257667
1,tonic,list_iteration,warm_run,17,0.0002635
1,tonic,list_iteration,warm_run,18,0.000263042
1,tonic,list_iteration,warm_run,19,0.0002645
1,tonic,list_iteration,warm_run,20,0.000262417
1,tonic,list_iteration,warm_run,21,0.0002625
1,tonic,list_iteration,warm_run,22,0.000262917
1,tonic,list_iteration,warm_run,23,0.000257375
1,tonic,list_iteration,warm_run,24,0.000259833
1,tonic,list_iteration,warm_run,25,0.000263
1,tonic,list_iteration,warm_run,26,0.000266041
1,tonic,list_iteration,warm_run,27,0.000262334
1,tonic,list_iteration,warm_run,28,0.0002645
1,tonic,list_iteration,warm_run,29,0.000264416
1,tonic,closure_calls,compile,0,1.8792e-05
1,tonic,closure_calls,compile,1,2.4167e-05
1,tonic,closure_calls,compile,2,2.3959e-05
1,tonic,closure_calls,compile,3,2.3833e-05
1,tonic,closure_calls,compile,4,2.4041e-05
1,tonic,closure_calls,compile,5,2.3667e-05
1,tonic,closure_calls,compile,6,2.1417e-05
1,tonic,closure_calls,compile,7,2.15e-05
1,tonic,closure_calls,compile,8,2.1708e-05
1,tonic,closure_calls,compile,9,2.1375e-05
1,tonic,closure_calls,compile,10,2.1333e-05
1,tonic,closure_calls,compile,11,2.15e-05
1,tonic,closure_calls,compile,12,1.7625e-05
1,tonic,closure_calls,compile,13,2.1625e-05
1,tonic,closure_calls,compile,14,2.1417e-05
1,tonic,closure_calls,compile,15,2.1458e-05
1,tonic,closure_calls,compile,16,2.1625e-05
1,tonic,closure_calls,compile,17,2.1292e-05
1,tonic,closure_calls,compile,18,2.1584e-05
1,tonic,closure_calls,compile,19,2.1375e-05
1,tonic,closure_calls,compile,20,1.8708e-05
1,tonic,closure_calls,compile,21,2.3625e-05
1,tonic,closure_calls,compile,22,2.2792e-05
1,tonic,closure_calls,compile,23,2.1666e-05
1,tonic,closure_calls,compile,24,2.3708e-05
1,tonic,closure_calls,compile,25,2.3708e-05
1,tonic,closure_calls,compile,26,2.3708e-05
1,tonic,closure_calls,compile,27,2.325e-05
1,tonic,closure_calls,compile,28,2.15e-05
1,tonic,closure_calls,compile,29,2.1333e-05
1,tonic,closure_calls,warm_run,0,0.001034375
1,tonic,closure_calls,warm_run,1,0.001046583
1,tonic,closure_calls,warm_run,2,0.00107525
1,tonic,closure_calls,warm_run,3,0.00106225
1,tonic,closure_calls,warm_run,4,0.001064917
1,tonic,closure_calls,warm_run,5,0.001076792
1,tonic,closure_calls,warm_run,6,0.001082459
1,tonic,closure_calls,warm_run,7,0.001069208
1,tonic,closure_calls,warm_run,8,0.001081875
1,tonic,closure_calls,warm_run,9,0.001071834
1,tonic,closure_calls,warm_run,10,0.001088542
1,tonic,closure_calls,warm_run,11,0.001080208
1,tonic,closure_calls,warm_run,12,0.001065084
1,tonic,closure_calls,warm_run,13,0.0010935
1,tonic,closure_calls,warm_run,14,0.001130166
1,tonic,closure_calls,warm_run,15,0.001077667
1,tonic,closure_calls,warm_run,16,0.001089834
1,tonic,closure_calls,warm_run,17,0.001076958
1,tonic,closure_calls,warm_run,18,0.001088375
1,tonic,closure_calls,warm_run,19,0.001088834
1,tonic,closure_calls,warm_run,20,0.001077458
1,tonic,closure_calls,warm_run,21,0.001096667
1,tonic,closure_calls,warm_run,22,0.001098791
1,tonic,closure_calls,warm_run,23,0.001092042
1,tonic,closure_calls,warm_run,24,0.001083417
1,tonic,closure_calls,warm_run,25,0.001091583
1,tonic,closure_calls,warm_run,26,0.001083625
1,tonic,closure_calls,warm_run,27,0.001072792
1,tonic,closure_calls,warm_run,28,0.001102625
1,tonic,closure_calls,warm_run,29,0.00107125
1,tonic,keyword_calls,compile,0,1.75e-05
1,tonic,keyword_calls,compile,1,2.2708e-05
1,tonic,keyword_calls,compile,2,2.2291e-05
1,tonic,keyword_calls,compile,3,2.1959e-05
1,tonic,keyword_calls,compile,4,2.1708e-05
1,tonic,keyword_calls,compile,5,2.1834e-05
1,tonic,keyword_calls,compile,6,2.175e-05
1,tonic,keyword_calls,compile,7,2.1959e-05
1,tonic,keyword_calls,compile,8,2.1708e-05
1,tonic,keyword_calls,compile,9,2.1917e-05
1,tonic,keyword_calls,compile,10,2.1542e-05
1,tonic,keyword_calls,compile,11,1.8959e-05
1,tonic,keyword_calls,compile,12,2.1667e-05
1,tonic,keyword_calls,compile,13,2.175e-05
1,tonic,keyword_calls,compile,14,2.1417e-05
1,tonic,keyword_calls,compile,15,2.1708e-05
1,tonic,keyword_calls,compile,16,2.1667e-05
1,tonic,keyword_calls,compile,17,2.1708e-05
1,tonic,keyword_calls,compile,18,2.1583e-05
1,tonic,keyword_calls,compile,19,1.8917e-05
1,tonic,keyword_calls,compile,20,2.1667e-05
1,tonic,keyword_calls,compile,21,2.1791e-05
1,tonic,keyword_calls,compile,22,2.1542e-05
1,tonic,keyword_calls,compile,23,2.1708e-05
1,tonic,keyword_calls,compile,24,2.175e-05
1,tonic,keyword_calls,compile,25,2.1625e-05
1,tonic,keyword_calls,compile,26,2.1583e-05
1,tonic,keyword_calls,compile,27,1.8875e-05
1,tonic,keyword_calls,compile,28,2.1625e-05
1,tonic,keyword_calls,compile,29,2.1708e-05
1,tonic,keyword_calls,warm_run,0,0.001342542
1,tonic,keyword_calls,warm_run,1,0.001370125
1,tonic,keyword_calls,warm_run,2,0.001386125
1,tonic,keyword_calls,warm_run,3,0.001358292
1,tonic,keyword_calls,warm_run,4,0.001403916
1,tonic,keyword_calls,warm_run,5,0.001299958
1,tonic,keyword_calls,warm_run,6,0.001309833
1,tonic,keyword_calls,warm_run,7,0.001338375
1,tonic,keyword_calls,warm_run,8,0.001362542
1,tonic,keyword_calls,warm_run,9,0.00134725
1,tonic,keyword_calls,warm_run,10,0.00135025
1,tonic,keyword_calls,warm_run,11,0.001363375
1,tonic,keyword_calls,warm_run,12,0.00137575
1,tonic,keyword_calls,warm_run,13,0.001366041
1,tonic,keyword_calls,warm_run,14,0.001373875
1,tonic,keyword_calls,warm_run,15,0.001380708
1,tonic,keyword_calls,warm_run,16,0.001403833
1,tonic,keyword_calls,warm_run,17,0.00135725
1,tonic,keyword_calls,warm_run,18,0.00132775
1,tonic,keyword_calls,warm_run,19,0.001352666
1,tonic,keyword_calls,warm_run,20,0.001362459
1,tonic,keyword_calls,warm_run,21,0.001366416
1,tonic,keyword_calls,warm_run,22,0.001367583
1,tonic,keyword_calls,warm_run,23,0.001377541
1,tonic,keyword_calls,warm_run,24,0.001386875
1,tonic,keyword_calls,warm_run,25,0.001362791
1,tonic,keyword_calls,warm_run,26,0.001382458
1,tonic,keyword_calls,warm_run,27,0.001375083
1,tonic,keyword_calls,warm_run,28,0.0013895
1,tonic,keyword_calls,warm_run,29,0.001393375
1,tonic,dict_lookup,compile,0,1.6542e-05
1,tonic,dict_lookup,compile,1,2.1e-05
1,tonic,dict_lookup,compile,2,1.9875e-05
1,tonic,dict_lookup,compile,3,1.8875e-05
1,tonic,dict_lookup,compile,4,1.8875e-05
1,tonic,dict_lookup,compile,5,1.7042e-05
1,tonic,dict_lookup,compile,6,1.8666e-05
1,tonic,dict_lookup,compile,7,2.0417e-05
1,tonic,dict_lookup,compile,8,2.1e-05
1,tonic,dict_lookup,compile,9,2.0709e-05
1,tonic,dict_lookup,compile,10,2.0875e-05
1,tonic,dict_lookup,compile,11,2.075e-05
1,tonic,dict_lookup,compile,12,2.0875e-05
1,tonic,dict_lookup,compile,13,2.0875e-05
1,tonic,dict_lookup,compile,14,2.1208e-05
1,tonic,dict_lookup,compile,15,2.0833e-05
1,tonic,dict_lookup,compile,16,1.8291e-05
1,tonic,dict_lookup,compile,17,2.0625e-05
1,tonic,dict_lookup,compile,18,2.0625e-05
1,tonic,dict_lookup,compile,19,2.075e-05
1,tonic,dict_lookup,compile,20,2.0834e-05
1,tonic,dict_lookup,compile,21,1.9375e-05
1,tonic,dict_lookup,compile,22,1.8625e-05
1,tonic,dict_lookup,compile,23,1.8708e-05
1,tonic,dict_lookup,compile,24,1.6e-05
1,tonic,dict_lookup,compile,25,1.8792e-05
1,tonic,dict_lookup,compile,26,1.7667e-05
1,tonic,dict_lookup,compile,27,1.8666e-05
1,tonic,dict_lookup,compile,28,1.8875e-05
1,tonic,dict_lookup,compile,29,1.7917e-05
1,tonic,dict_lookup,warm_run,0,0.0009555
1,tonic,dict_lookup,warm_run,1,0.000965125
1,tonic,dict_lookup,warm_run,2,0.000973667
1,tonic,dict_lookup,warm_run,3,0.00096525
1,tonic,dict_lookup,warm_run,4,0.000962084
1,tonic,dict_lookup,warm_run,5,0.000963583
1,tonic,dict_lookup,warm_run,6,0.000982917
1,tonic,dict_lookup,warm_run,7,0.000969583
1,tonic,dict_lookup,warm_run,8,0.000968791
1,tonic,dict_lookup,warm_run,9,0.001047583
1,tonic,dict_lookup,warm_run,10,0.000965958
1,tonic,dict_lookup,warm_run,11,0.000981542
1,tonic,dict_lookup,warm_run,12,0.000968125
1,tonic,dict_lookup,warm_run,13,0.00097275
1,tonic,dict_lookup,warm_run,14,0.00096425
1,tonic,dict_lookup,warm_run,15,0.000981834
1,tonic,dict_lookup,warm_run,16,0.000989833
1,tonic,dict_lookup,warm_run,17,0.000987167
1,tonic,dict_lookup,warm_run,18,0.000976666
1,tonic,dict_lookup,warm_run,19,0.0009825
1,tonic,dict_lookup,warm_run,20,0.000985208
1,tonic,dict_lookup,warm_run,21,0.0009895
1,tonic,dict_lookup,warm_run,22,0.000991917
1,tonic,dict_lookup,warm_run,23,0.000972
1,tonic,dict_lookup,warm_run,24,0.000989667
1,tonic,dict_lookup,warm_run,25,0.000982292
1,tonic,dict_lookup,warm_run,26,0.00098625
1,tonic,dict_lookup,warm_run,27,0.000887584
1,tonic,dict_lookup,warm_run,28,0.000885833
1,tonic,dict_lookup,warm_run,29,0.000929792
1,tonic,dict_insert,compile,0,1.2125e-05
1,tonic,dict_insert,compile,1,1.5958e-05
1,tonic,dict_insert,compile,2,1.5417e-05
1,tonic,dict_insert,compile,3,1.4542e-05
1,tonic,dict_insert,compile,4,1.5541e-05
1,tonic,dict_insert,compile,5,1.525e-05
1,tonic,dict_insert,compile,6,1.2959e-05
1,tonic,dict_insert,compile,7,1.5292e-05
1,tonic,dict_insert,compile,8,1.4375e-05
1,tonic,dict_insert,compile,9,1.5083e-05
1,tonic,dict_insert,compile,10,1.5125e-05
1,tonic,dict_insert,compile,11,1.3916e-05
1,tonic,dict_insert,compile,12,1.1708e-05
1,tonic,dict_insert,compile,13,1.3875e-05
1,tonic,dict_insert,compile,14,1.1791e-05
1,tonic,dict_insert,compile,15,1.3709e-05
1,tonic,dict_insert,compile,16,1.2e-05
1,tonic,dict_insert,compile,17,1.375e-05
1,tonic,dict_insert,compile,18,1.1708e-05
1,tonic,dict_insert,compile,19,1.375e-05
1,tonic,dict_insert,compile,20,1.1875e-05
1,tonic,dict_insert,compile,21,1.375e-05
1,tonic,dict_insert,compile,22,1.1792e-05
1,tonic,dict_insert,compile,23,1.3875e-05
1,tonic,dict_insert,compile,24,1.1875e-05
1,tonic,dict_insert,compile,25,1.3791e-05
1,tonic,dict_insert,compile,26,1.1833e-05
1,tonic,dict_insert,compile,27,1.3792e-05
1,tonic,dict_insert,compile,28,1.1958e-05
1,tonic,dict_insert,compile,29,1.3667e-05
1,tonic,dict_insert,warm_run,0,0.001064166
1,tonic,dict_insert,warm_run,1,0.001076958
1,tonic,dict_insert,warm_run,2,0.0010685
1,tonic,dict_insert,warm_run,3,0.00107325
1,tonic,dict_insert,warm_run,4,0.001081625
1,tonic,dict_insert,warm_run,5,0.001115416
1,tonic,dict_insert,warm_run,6,0.000986541
1,tonic,dict_insert,warm_run,7,0.001009917
1,tonic,dict_insert,warm_run,8,0.00103375
1,tonic,dict_insert,warm_run,9,0.001052208
1,tonic,dict_insert,warm_run,10,0.001057125
1,tonic,dict_insert,warm_run,11,0.001041958
1,tonic,dict_insert,warm_run,12,0.001053834
1,tonic,dict_insert,warm_run,13,0.001056708
1,tonic,dict_insert,warm_run,14,0.001053625
1,tonic,dict_insert,warm_run,15,0.001059625
1,tonic,dict_insert,warm_run,16,0.001054208
1,tonic,dict_insert,warm_run,17,0.001060458
1,tonic,dict_insert,warm_run,18,0.0010585
1,tonic,dict_insert,warm_run,19,0.001089292
1,tonic,dict_insert,warm_run,20,0.001061042
1,tonic,dict_insert,warm_run,21,0.001134667
1,tonic,dict_insert,warm_run,22,0.0010655
1,tonic,dict_insert,warm_run,23,0.001066917
1,tonic,dict_insert,warm_run,24,0.001069833
1,tonic,dict_insert,warm_run,25,0.001070292
1,tonic,dict_insert,warm_run,26,0.001069208
1,tonic,dict_insert,warm_run,27,0.001074709
1,tonic,dict_insert,warm_run,28,0.001060291
1,tonic,dict_insert,warm_run,29,0.001080958
1,tonic,attribute_load,compile,0,1.5292e-05
1,tonic,attribute_load,compile,1,1.9625e-05
1,tonic,attribute_load,compile,2,1.9583e-05
1,tonic,attribute_load,compile,3,1.9459e-05
1,tonic,attribute_load,compile,4,1.9333e-05
1,tonic,attribute_load,compile,5,1.9625e-05
1,tonic,attribute_load,compile,6,1.9583e-05
1,tonic,attribute_load,compile,7,1.8041e-05
1,tonic,attribute_load,compile,8,1.9291e-05
1,tonic,attribute_load,compile,9,1.925e-05
1,tonic,attribute_load,compile,10,1.7375e-05
1,tonic,attribute_load,compile,11,1.5959e-05
1,tonic,attribute_load,compile,12,1.7542e-05
1,tonic,attribute_load,compile,13,1.7458e-05
1,tonic,attribute_load,compile,14,1.625e-05
1,tonic,attribute_load,compile,15,1.7333e-05
1,tonic,attribute_load,compile,16,1.75e-05
1,tonic,attribute_load,compile,17,1.6334e-05
1,tonic,attribute_load,compile,18,1.75e-05
1,tonic,attribute_load,compile,19,1.7417e-05
1,tonic,attribute_load,compile,20,1.6666e-05
1,tonic,attribute_load,compile,21,1.8958e-05
1,tonic,attribute_load,compile,22,1.9333e-05
1,tonic,attribute_load,compile,23,1.9083e-05
1,tonic,attribute_load,compile,24,1.9167e-05
1,tonic,attribute_load,compile,25,1.6834e-05
1,tonic,attribute_load,compile,26,1.9166e-05
1,tonic,attribute_load,compile,27,1.9334e-05
1,tonic,attribute_load,compile,28,1.9292e-05
1,tonic,attribute_load,compile,29,1.9333e-05
1,tonic,attribute_load,warm_run,0,0.000831583
1,tonic,attribute_load,warm_run,1,0.000843834
1,tonic,attribute_load,warm_run,2,0.000787791
1,tonic,attribute_load,warm_run,3,0.000808875
1,tonic,attribute_load,warm_run,4,0.000839166
1,tonic,attribute_load,warm_run,5,0.000839334
1,tonic,attribute_load,warm_run,6,0.000839
1,tonic,attribute_load,warm_run,7,0.000830917
1,tonic,attribute_load,warm_run,8,0.00083875
1,tonic,attribute_load,warm_run,9,0.000853
1,tonic,attribute_load,warm_run,10,0.000858583
1,tonic,attribute_load,warm_run,11,0.000850375
1,tonic,attribute_load,warm_run,12,0.000845334
1,tonic,attribute_load,warm_run,13,0.000853833
1,tonic,attribute_load,warm_run,14,0.00084725
1,tonic,attribute_load,warm_run,15,0.0008435
1,tonic,attribute_load,warm_run,16,0.000857666
1,tonic,attribute_load,warm_run,17,0.000851667
1,tonic,attribute_load,warm_run,18,0.000845708
1,tonic,attribute_load,warm_run,19,0.000833042
1,tonic,attribute_load,warm_run,20,0.000845542
1,tonic,attribute_load,warm_run,21,0.000884625
1,tonic,attribute_load,warm_run,22,0.000844958
1,tonic,attribute_load,warm_run,23,0.000851084
1,tonic,attribute_load,warm_run,24,0.0008545
1,tonic,attribute_load,warm_run,25,0.000853292
1,tonic,attribute_load,warm_run,26,0.000852875
1,tonic,attribute_load,warm_run,27,0.000854916
1,tonic,attribute_load,warm_run,28,0.0008575
1,tonic,attribute_load,warm_run,29,0.000834917
1,tonic,bound_method_calls,compile,0,1.8083e-05
1,tonic,bound_method_calls,compile,1,2.3292e-05
1,tonic,bound_method_calls,compile,2,2.2667e-05
1,tonic,bound_method_calls,compile,3,2.0792e-05
1,tonic,bound_method_calls,compile,4,2.0708e-05
1,tonic,bound_method_calls,compile,5,2.0625e-05
1,tonic,bound_method_calls,compile,6,2.0792e-05
1,tonic,bound_method_calls,compile,7,1.825e-05
1,tonic,bound_method_calls,compile,8,2.1292e-05
1,tonic,bound_method_calls,compile,9,2.1875e-05
1,tonic,bound_method_calls,compile,10,2.2916e-05
1,tonic,bound_method_calls,compile,11,2.3167e-05
1,tonic,bound_method_calls,compile,12,2.2875e-05
1,tonic,bound_method_calls,compile,13,2.2709e-05
1,tonic,bound_method_calls,compile,14,2.275e-05
1,tonic,bound_method_calls,compile,15,2.2875e-05
1,tonic,bound_method_calls,compile,16,2.3042e-05
1,tonic,bound_method_calls,compile,17,2.2833e-05
1,tonic,bound_method_calls,compile,18,2.3e-05
1,tonic,bound_method_calls,compile,19,2.2416e-05
1,tonic,bound_method_calls,compile,20,2.075e-05
1,tonic,bound_method_calls,compile,21,1.875e-05
1,tonic,bound_method_calls,compile,22,2.075e-05
1,tonic,bound_method_calls,compile,23,1.825e-05
1,tonic,bound_method_calls,compile,24,2.0916e-05
1,tonic,bound_method_calls,compile,25,2.7792e-05
1,tonic,bound_method_calls,compile,26,2.0875e-05
1,tonic,bound_method_calls,compile,27,1.9125e-05
1,tonic,bound_method_calls,compile,28,2.0541e-05
1,tonic,bound_method_calls,compile,29,2.0875e-05
1,tonic,bound_method_calls,warm_run,0,0.00173175
1,tonic,bound_method_calls,warm_run,1,0.001713666
1,tonic,bound_method_calls,warm_run,2,0.001759959
1,tonic,bound_method_calls,warm_run,3,0.001716875
1,tonic,bound_method_calls,warm_run,4,0.001752667
1,tonic,bound_method_calls,warm_run,5,0.001736708
1,tonic,bound_method_calls,warm_run,6,0.001731
1,tonic,bound_method_calls,warm_run,7,0.001754708
1,tonic,bound_method_calls,warm_run,8,0.001794667
1,tonic,bound_method_calls,warm_run,9,0.001731625
1,tonic,bound_method_calls,warm_run,10,0.001703584
1,tonic,bound_method_calls,warm_run,11,0.001762375
1,tonic,bound_method_calls,warm_run,12,0.001709333
1,tonic,bound_method_calls,warm_run,13,0.001755583
1,tonic,bound_method_calls,warm_run,14,0.001727833
1,tonic,bound_method_calls,warm_run,15,0.001737125
1,tonic,bound_method_calls,warm_run,16,0.001759708
1,tonic,bound_method_calls,warm_run,17,0.001789708
1,tonic,bound_method_calls,warm_run,18,0.001735834
1,tonic,bound_method_calls,warm_run,19,0.001697459
1,tonic,bound_method_calls,warm_run,20,0.001755417
1,tonic,bound_method_calls,warm_run,21,0.0017135
1,tonic,bound_method_calls,warm_run,22,0.00174925
1,tonic,bound_method_calls,warm_run,23,0.00174075
1,tonic,bound_method_calls,warm_run,24,0.001737
1,tonic,bound_method_calls,warm_run,25,0.001748583
1,tonic,bound_method_calls,warm_run,26,0.001771
1,tonic,bound_method_calls,warm_run,27,0.001620209
1,tonic,bound_method_calls,warm_run,28,0.001627959
1,tonic,bound_method_calls,warm_run,29,0.001715917
1,tonic,descriptor_load,compile,0,2.1792e-05
1,tonic,descriptor_load,compile,1,2.8125e-05
1,tonic,descriptor_load,compile,2,2.6916e-05
1,tonic,descriptor_load,compile,3,2.6875e-05
1,tonic,descriptor_load,compile,4,2.7083e-05
1,tonic,descriptor_load,compile,5,2.6917e-05
1,tonic,descriptor_load,compile,6,2.7209e-05
1,tonic,descriptor_load,compile,7,2.7833e-05
1,tonic,descriptor_load,compile,8,2.5541e-05
1,tonic,descriptor_load,compile,9,2.5041e-05
1,tonic,descriptor_load,compile,10,2.4916e-05
1,tonic,descriptor_load,compile,11,2.5e-05
1,tonic,descriptor_load,compile,12,2.4917e-05
1,tonic,descriptor_load,compile,13,2.525e-05
1,tonic,descriptor_load,compile,14,2.5167e-05
1,tonic,descriptor_load,compile,15,2.475e-05
1,tonic,descriptor_load,compile,16,2.4791e-05
1,tonic,descriptor_load,compile,17,2.4792e-05
1,tonic,descriptor_load,compile,18,2.4916e-05
1,tonic,descriptor_load,compile,19,2.4917e-05
1,tonic,descriptor_load,compile,20,2.4833e-05
1,tonic,descriptor_load,compile,21,2.4792e-05
1,tonic,descriptor_load,compile,22,2.5208e-05
1,tonic,descriptor_load,compile,23,2.4875e-05
1,tonic,descriptor_load,compile,24,2.5125e-05
1,tonic,descriptor_load,compile,25,2.475e-05
1,tonic,descriptor_load,compile,26,2.4833e-05
1,tonic,descriptor_load,compile,27,2.4958e-05
1,tonic,descriptor_load,compile,28,2.5125e-05
1,tonic,descriptor_load,compile,29,2.5e-05
1,tonic,descriptor_load,warm_run,0,0.002067625
1,tonic,descriptor_load,warm_run,1,0.002075208
1,tonic,descriptor_load,warm_run,2,0.0020855
1,tonic,descriptor_load,warm_run,3,0.002078125
1,tonic,descriptor_load,warm_run,4,0.002072
1,tonic,descriptor_load,warm_run,5,0.002127834
1,tonic,descriptor_load,warm_run,6,0.002125709
1,tonic,descriptor_load,warm_run,7,0.00208525
1,tonic,descriptor_load,warm_run,8,0.001940334
1,tonic,descriptor_load,warm_run,9,0.002047375
1,tonic,descriptor_load,warm_run,10,0.002031917
1,tonic,descriptor_load,warm_run,11,0.002011959
1,tonic,descriptor_load,warm_run,12,0.002079375
1,tonic,descriptor_load,warm_run,13,0.002060375
1,tonic,descriptor_load,warm_run,14,0.002030792
1,tonic,descriptor_load,warm_run,15,0.002118041
1,tonic,descriptor_load,warm_run,16,0.001967792
1,tonic,descriptor_load,warm_run,17,0.001999541
1,tonic,descriptor_load,warm_run,18,0.002044625
1,tonic,descriptor_load,warm_run,19,0.002023083
1,tonic,descriptor_load,warm_run,20,0.0020355
1,tonic,descriptor_load,warm_run,21,0.002040916
1,tonic,descriptor_load,warm_run,22,0.002045667
1,tonic,descriptor_load,warm_run,23,0.0020905
1,tonic,descriptor_load,warm_run,24,0.002003333
1,tonic,descriptor_load,warm_run,25,0.002124708
1,tonic,descriptor_load,warm_run,26,0.002108
1,tonic,descriptor_load,warm_run,27,0.002126208
1,tonic,descriptor_load,warm_run,28,0.002124416
1,tonic,descriptor_load,warm_run,29,0.002128792
1,tonic,super_calls,compile,0,2.5292e-05
1,tonic,super_calls,compile,1,3.0333e-05
1,tonic,super_calls,compile,2,3.025e-05
1,tonic,super_calls,compile,3,2.8792e-05
1,tonic,super_calls,compile,4,2.8292e-05
1,tonic,super_calls,compile,5,2.825e-05
1,tonic,super_calls,compile,6,2.8375e-05
1,tonic,super_calls,compile,7,2.8167e-05
1,tonic,super_calls,compile,8,2.7958e-05
1,tonic,super_calls,compile,9,2.8334e-05
1,tonic,super_calls,compile,10,3.0584e-05
1,tonic,super_calls,compile,11,3.1416e-05
1,tonic,super_calls,compile,12,3.0417e-05
1,tonic,super_calls,compile,13,3.0208e-05
1,tonic,super_calls,compile,14,3.025e-05
1,tonic,super_calls,compile,15,3.0584e-05
1,tonic,super_calls,compile,16,3.0292e-05
1,tonic,super_calls,compile,17,3.0333e-05
1,tonic,super_calls,compile,18,3.0125e-05
1,tonic,super_calls,compile,19,3.1958e-05
1,tonic,super_calls,compile,20,2.9e-05
1,tonic,super_calls,compile,21,2.8125e-05
1,tonic,super_calls,compile,22,2.8458e-05
1,tonic,super_calls,compile,23,2.9e-05
1,tonic,super_calls,compile,24,2.825e-05
1,tonic,super_calls,compile,25,2.825e-05
1,tonic,super_calls,compile,26,2.825e-05
1,tonic,super_calls,compile,27,3.0166e-05
1,tonic,super_calls,compile,28,2.6833e-05
1,tonic,super_calls,compile,29,3.0209e-05
1,tonic,super_calls,warm_run,0,0.003218542
1,tonic,super_calls,warm_run,1,0.003550292
1,tonic,super_calls,warm_run,2,0.003542958
1,tonic,super_calls,warm_run,3,0.003475416
1,tonic,super_calls,warm_run,4,0.003618917
1,tonic,super_calls,warm_run,5,0.003611083
1,tonic,super_calls,warm_run,6,0.003537
1,tonic,super_calls,warm_run,7,0.003532792
1,tonic,super_calls,warm_run,8,0.00353175
1,tonic,super_calls,warm_run,9,0.003275375
1,tonic,super_calls,warm_run,10,0.003446458
1,tonic,super_calls,warm_run,11,0.003405459
1,tonic,super_calls,warm_run,12,0.003343209
1,tonic,super_calls,warm_run,13,0.003472792
1,tonic,super_calls,warm_run,14,0.00351025
1,tonic,super_calls,warm_run,15,0.003391583
1,tonic,super_calls,warm_run,16,0.003438917
1,tonic,super_calls,warm_run,17,0.003506333
1,tonic,super_calls,warm_run,18,0.003404125
1,tonic,super_calls,warm_run,19,0.003420875
1,tonic,super_calls,warm_run,20,0.003416
1,tonic,super_calls,warm_run,21,0.003445625
1,tonic,super_calls,warm_run,22,0.003546834
1,tonic,super_calls,warm_run,23,0.0034945
1,tonic,super_calls,warm_run,24,0.003334625
1,tonic,super_calls,warm_run,25,0.003473583
1,tonic,super_calls,warm_run,26,0.003512834
1,tonic,super_calls,warm_run,27,0.003363792
1,tonic,super_calls,warm_run,28,0.003448084
1,tonic,super_calls,warm_run,29,0.003411625
1,cpython,attribute_load,compile,0,1.750001683831215e-05
1,cpython,attribute_load,compile,1,1.8084014300256968e-05
1,cpython,attribute_load,compile,2,1.745900954119861e-05
1,cpython,attribute_load,compile,3,1.7332989955320954e-05
1,cpython,attribute_load,compile,4,1.720900763757527e-05
1,cpython,attribute_load,compile,5,1.7166981706395745e-05
1,cpython,attribute_load,compile,6,1.704200985841453e-05
1,cpython,attribute_load,compile,7,1.6874982975423336e-05
1,cpython,attribute_load,compile,8,1.704200985841453e-05
1,cpython,attribute_load,compile,9,1.7082988051697612e-05
1,cpython,attribute_load,compile,10,1.7000013031065464e-05
1,cpython,attribute_load,compile,11,1.695798709988594e-05
1,cpython,attribute_load,compile,12,1.691601937636733e-05
1,cpython,attribute_load,compile,13,1.7207989003509283e-05
1,cpython,attribute_load,compile,14,1.6874982975423336e-05
1,cpython,attribute_load,compile,15,1.6875012079253793e-05
1,cpython,attribute_load,compile,16,1.6915990272536874e-05
1,cpython,attribute_load,compile,17,1.7125013982877135e-05
1,cpython,attribute_load,compile,18,1.683298614807427e-05
1,cpython,attribute_load,compile,19,1.7041020328179002e-05
1,cpython,attribute_load,compile,20,1.6874982975423336e-05
1,cpython,attribute_load,compile,21,1.733301905915141e-05
1,cpython,attribute_load,compile,22,1.6915990272536874e-05
1,cpython,attribute_load,compile,23,1.6833015251904726e-05
1,cpython,attribute_load,compile,24,1.7082988051697612e-05
1,cpython,attribute_load,compile,25,1.750001683831215e-05
1,cpython,attribute_load,compile,26,1.6834004782140255e-05
1,cpython,attribute_load,compile,27,1.704200985841453e-05
1,cpython,attribute_load,compile,28,1.6916979802772403e-05
1,cpython,attribute_load,compile,29,1.7332989955320954e-05
1,cpython,attribute_load,warm_run,0,0.0005442909896373749
1,cpython,attribute_load,warm_run,1,0.0005558330158237368
1,cpython,attribute_load,warm_run,2,0.0005427919968497008
1,cpython,attribute_load,warm_run,3,0.0005433750047814101
1,cpython,attribute_load,warm_run,4,0.0005431250028777868
1,cpython,attribute_load,warm_run,5,0.0005368749843910336
1,cpython,attribute_load,warm_run,6,0.000538958003744483
1,cpython,attribute_load,warm_run,7,0.0005487920134328306
1,cpython,attribute_load,warm_run,8,0.0005414580227807164
1,cpython,attribute_load,warm_run,9,0.0005492079944815487
1,cpython,attribute_load,warm_run,10,0.0005484579887706786
1,cpython,attribute_load,warm_run,11,0.0005771669966634363
1,cpython,attribute_load,warm_run,12,0.0005505000008270144
1,cpython,attribute_load,warm_run,13,0.000549082993529737
1,cpython,attribute_load,warm_run,14,0.000551959004951641
1,cpython,attribute_load,warm_run,15,0.0005491249903570861
1,cpython,attribute_load,warm_run,16,0.0005542080034501851
1,cpython,attribute_load,warm_run,17,0.000622583000222221
1,cpython,attribute_load,warm_run,18,0.0005475830112118274
1,cpython,attribute_load,warm_run,19,0.0005540000274777412
1,cpython,attribute_load,warm_run,20,0.0005562500155065209
1,cpython,attribute_load,warm_run,21,0.00055383300059475
1,cpython,attribute_load,warm_run,22,0.0005540419952012599
1,cpython,attribute_load,warm_run,23,0.0005541249993257225
1,cpython,attribute_load,warm_run,24,0.0005539999983739108
1,cpython,attribute_load,warm_run,25,0.000555957987671718
1,cpython,attribute_load,warm_run,26,0.000553791003767401
1,cpython,attribute_load,warm_run,27,0.00055383300059475
1,cpython,attribute_load,warm_run,28,0.0005705000075977296
1,cpython,attribute_load,warm_run,29,0.0005558329867199063
1,cpython,bound_method_calls,compile,0,2.5040993932634592e-05
1,cpython,bound_method_calls,compile,1,2.4832988856360316e-05
1,cpython,bound_method_calls,compile,2,2.5042012566700578e-05
1,cpython,bound_method_calls,compile,3,2.462498378008604e-05
1,cpython,bound_method_calls,compile,4,2.4667009711265564e-05
1,cpython,bound_method_calls,compile,5,2.3667002096772194e-05
1,cpython,bound_method_calls,compile,6,2.237502485513687e-05
1,cpython,bound_method_calls,compile,7,2.245799987576902e-05
1,cpython,bound_method_calls,compile,8,2.491599298082292e-05
1,cpython,bound_method_calls,compile,9,2.4708017008379102e-05
1,cpython,bound_method_calls,compile,10,2.4749984731897712e-05
1,cpython,bound_method_calls,compile,11,2.4500011932104826e-05
1,cpython,bound_method_calls,compile,12,2.441700780764222e-05
1,cpython,bound_method_calls,compile,13,2.4708017008379102e-05
1,cpython,bound_method_calls,compile,14,2.4667009711265564e-05
1,cpython,bound_method_calls,compile,15,2.4542008759453893e-05
1,cpython,bound_method_calls,compile,16,2.4957989808171988e-05
1,cpython,bound_method_calls,compile,17,2.4667009711265564e-05
1,cpython,bound_method_calls,compile,18,2.4625012883916497e-05
1,cpython,bound_method_calls,compile,19,2.4540990125387907e-05
1,cpython,bound_method_calls,compile,20,2.4375010980293155e-05
1,cpython,bound_method_calls,compile,21,2.5374989490956068e-05
1,cpython,bound_method_calls,compile,22,2.4708017008379102e-05
1,cpython,bound_method_calls,compile,23,2.4500011932104826e-05
1,cpython,bound_method_calls,compile,24,2.4999986635521054e-05
1,cpython,bound_method_calls,compile,25,2.4625012883916497e-05
1,cpython,bound_method_calls,compile,26,2.3707980290055275e-05
1,cpython,bound_method_calls,compile,27,2.258399035781622e-05
1,cpython,bound_method_calls,compile,28,2.4500011932104826e-05
1,cpython,bound_method_calls,compile,29,2.4707987904548645e-05
1,cpython,bound_method_calls,warm_run,0,0.0007171250181272626
1,cpython,bound_method_calls,warm_run,1,0.0007302090234588832
1,cpython,bound_method_calls,warm_run,2,0.0006903749890625477
1,cpython,bound_method_calls,warm_run,3,0.0006285420095082372
1,cpython,bound_method_calls,warm_run,4,0.0007330829976126552
1,cpython,bound_method_calls,warm_run,5,0.0006569580000359565
1,cpython,bound_method_calls,warm_run,6,0.001971541001694277
1,cpython,bound_method_calls,warm_run,7,0.0007005409861449152
1,cpython,bound_method_calls,warm_run,8,0.0006949170201551169
1,cpython,bound_method_calls,warm_run,9,0.0007103750249370933
1,cpython,bound_method_calls,warm_run,10,0.0007050409913063049
1,cpython,bound_method_calls,warm_run,11,0.0006969170062802732
1,cpython,bound_method_calls,warm_run,12,0.0007018750184215605
1,cpython,bound_method_calls,warm_run,13,0.0007081250078044832
1,cpython,bound_method_calls,warm_run,14,0.0007037499744910747
1,cpython,bound_method_calls,warm_run,15,0.0007068749982863665
1,cpython,bound_method_calls,warm_run,16,0.0007177080260589719
1,cpython,bound_method_calls,warm_run,17,0.0007081670046318322
1,cpython,bound_method_calls,warm_run,18,0.0007164580165408552
1,cpython,bound_method_calls,warm_run,19,0.0007195419748313725
1,cpython,bound_method_calls,warm_run,20,0.0007122910174075514
1,cpython,bound_method_calls,warm_run,21,0.0007093329913914204
1,cpython,bound_method_calls,warm_run,22,0.0007089580176398158
1,cpython,bound_method_calls,warm_run,23,0.0007218329992610961
1,cpython,bound_method_calls,warm_run,24,0.0007084999815560877
1,cpython,bound_method_calls,warm_run,25,0.0007102500239852816
1,cpython,bound_method_calls,warm_run,26,0.0007065419922582805
1,cpython,bound_method_calls,warm_run,27,0.0007200840045697987
1,cpython,bound_method_calls,warm_run,28,0.0007112500024959445
1,cpython,bound_method_calls,warm_run,29,0.000705457990989089
1,cpython,closure_calls,compile,0,2.6374997105449438e-05
1,cpython,closure_calls,compile,1,2.633300027810037e-05
1,cpython,closure_calls,compile,2,2.6458001229912043e-05
1,cpython,closure_calls,compile,3,2.5957997422665358e-05
1,cpython,closure_calls,compile,4,2.5832996470853686e-05
1,cpython,closure_calls,compile,5,2.566599869169295e-05
1,cpython,closure_calls,compile,6,2.549999044276774e-05
1,cpython,closure_calls,compile,7,2.5749992346391082e-05
1,cpython,closure_calls,compile,8,2.562499139457941e-05
1,cpython,closure_calls,compile,9,2.5667017325758934e-05
1,cpython,closure_calls,compile,10,2.5457993615418673e-05
1,cpython,closure_calls,compile,11,2.5541987270116806e-05
1,cpython,closure_calls,compile,12,2.541701542213559e-05
1,cpython,closure_calls,compile,13,2.5874993298202753e-05
1,cpython,closure_calls,compile,14,2.5582994567230344e-05
1,cpython,closure_calls,compile,15,2.5375018594786525e-05
1,cpython,closure_calls,compile,16,2.541701542213559e-05
1,cpython,closure_calls,compile,17,2.449998282827437e-05
1,cpython,closure_calls,compile,18,2.300000051036477e-05
1,cpython,closure_calls,compile,19,2.3083004634827375e-05
1,cpython,closure_calls,compile,20,2.2833002731204033e-05
1,cpython,closure_calls,compile,21,2.4125009076669812e-05
1,cpython,closure_calls,compile,22,2.5332992663607e-05
1,cpython,closure_calls,compile,23,2.5333021767437458e-05
1,cpython,closure_calls,compile,24,2.5332992663607e-05
1,cpython,closure_calls,compile,25,2.562499139457941e-05
1,cpython,closure_calls,compile,26,2.5582994567230344e-05
1,cpython,closure_calls,compile,27,2.5416986318305135e-05
1,cpython,closure_calls,compile,28,2.5541987270116806e-05
1,cpython,closure_calls,compile,29,2.541701542213559e-05
1,cpython,closure_calls,warm_run,0,0.0005590000073425472
1,cpython,closure_calls,warm_run,1,0.0005732080026064068
1,cpython,closure_calls,warm_run,2,0.0005622910102829337
1,cpython,closure_calls,warm_run,3,0.0005847080028615892
1,cpython,closure_calls,warm_run,4,0.0005634579865727574
1,cpython,closure_calls,warm_run,5,0.0005583750025834888
1,cpython,closure_calls,warm_run,6,0.0005729999975301325
1,cpython,closure_calls,warm_run,7,0.0005661250033881515
1,cpython,closure_calls,warm_run,8,0.000571833981666714
1,cpython,closure_calls,warm_run,9,0.0005723749927710742
1,cpython,closure_calls,warm_run,10,0.0005509170005097985
1,cpython,closure_calls,warm_run,11,0.0005743750080000609
1,cpython,closure_calls,warm_run,12,0.0005974999803584069
1,cpython,closure_calls,warm_run,13,0.000558541010832414
1,cpython,closure_calls,warm_run,14,0.000559959007659927
1,cpython,closure_calls,warm_run,15,0.0005845830019097775
1,cpython,closure_calls,warm_run,16,0.0005614580004476011
1,cpython,closure_calls,warm_run,17,0.0005859579832758754
1,cpython,closure_calls,warm_run,18,0.0005623750039376318
1,cpython,closure_calls,warm_run,19,0.000559957989025861
1,cpython,closure_calls,warm_run,20,0.0005872909969184548
1,cpython,closure_calls,warm_run,21,0.0005832089809700847
1,cpython,closure_calls,warm_run,22,0.0005927089951001108
1,cpython,closure_calls,warm_run,23,0.0005683339841198176
1,cpython,closure_calls,warm_run,24,0.0005776250036433339
1,cpython,closure_calls,warm_run,25,0.0005835829942952842
1,cpython,closure_calls,warm_run,26,0.0005595410184469074
1,cpython,closure_calls,warm_run,27,0.0006038330029696226
1,cpython,closure_calls,warm_run,28,0.0005876249924767762
1,cpython,closure_calls,warm_run,29,0.0005892080080229789
1,cpython,descriptor_load,compile,0,3.262498648837209e-05
1,cpython,descriptor_load,compile,1,3.2499985536560416e-05
1,cpython,descriptor_load,compile,2,3.258301876485348e-05
1,cpython,descriptor_load,compile,3,3.2499985536560416e-05
1,cpython,descriptor_load,compile,4,3.245798870921135e-05
1,cpython,descriptor_load,compile,5,3.229198046028614e-05
1,cpython,descriptor_load,compile,6,3.225001273676753e-05
1,cpython,descriptor_load,compile,7,3.183301305398345e-05
1,cpython,descriptor_load,compile,8,2.970799687318504e-05
1,cpython,descriptor_load,compile,9,3.100000321865082e-05
1,cpython,descriptor_load,compile,10,3.258298966102302e-05
1,cpython,descriptor_load,compile,11,3.2042007660493255e-05
1,cpython,descriptor_load,compile,12,3.258298966102302e-05
1,cpython,descriptor_load,compile,13,3.283299156464636e-05
1,cpython,descriptor_load,compile,14,3.258298966102302e-05
1,cpython,descriptor_load,compile,15,3.2249983632937074e-05
1,cpython,descriptor_load,compile,16,3.245798870921135e-05
1,cpython,descriptor_load,compile,17,3.199998172931373e-05
1,cpython,descriptor_load,compile,18,3.241701051592827e-05
1,cpython,descriptor_load,compile,19,3.229198046028614e-05
1,cpython,descriptor_load,compile,20,3.22920095641166e-05
1,cpython,descriptor_load,compile,21,3.245798870921135e-05
1,cpython,descriptor_load,compile,22,3.254201146773994e-05
1,cpython,descriptor_load,compile,23,3.0000024707987905e-05
1,cpython,descriptor_load,compile,24,2.9166985768824816e-05
1,cpython,descriptor_load,compile,25,3.208301495760679e-05
1,cpython,descriptor_load,compile,26,3.233298775739968e-05
1,cpython,descriptor_load,compile,27,3.23750136885792e-05
1,cpython,descriptor_load,compile,28,3.216697950847447e-05
1,cpython,descriptor_load,compile,29,3.225001273676753e-05
1,cpython,descriptor_load,warm_run,0,0.0008806669793557376
1,cpython,descriptor_load,warm_run,1,0.0008235420100390911
1,cpython,descriptor_load,warm_run,2,0.0007442500209435821
1,cpython,descriptor_load,warm_run,3,0.0007746249902993441
1,cpython,descriptor_load,warm_run,4,0.0007937919872347265
1,cpython,descriptor_load,warm_run,5,0.0007991660095285624
1,cpython,descriptor_load,warm_run,6,0.0008130829955916852
1,cpython,descriptor_load,warm_run,7,0.0008011250174604356
1,cpython,descriptor_load,warm_run,8,0.0008231669780798256
1,cpython,descriptor_load,warm_run,9,0.0007871669949963689
1,cpython,descriptor_load,warm_run,10,0.0008286669908557087
1,cpython,descriptor_load,warm_run,11,0.0008222500036936253
1,cpython,descriptor_load,warm_run,12,0.000819791981484741
1,cpython,descriptor_load,warm_run,13,0.0008331659773830324
1,cpython,descriptor_load,warm_run,14,0.0008206659986171871
1,cpython,descriptor_load,warm_run,15,0.0008207499922718853
1,cpython,descriptor_load,warm_run,16,0.0008208329963963479
1,cpython,descriptor_load,warm_run,17,0.0008199579897336662
1,cpython,descriptor_load,warm_run,18,0.0008416670025326312
1,cpython,descriptor_load,warm_run,19,0.0008161250152625144
1,cpython,descriptor_load,warm_run,20,0.0008232090040110052
1,cpython,descriptor_load,warm_run,21,0.0008420420053880662
1,cpython,descriptor_load,warm_run,22,0.0008184590260498226
1,cpython,descriptor_load,warm_run,23,0.0008277500164695084
1,cpython,descriptor_load,warm_run,24,0.0008361669897567481
1,cpython,descriptor_load,warm_run,25,0.0008438329969067127
1,cpython,descriptor_load,warm_run,26,0.00082562500028871
1,cpython,descriptor_load,warm_run,27,0.0008244159980677068
1,cpython,descriptor_load,warm_run,28,0.0008374580065719783
1,cpython,descriptor_load,warm_run,29,0.0008249999955296516
1,cpython,dict_insert,compile,0,1.4124991139397025e-05
1,cpython,dict_insert,compile,1,1.4165998436510563e-05
1,cpython,dict_insert,compile,2,1.4124991139397025e-05
1,cpython,dict_insert,compile,3,1.400001929141581e-05
1,cpython,dict_insert,compile,4,1.391698606312275e-05
1,cpython,dict_insert,compile,5,1.3957993360236287e-05
1,cpython,dict_insert,compile,6,1.400001929141581e-05
1,cpython,dict_insert,compile,7,1.3958982890471816e-05
1,cpython,dict_insert,compile,8,1.4083983842283487e-05
1,cpython,dict_insert,compile,9,1.3959011994302273e-05
1,cpython,dict_insert,compile,10,1.3958982890471816e-05
1,cpython,dict_insert,compile,11,1.3791985111311078e-05
1,cpython,dict_insert,compile,12,1.400001929141581e-05
1,cpython,dict_insert,compile,13,1.5457975678145885e-05
1,cpython,dict_insert,compile,14,1.4374993043020368e-05
1,cpython,dict_insert,compile,15,1.404198701493442e-05
1,cpython,dict_insert,compile,16,1.4040997484698892e-05
1,cpython,dict_insert,compile,17,1.4040997484698892e-05
1,cpython,dict_insert,compile,18,1.3874989235773683e-05
1,cpython,dict_insert,compile,19,1.400001929141581e-05
1,cpython,dict_insert,compile,20,1.3833021512255073e-05
1,cpython,dict_insert,compile,21,1.3832992408424616e-05
1,cpython,dict_insert,compile,22,1.3957993360236287e-05
1,cpython,dict_insert,compile,23,1.3917015166953206e-05
1,cpython,dict_insert,compile,24,1.3708980986848474e-05
1,cpython,dict_insert,compile,25,1.3832992408424616e-05
1,cpython,dict_insert,compile,26,1.3791985111311078e-05
1,cpython,dict_insert,compile,27,1.3832992408424616e-05
1,cpython,dict_insert,compile,28,1.3833021512255073e-05
1,cpython,dict_insert,compile,29,1.3874989235773683e-05
1,cpython,dict_insert,warm_run,0,0.0005392080056481063
1,cpython,dict_insert,warm_run,1,0.0005398750072345138
1,cpython,dict_insert,warm_run,2,0.0005395830085035414
1,cpython,dict_insert,warm_run,3,0.0005419579974841326
1,cpython,dict_insert,warm_run,4,0.0005296659946907312
1,cpython,dict_insert,warm_run,5,0.0005413329927250743
1,cpython,dict_insert,warm_run,6,0.0005408340075518936
1,cpython,dict_insert,warm_run,7,0.000542209018021822
1,cpython,dict_insert,warm_run,8,0.0005404170078691095
1,cpython,dict_insert,warm_run,9,0.0005480839754454792
1,cpython,dict_insert,warm_run,10,0.0005236249999143183
1,cpython,dict_insert,warm_run,11,0.0005031659966334701
1,cpython,dict_insert,warm_run,12,0.0004871250130236149
1,cpython,dict_insert,warm_run,13,0.0005406670097727329
1,cpython,dict_insert,warm_run,14,0.000526624993653968
1,cpython,dict_insert,warm_run,15,0.000524458009749651
1,cpython,dict_insert,warm_run,16,0.0005243339983280748
1,cpython,dict_insert,warm_run,17,0.0005398330104071647
1,cpython,dict_insert,warm_run,18,0.000541082990821451
1,cpython,dict_insert,warm_run,19,0.0005352500011213124
1,cpython,dict_insert,warm_run,20,0.0005370419821701944
1,cpython,dict_insert,warm_run,21,0.0005372919840738177
1,cpython,dict_insert,warm_run,22,0.000540458015166223
1,cpython,dict_insert,warm_run,23,0.0005220839811954647
1,cpython,dict_insert,warm_run,24,0.0005395000043790787
1,cpython,dict_insert,warm_run,25,0.0005420829984359443
1,cpython,dict_insert,warm_run,26,0.0005417919892352074
1,cpython,dict_insert,warm_run,27,0.0005272499984130263
1,cpython,dict_insert,warm_run,28,0.0005253340059425682
1,cpython,dict_insert,warm_run,29,0.0005415840132627636
1,cpython,dict_lookup,compile,0,1.7417012713849545e-05
1,cpython,dict_lookup,compile,1,1.724998583085835e-05
1,cpython,dict_lookup,compile,2,1.7292011762037873e-05
1,cpython,dict_lookup,compile,3,1.724998583085835e-05
1,cpython,dict_lookup,compile,4,1.720900763757527e-05
1,cpython,dict_lookup,compile,5,1.7166981706395745e-05
1,cpython,dict_lookup,compile,6,1.7250014934688807e-05
1,cpython,dict_lookup,compile,7,1.712498487904668e-05
1,cpython,dict_lookup,compile,8,1.708301715552807e-05
1,cpython,dict_lookup,compile,9,1.7165992176160216e-05
1,cpython,dict_lookup,compile,10,1.7125013982877135e-05
1,cpython,dict_lookup,compile,11,1.7457990907132626e-05
1,cpython,dict_lookup,compile,12,1.708301715552807e-05
1,cpython,dict_lookup,compile,13,1.6874982975423336e-05
1,cpython,dict_lookup,compile,14,1.708301715552807e-05
1,cpython,dict_lookup,compile,15,1.6040983609855175e-05
1,cpython,dict_lookup,compile,16,1.541702658869326e-05
1,cpython,dict_lookup,compile,17,1.5416997484862804e-05
1,cpython,dict_lookup,compile,18,1.5499972505494952e-05
1,cpython,dict_lookup,compile,19,1.5458004781976342e-05
1,cpython,dict_lookup,compile,20,1.5416997484862804e-05
1,cpython,dict_lookup,compile,21,1.633400097489357e-05
1,cpython,dict_lookup,compile,22,1.712498487904668e-05
1,cpython,dict_lookup,compile,23,1.7250014934688807e-05
1,cpython,dict_lookup,compile,24,1.6999983927235007e-05
1,cpython,dict_lookup,compile,25,1.695798709988594e-05
1,cpython,dict_lookup,compile,26,1.6958016203716397e-05
1,cpython,dict_lookup,compile,27,1.6834004782140255e-05
1,cpython,dict_lookup,compile,28,1.6792007954791188e-05
1,cpython,dict_lookup,compile,29,1.6999983927235007e-05
1,cpython,dict_lookup,warm_run,0,0.0005423330003395677
1,cpython,dict_lookup,warm_run,1,0.0005152079975232482
1,cpython,dict_lookup,warm_run,2,0.0005052089982200414
1,cpython,dict_lookup,warm_run,3,0.0005255829892121255
1,cpython,dict_lookup,warm_run,4,0.0005104590090923011
1,cpython,dict_lookup,warm_run,5,0.0005325000092852861
1,cpython,dict_lookup,warm_run,6,0.0005387089913710952
1,cpython,dict_lookup,warm_run,7,0.0005364170065149665
1,cpython,dict_lookup,warm_run,8,0.0005387080018408597
1,cpython,dict_lookup,warm_run,9,0.000544749986147508
1,cpython,dict_lookup,warm_run,10,0.0005457499937620014
1,cpython,dict_lookup,warm_run,11,0.0005425419949460775
1,cpython,dict_lookup,warm_run,12,0.0005390419973991811
1,cpython,dict_lookup,warm_run,13,0.0005350830033421516
1,cpython,dict_lookup,warm_run,14,0.0005361250077839941
1,cpython,dict_lookup,warm_run,15,0.0005452079931274056
1,cpython,dict_lookup,warm_run,16,0.0005440840031951666
1,cpython,dict_lookup,warm_run,17,0.0005422499962151051
1,cpython,dict_lookup,warm_run,18,0.0005451250181067735
1,cpython,dict_lookup,warm_run,19,0.0005472919729072601
1,cpython,dict_lookup,warm_run,20,0.0005440420063678175
1,cpython,dict_lookup,warm_run,21,0.0005427080031950027
1,cpython,dict_lookup,warm_run,22,0.0005455419886857271
1,cpython,dict_lookup,warm_run,23,0.0005466250004246831
1,cpython,dict_lookup,warm_run,24,0.000545124989002943
1,cpython,dict_lookup,warm_run,25,0.0005449170130304992
1,cpython,dict_lookup,warm_run,26,0.0005447909934446216
1,cpython,dict_lookup,warm_run,27,0.000546583003597334
1,cpython,dict_lookup,warm_run,28,0.0005450409953482449
1,cpython,dict_lookup,warm_run,29,0.000545457995031029
1,cpython,fib_calls,compile,0,2.7125002816319466e-05
1,cpython,fib_calls,compile,1,2.6291992980986834e-05
1,cpython,fib_calls,compile,2,2.591600059531629e-05
1,cpython,fib_calls,compile,3,2.3667002096772194e-05
1,cpython,fib_calls,compile,4,2.400000812485814e-05
1,cpython,fib_calls,compile,5,2.6458001229912043e-05
1,cpython,fib_calls,compile,6,2.6124995201826096e-05
1,cpython,fib_calls,compile,7,2.6291992980986834e-05
1,cpython,fib_calls,compile,8,2.6291003450751305e-05
1,cpython,fib_calls,compile,9,2.5999994250014424e-05
1,cpython,fib_calls,compile,10,2.604199107736349e-05
1,cpython,fib_calls,compile,11,2.604199107736349e-05
1,cpython,fib_calls,compile,12,2.6249996153637767e-05
1,cpython,fib_calls,compile,13,2.591699012555182e-05
1,cpython,fib_calls,compile,14,2.591600059531629e-05
1,cpython,fib_calls,compile,15,2.5958026526495814e-05
1,cpython,fib_calls,compile,16,2.6124995201826096e-05
1,cpython,fib_calls,compile,17,2.883299021050334e-05
1,cpython,fib_calls,compile,18,2.6249996153637767e-05
1,cpython,fib_calls,compile,19,2.89160234387964e-05
1,cpython,fib_calls,compile,20,2.7542002499103546e-05
1,cpython,fib_calls,compile,21,2.8041977202519774e-05
1,cpython,fib_calls,compile,22,2.358300844207406e-05
1,cpython,fib_calls,compile,23,2.3667002096772194e-05
1,cpython,fib_calls,compile,24,2.341700019314885e-05
1,cpython,fib_calls,compile,25,2.3250002413988113e-05
1,cpython,fib_calls,compile,26,2.4707987904548645e-05
1,cpython,fib_calls,compile,27,2.591600059531629e-05
1,cpython,fib_calls,compile,28,2.62079993262887e-05
1,cpython,fib_calls,compile,29,2.616702113300562e-05
1,cpython,fib_calls,warm_run,0,0.0006390829803422093
1,cpython,fib_calls,warm_run,1,0.0006307080038823187
1,cpython,fib_calls,warm_run,2,0.0006325420108623803
1,cpython,fib_calls,warm_run,3,0.0006225419929251075
1,cpython,fib_calls,warm_run,4,0.000628332985797897
1,cpython,fib_calls,warm_run,5,0.0006327910232357681
1,cpython,fib_calls,warm_run,6,0.0006311250035651028
1,cpython,fib_calls,warm_run,7,0.0006489590159617364
1,cpython,fib_calls,warm_run,8,0.0006465420010499656
1,cpython,fib_calls,warm_run,9,0.0006372500211000443
1,cpython,fib_calls,warm_run,10,0.0006391659844666719
1,cpython,fib_calls,warm_run,11,0.0006416249962057918
1,cpython,fib_calls,warm_run,12,0.0006365420122165233
1,cpython,fib_calls,warm_run,13,0.0006389159825630486
1,cpython,fib_calls,warm_run,14,0.0006485000194516033
1,cpython,fib_calls,warm_run,15,0.0006386250024661422
1,cpython,fib_calls,warm_run,16,0.0006393329822458327
1,cpython,fib_calls,warm_run,17,0.0006382080027833581
1,cpython,fib_calls,warm_run,18,0.0006325420108623803
1,cpython,fib_calls,warm_run,19,0.0006452919915318489
1,cpython,fib_calls,warm_run,20,0.0006337079976219684
1,cpython,fib_calls,warm_run,21,0.000642832979792729
1,cpython,fib_calls,warm_run,22,0.0006453329988289624
1,cpython,fib_calls,warm_run,23,0.00065366699709557
1,cpython,fib_calls,warm_run,24,0.0006310000026132911
1,cpython,fib_calls,warm_run,25,0.0006443330203182995
1,cpython,fib_calls,warm_run,26,0.0006371669878717512
1,cpython,fib_calls,warm_run,27,0.0006319159874692559
1,cpython,fib_calls,warm_run,28,0.0006314580095931888
1,cpython,fib_calls,warm_run,29,0.0006275420018937439
1,cpython,float_loop,compile,0,1.1707976227626204e-05
1,cpython,float_loop,compile,1,1.3083015801385045e-05
1,cpython,float_loop,compile,2,1.2042000889778137e-05
1,cpython,float_loop,compile,3,1.1541007552295923e-05
1,cpython,float_loop,compile,4,1.1791998986154795e-05
1,cpython,float_loop,compile,5,1.158300437964499e-05
1,cpython,float_loop,compile,6,1.1708005331456661e-05
1,cpython,float_loop,compile,7,1.1500000255182385e-05
1,cpython,float_loop,compile,8,1.1500000255182385e-05
1,cpython,float_loop,compile,9,1.1540978448465466e-05
1,cpython,float_loop,compile,10,1.1542026186361909e-05
1,cpython,float_loop,compile,11,1.1500000255182385e-05
1,cpython,float_loop,compile,12,1.158300437964499e-05
1,cpython,float_loop,compile,13,1.1500000255182385e-05
1,cpython,float_loop,compile,14,1.1666998034343123e-05
1,cpython,float_loop,compile,15,1.1500000255182385e-05
1,cpython,float_loop,compile,16,1.1458992958068848e-05
1,cpython,float_loop,compile,17,1.1416996130719781e-05
1,cpython,float_loop,compile,18,1.1500000255182385e-05
1,cpython,float_loop,compile,19,1.1500000255182385e-05
1,cpython,float_loop,compile,20,1.1458003427833319e-05
1,cpython,float_loop,compile,21,1.1458003427833319e-05
1,cpython,float_loop,compile,22,1.1833006283268332e-05
1,cpython,float_loop,compile,23,1.1500000255182385e-05
1,cpython,float_loop,compile,24,1.1500000255182385e-05
1,cpython,float_loop,compile,25,1.1416996130719781e-05
1,cpython,float_loop,compile,26,1.1458003427833319e-05
1,cpython,float_loop,compile,27,1.1374999303370714e-05
1,cpython,float_loop,compile,28,1.1416996130719781e-05
1,cpython,float_loop,compile,29,1.1500000255182385e-05
1,cpython,float_loop,warm_run,0,0.00042112497612833977
1,cpython,float_loop,warm_run,1,0.0004208750033285469
1,cpython,float_loop,warm_run,2,0.00042733398731797934
1,cpython,float_loop,warm_run,3,0.00042395800119265914
1,cpython,float_loop,warm_run,4,0.00042333401506766677
1,cpython,float_loop,warm_run,5,0.00042229201062582433
1,cpython,float_loop,warm_run,6,0.0004189999890513718
1,cpython,float_loop,warm_run,7,0.0004227079916745424
1,cpython,float_loop,warm_run,8,0.00041862501529976726
1,cpython,float_loop,warm_run,9,0.0004168330051470548
1,cpython,float_loop,warm_run,10,0.0004207079764455557
1,cpython,float_loop,warm_run,11,0.0004145829880144447
1,cpython,float_loop,warm_run,12,0.0004175420035608113
1,cpython,float_loop,warm_run,13,0.00041149999015033245
1,cpython,float_loop,warm_run,14,0.0004217500099912286
1,cpython,float_loop,warm_run,15,0.00041958398651331663
1,cpython,float_loop,warm_run,16,0.00043287500739097595
1,cpython,float_loop,warm_run,17,0.00042237501475028694
1,cpython,float_loop,warm_run,18,0.0004116669879294932
1,cpython,float_loop,warm_run,19,0.0004212500061839819
1,cpython,float_loop,warm_run,20,0.00042058399412781
1,cpython,float_loop,warm_run,21,0.0004201669944450259
1,cpython,float_loop,warm_run,22,0.0004192079941276461
1,cpython,float_loop,warm_run,23,0.00041737500578165054
1,cpython,float_loop,warm_run,24,0.00041762497858144343
1,cpython,float_loop,warm_run,25,0.0004262500151526183
1,cpython,float_loop,warm_run,26,0.0004237910034134984
1,cpython,float_loop,warm_run,27,0.0004232499923091382
1,cpython,float_loop,warm_run,28,0.0004131250025238842
1,cpython,float_loop,warm_run,29,0.00041454198071733117
1,cpython,integer_loop,compile,0,1.1042022379115224e-05
1,cpython,integer_loop,compile,1,1.1208001524209976e-05
1,cpython,integer_loop,compile,2,1.1209020158275962e-05
1,cpython,integer_loop,compile,3,1.1124997399747372e-05
1,cpython,integer_loop,compile,4,1.129199517890811e-05
1,cpython,integer_loop,compile,5,1.116600469686091e-05
1,cpython,integer_loop,compile,6,1.1124997399747372e-05
1,cpython,integer_loop,compile,7,1.1208001524209976e-05
1,cpython,integer_loop,compile,8,1.1249998351559043e-05
1,cpython,integer_loop,compile,9,1.1249998351559043e-05
1,cpython,integer_loop,compile,10,1.116600469686091e-05
1,cpython,integer_loop,compile,11,1.1374999303370714e-05
1,cpython,integer_loop,compile,12,1.1208001524209976e-05
1,cpython,integer_loop,compile,13,1.1249998351559043e-05
1,cpython,integer_loop,compile,14,1.1333002476021647e-05
1,cpython,integer_loop,compile,15,1.129199517890811e-05
1,cpython,integer_loop,compile,16,1.1041993275284767e-05
1,cpython,integer_loop,compile,17,1.1166994227096438e-05
1,cpython,integer_loop,compile,18,1.1083990102633834e-05
1,cpython,integer_loop,compile,19,1.1167023330926895e-05
1,cpython,integer_loop,compile,20,1.1042022379115224e-05
1,cpython,integer_loop,compile,21,1.1042022379115224e-05
1,cpython,integer_loop,compile,22,1.1042022379115224e-05
1,cpython,integer_loop,compile,23,1.1124997399747372e-05
1,cpython,integer_loop,compile,24,1.1041003745049238e-05
1,cpython,integer_loop,compile,25,1.1083000572398305e-05
1,cpython,integer_loop,compile,26,1.0957999620586634e-05
1,cpython,integer_loop,compile,27,1.0958989150822163e-05
1,cpython,integer_loop,compile,28,1.1166994227096438e-05
1,cpython,integer_loop,compile,29,1.09999964479357e-05
1,cpython,integer_loop,warm_run,0,0.004927125002723187
1,cpython,integer_loop,warm_run,1,0.004921625019051135
1,cpython,integer_loop,warm_run,2,0.004960499994922429
1,cpython,integer_loop,warm_run,3,0.004958749981597066
1,cpython,integer_loop,warm_run,4,0.004972708004061133
1,cpython,integer_loop,warm_run,5,0.004974916024366394
1,cpython,integer_loop,warm_run,6,0.005085459008114412
1,cpython,integer_loop,warm_run,7,0.005258874996798113
1,cpython,integer_loop,warm_run,8,0.005284290993586183
1,cpython,integer_loop,warm_run,9,0.005223790998570621
1,cpython,integer_loop,warm_run,10,0.005182624998269603
1,cpython,integer_loop,warm_run,11,0.005185208021430299
1,cpython,integer_loop,warm_run,12,0.005198084021685645
1,cpython,integer_loop,warm_run,13,0.005194042023504153
1,cpython,integer_loop,warm_run,14,0.005183000001125038
1,cpython,integer_loop,warm_run,15,0.00519920900114812
1,cpython,integer_loop,warm_run,16,0.005195375008042902
1,cpython,integer_loop,warm_run,17,0.005192416982026771
1,cpython,integer_loop,warm_run,18,0.005188584007555619
1,cpython,integer_loop,warm_run,19,0.005187000002479181
1,cpython,integer_loop,warm_run,20,0.005121833004523069
1,cpython,integer_loop,warm_run,21,0.005123208014992997
1,cpython,integer_loop,warm_run,22,0.005149957985850051
1,cpython,integer_loop,warm_run,23,0.005120375019032508
1,cpython,integer_loop,warm_run,24,0.005130583012942225
1,cpython,integer_loop,warm_run,25,0.004942833009408787
1,cpython,integer_loop,warm_run,26,0.00494849999086
1,cpython,integer_loop,warm_run,27,0.004995541996322572
1,cpython,integer_loop,warm_run,28,0.005020957993110642
1,cpython,integer_loop,warm_run,29,0.005035125010181218
1,cpython,keyword_calls,compile,0,2.3500004317611456e-05
1,cpython,keyword_calls,compile,1,2.316600875928998e-05
1,cpython,keyword_calls,compile,2,2.3041997337713838e-05
1,cpython,keyword_calls,compile,3,2.28749995585531e-05
1,cpython,keyword_calls,compile,4,2.3208005586639047e-05
1,cpython,keyword_calls,compile,5,2.2958993213251233e-05
1,cpython,keyword_calls,compile,6,2.2833002731204033e-05
1,cpython,keyword_calls,compile,7,2.2791005903854966e-05
1,cpython,keyword_calls,compile,8,2.304100780747831e-05
1,cpython,keyword_calls,compile,9,2.270800177939236e-05
1,cpython,keyword_calls,compile,10,2.0957988454028964e-05
1,cpython,keyword_calls,compile,11,2.0791019778698683e-05
1,cpython,keyword_calls,compile,12,2.0665989723056555e-05
1,cpython,keyword_calls,compile,13,2.054101787507534e-05
1,cpython,keyword_calls,compile,14,2.2249994799494743e-05
1,cpython,keyword_calls,compile,15,2.270800177939236e-05
1,cpython,keyword_calls,compile,16,2.316699828952551e-05
1,cpython,keyword_calls,compile,17,2.258300082758069e-05
1,cpython,keyword_calls,compile,18,2.274999860674143e-05
1,cpython,keyword_calls,compile,19,2.300000051036477e-05
1,cpython,keyword_calls,compile,20,2.2958003683015704e-05
1,cpython,keyword_calls,compile,21,2.270800177939236e-05
1,cpython,keyword_calls,compile,22,2.2916996385902166e-05
1,cpython,keyword_calls,compile,23,2.270800177939236e-05
1,cpython,keyword_calls,compile,24,2.270800177939236e-05
1,cpython,keyword_calls,compile,25,2.2916006855666637e-05
1,cpython,keyword_calls,compile,26,2.3333006538450718e-05
1,cpython,keyword_calls,compile,27,2.28749995585531e-05
1,cpython,keyword_calls,compile,28,2.2916996385902166e-05
1,cpython,keyword_calls,compile,29,2.2666994482278824e-05
1,cpython,keyword_calls,warm_run,0,0.0008265409851446748
1,cpython,keyword_calls,warm_run,1,0.0008352499862667173
1,cpython,keyword_calls,warm_run,2,0.0008447089930996299
1,cpython,keyword_calls,warm_run,3,0.0008345000096596777
1,cpython,keyword_calls,warm_run,4,0.0008561659778933972
1,cpython,keyword_calls,warm_run,5,0.0008139160054270178
1,cpython,keyword_calls,warm_run,6,0.0008308750111609697
1,cpython,keyword_calls,warm_run,7,0.0008428749861195683
1,cpython,keyword_calls,warm_run,8,0.0008517499954905361
1,cpython,keyword_calls,warm_run,9,0.0008278750174213201
1,cpython,keyword_calls,warm_run,10,0.0008680410101078451
1,cpython,keyword_calls,warm_run,11,0.0008426670101471245
1,cpython,keyword_calls,warm_run,12,0.0008487080049235374
1,cpython,keyword_calls,warm_run,13,0.0008582499867770821
1,cpython,keyword_calls,warm_run,14,0.0008629999938420951
1,cpython,keyword_calls,warm_run,15,0.0008225410128943622
1,cpython,keyword_calls,warm_run,16,0.000854584010085091
1,cpython,keyword_calls,warm_run,17,0.000844084017444402
1,cpython,keyword_calls,warm_run,18,0.000843334011733532
1,cpython,keyword_calls,warm_run,19,0.000832499994430691
1,cpython,keyword_calls,warm_run,20,0.0008295410079881549
1,cpython,keyword_calls,warm_run,21,0.000802083988673985
1,cpython,keyword_calls,warm_run,22,0.0008314999868161976
1,cpython,keyword_calls,warm_run,23,0.0008442499965894967
1,cpython,keyword_calls,warm_run,24,0.0008773340086918324
1,cpython,keyword_calls,warm_run,25,0.000897291989531368
1,cpython,keyword_calls,warm_run,26,0.0007902090146671981
1,cpython,keyword_calls,warm_run,27,0.0008270829857792705
1,cpython,keyword_calls,warm_run,28,0.0007993330073077232
1,cpython,keyword_calls,warm_run,29,0.0008145000028889626
1,cpython,known_calls,compile,0,1.8749997252598405e-05
1,cpython,known_calls,compile,1,1.8875027308240533e-05
1,cpython,known_calls,compile,2,1.8874998204410076e-05
1,cpython,known_calls,compile,3,1.91659783013165e-05
1,cpython,known_calls,compile,4,1.879199407994747e-05
1,cpython,known_calls,compile,5,1.86669931281358e-05
1,cpython,known_calls,compile,6,1.8416991224512458e-05
1,cpython,known_calls,compile,7,1.8624996300786734e-05
1,cpython,known_calls,compile,8,1.8458988051861525e-05
1,cpython,known_calls,compile,9,1.854199217632413e-05
1,cpython,known_calls,compile,10,1.837499439716339e-05
1,cpython,known_calls,compile,11,1.8457998521625996e-05
1,cpython,known_calls,compile,12,1.8375023500993848e-05
1,cpython,known_calls,compile,13,1.8916005501523614e-05
1,cpython,known_calls,compile,14,1.879199407994747e-05
1,cpython,known_calls,compile,15,1.8999999156221747e-05
1,cpython,known_calls,compile,16,1.866600359790027e-05
1,cpython,known_calls,compile,17,1.7082988051697612e-05
1,cpython,known_calls,compile,18,1.6790989320725203e-05
1,cpython,known_calls,compile,19,1.6958016203716397e-05
1,cpython,known_calls,compile,20,1.6624981071799994e-05
1,cpython,known_calls,compile,21,1.6875012079253793e-05
1,cpython,known_calls,compile,22,1.6790989320725203e-05
1,cpython,known_calls,compile,23,1.6833015251904726e-05
1,cpython,known_calls,compile,24,1.662501017563045e-05
1,cpython,known_calls,compile,25,1.8000020645558834e-05
1,cpython,known_calls,compile,26,1.7082988051697612e-05
1,cpython,known_calls,compile,27,1.6875012079253793e-05
1,cpython,known_calls,compile,28,1.6999983927235007e-05
1,cpython,known_calls,compile,29,1.6792007954791188e-05
1,cpython,known_calls,warm_run,0,0.0006770000036340207
1,cpython,known_calls,warm_run,1,0.000668499997118488
1,cpython,known_calls,warm_run,2,0.000681958015775308
1,cpython,known_calls,warm_run,3,0.0006839169946033508
1,cpython,known_calls,warm_run,4,0.0006744999845977873
1,cpython,known_calls,warm_run,5,0.0006782500131521374
1,cpython,known_calls,warm_run,6,0.0006708749860990793
1,cpython,known_calls,warm_run,7,0.0006792090134695172
1,cpython,known_calls,warm_run,8,0.0006619160121772438
1,cpython,known_calls,warm_run,9,0.0006771250045858324
1,cpython,known_calls,warm_run,10,0.0006903339817654341
1,cpython,known_calls,warm_run,11,0.0006696670025121421
1,cpython,known_calls,warm_run,12,0.0006789169856347144
1,cpython,known_calls,warm_run,13,0.0006709580193273723
1,cpython,known_calls,warm_run,14,0.0006596250168513507
1,cpython,known_calls,warm_run,15,0.0006589999829884619
1,cpython,known_calls,warm_run,16,0.0006769169995095581
1,cpython,known_calls,warm_run,17,0.0006719169905409217
1,cpython,known_calls,warm_run,18,0.0006724169943481684
1,cpython,known_calls,warm_run,19,0.0006733750051353127
1,cpython,known_calls,warm_run,20,0.0006657080084551126
1,cpython,known_calls,warm_run,21,0.0006633339799009264
1,cpython,known_calls,warm_run,22,0.0006604170193895698
1,cpython,known_calls,warm_run,23,0.0006752920162398368
1,cpython,known_calls,warm_run,24,0.0006640409992542118
1,cpython,known_calls,warm_run,25,0.0006722079997416586
1,cpython,known_calls,warm_run,26,0.000680124998325482
1,cpython,known_calls,warm_run,27,0.0006815000087954104
1,cpython,known_calls,warm_run,28,0.0006791250198148191
1,cpython,known_calls,warm_run,29,0.0006659589998889714
1,cpython,list_iteration,compile,0,1.879199407994747e-05
1,cpython,list_iteration,compile,1,1.8791004549711943e-05
1,cpython,list_iteration,compile,2,1.8874998204410076e-05
1,cpython,list_iteration,compile,3,1.8916005501523614e-05
1,cpython,list_iteration,compile,4,1.9083003280684352e-05
1,cpython,list_iteration,compile,5,1.879199407994747e-05
1,cpython,list_iteration,compile,6,1.8708000425249338e-05
1,cpython,list_iteration,compile,7,1.8709019059315324e-05
1,cpython,list_iteration,compile,8,1.8667022231966257e-05
1,cpython,list_iteration,compile,9,1.8457998521625996e-05
1,cpython,list_iteration,compile,10,1.8791004549711943e-05
1,cpython,list_iteration,compile,11,1.883300137706101e-05
1,cpython,list_iteration,compile,12,1.9083003280684352e-05
1,cpython,list_iteration,compile,13,1.8499995348975062e-05
1,cpython,list_iteration,compile,14,1.8582999473437667e-05
1,cpython,list_iteration,compile,15,1.883300137706101e-05
1,cpython,list_iteration,compile,16,1.8916995031759143e-05
1,cpython,list_iteration,compile,17,1.8749997252598405e-05
1,cpython,list_iteration,compile,18,1.854199217632413e-05
1,cpython,list_iteration,compile,19,1.845901715569198e-05
1,cpython,list_iteration,compile,20,1.912500010803342e-05
1,cpython,list_iteration,compile,21,1.8790975445881486e-05
1,cpython,list_iteration,compile,22,1.8499995348975062e-05
1,cpython,list_iteration,compile,23,1.8624996300786734e-05
1,cpython,list_iteration,compile,24,1.8582999473437667e-05
1,cpython,list_iteration,compile,25,1.8749997252598405e-05
1,cpython,list_iteration,compile,26,1.866600359790027e-05
1,cpython,list_iteration,compile,27,1.837499439716339e-05
1,cpython,list_iteration,compile,28,1.8624996300786734e-05
1,cpython,list_iteration,compile,29,1.862502540461719e-05
1,cpython,list_iteration,warm_run,0,0.00021249998826533556
1,cpython,list_iteration,warm_run,1,0.0002128340129274875
1,cpython,list_iteration,warm_run,2,0.00021145798382349312
1,cpython,list_iteration,warm_run,3,0.00021366600412875414
1,cpython,list_iteration,warm_run,4,0.0002134160022251308
1,cpython,list_iteration,warm_run,5,0.0002132499939762056
1,cpython,list_iteration,warm_run,6,0.00021287502022460103
1,cpython,list_iteration,warm_run,7,0.0002132499939762056
1,cpython,list_iteration,warm_run,8,0.0002387919812463224
1,cpython,list_iteration,warm_run,9,0.00022820799495093524
1,cpython,list_iteration,warm_run,10,0.00021991701214574277
1,cpython,list_iteration,warm_run,11,0.00021916700643487275
1,cpython,list_iteration,warm_run,12,0.00020454201148822904
1,cpython,list_iteration,warm_run,13,0.0002190409868489951
1,cpython,list_iteration,warm_run,14,0.00020641699666157365
1,cpython,list_iteration,warm_run,15,0.00019975000759586692
1,cpython,list_iteration,warm_run,16,0.0002055829972960055
1,cpython,list_iteration,warm_run,17,0.00022004099446348846
1,cpython,list_iteration,warm_run,18,0.00021933301468379796
1,cpython,list_iteration,warm_run,19,0.00020366700482554734
1,cpython,list_iteration,warm_run,20,0.00021941601880826056
1,cpython,list_iteration,warm_run,21,0.00021050000214017928
1,cpython,list_iteration,warm_run,22,0.00021974998526275158
1,cpython,list_iteration,warm_run,23,0.00021412500063888729
1,cpython,list_iteration,warm_run,24,0.0002196249843109399
1,cpython,list_iteration,warm_run,25,0.00021691701840609312
1,cpython,list_iteration,warm_run,26,0.00021308299619704485
1,cpython,list_iteration,warm_run,27,0.00021662499057129025
1,cpython,list_iteration,warm_run,28,0.00021683398517780006
1,cpython,list_iteration,warm_run,29,0.00021637501777149737
1,cpython,super_calls,compile,0,3.7375022657215595e-05
1,cpython,super_calls,compile,1,3.91670037060976e-05
1,cpython,super_calls,compile,2,3.908298094756901e-05
1,cpython,super_calls,compile,3,3.950000973418355e-05
1,cpython,super_calls,compile,4,3.904200275428593e-05
1,cpython,super_calls,compile,5,3.883297904394567e-05
1,cpython,super_calls,compile,6,3.9457983803004026e-05
1,cpython,super_calls,compile,7,3.875000402331352e-05
1,cpython,super_calls,compile,8,3.8875004975125194e-05
1,cpython,super_calls,compile,9,3.8624973967671394e-05
1,cpython,super_calls,compile,10,3.674998879432678e-05
1,cpython,super_calls,compile,11,3.558301250450313e-05
1,cpython,super_calls,compile,12,3.520798054523766e-05
1,cpython,super_calls,compile,13,3.8624973967671394e-05
1,cpython,super_calls,compile,14,3.9125006878748536e-05
1,cpython,super_calls,compile,15,3.895899862982333e-05
1,cpython,super_calls,compile,16,3.895797999575734e-05
1,cpython,super_calls,compile,17,3.883297904394567e-05
1,cpython,super_calls,compile,18,3.875000402331352e-05
1,cpython,super_calls,compile,19,3.8708007195964456e-05
1,cpython,super_calls,compile,20,3.9166014175862074e-05
1,cpython,super_calls,compile,21,3.879200085066259e-05
1,cpython,super_calls,compile,22,3.883297904394567e-05
1,cpython,super_calls,compile,23,3.695799387060106e-05
1,cpython,super_calls,compile,24,3.512500552460551e-05
1,cpython,super_calls,compile,25,3.524997737258673e-05
1,cpython,super_calls,compile,26,3.541700425557792e-05
1,cpython,super_calls,compile,27,3.533301060087979e-05
1,cpython,super_calls,compile,28,3.500000457279384e-05
1,cpython,super_calls,compile,29,3.5415985621511936e-05
1,cpython,super_calls,warm_run,0,0.0010253330110572278
1,cpython,super_calls,warm_run,1,0.001143041008617729
1,cpython,super_calls,warm_run,2,0.0010266249882988632
1,cpython,super_calls,warm_run,3,0.0010347499919589609
1,cpython,super_calls,warm_run,4,0.0010267499892506748
1,cpython,super_calls,warm_run,5,0.0010202499979641289
1,cpython,super_calls,warm_run,6,0.0010132089955732226
1,cpython,super_calls,warm_run,7,0.0010204169957432896
1,cpython,super_calls,warm_run,8,0.0010335830156691372
1,cpython,super_calls,warm_run,9,0.0010254589724354446
1,cpython,super_calls,warm_run,10,0.001025750010740012
1,cpython,super_calls,warm_run,11,0.0010095839970745146
1,cpython,super_calls,warm_run,12,0.0010081249929498881
1,cpython,super_calls,warm_run,13,0.0010285419994033873
1,cpython,super_calls,warm_run,14,0.0010132499737665057
1,cpython,super_calls,warm_run,15,0.0010292090009897947
1,cpython,super_calls,warm_run,16,0.0010190409957431257
1,cpython,super_calls,warm_run,17,0.0010379999876022339
1,cpython,super_calls,warm_run,18,0.0010599590023048222
1,cpython,super_calls,warm_run,19,0.0010281249997206032
1,cpython,super_calls,warm_run,20,0.0010171250032726675
1,cpython,super_calls,warm_run,21,0.0010158749937545508
1,cpython,super_calls,warm_run,22,0.0010448330140206963
1,cpython,super_calls,warm_run,23,0.001008082996122539
1,cpython,super_calls,warm_run,24,0.0009979169990401715
1,cpython,super_calls,warm_run,25,0.0010231249907519668
1,cpython,super_calls,warm_run,26,0.0010260000126436353
1,cpython,super_calls,warm_run,27,0.0010189999884460121
1,cpython,super_calls,warm_run,28,0.0010089589923154563
1,cpython,super_calls,warm_run,29,0.001025000005029142
1,cpython,attribute_load,cold_cli,0,0.015329583984566852
1,tonic,attribute_load,cold_cli,0,0.00285258301300928
1,tonic,attribute_load,cold_cli,1,0.002625249995617196
1,cpython,attribute_load,cold_cli,1,0.014461749990005046
1,cpython,attribute_load,cold_cli,2,0.014387707982677966
1,tonic,attribute_load,cold_cli,2,0.0029491249879356474
1,tonic,attribute_load,cold_cli,3,0.0027399170212447643
1,cpython,attribute_load,cold_cli,3,0.01457583298906684
1,cpython,attribute_load,cold_cli,4,0.014888624980812892
1,tonic,attribute_load,cold_cli,4,0.0029892919992562383
1,tonic,attribute_load,cold_cli,5,0.0027385830180719495
1,cpython,attribute_load,cold_cli,5,0.014551542000845075
1,cpython,attribute_load,cold_cli,6,0.014472999988356605
1,tonic,attribute_load,cold_cli,6,0.002821792004397139
1,tonic,attribute_load,cold_cli,7,0.0026784159999806434
1,cpython,attribute_load,cold_cli,7,0.01404087501578033
1,cpython,attribute_load,cold_cli,8,0.01459716699901037
1,tonic,attribute_load,cold_cli,8,0.003049749997444451
1,tonic,attribute_load,cold_cli,9,0.0027897910040337592
1,cpython,attribute_load,cold_cli,9,0.014525292004691437
1,cpython,attribute_load,cold_cli,10,0.01516758298384957
1,tonic,attribute_load,cold_cli,10,0.0029750000103376806
1,tonic,attribute_load,cold_cli,11,0.002721666998695582
1,cpython,attribute_load,cold_cli,11,0.01458195797749795
1,cpython,attribute_load,cold_cli,12,0.014451832976192236
1,tonic,attribute_load,cold_cli,12,0.002930292015662417
1,tonic,attribute_load,cold_cli,13,0.002756041008979082
1,cpython,attribute_load,cold_cli,13,0.014810458989813924
1,cpython,attribute_load,cold_cli,14,0.01465900000766851
1,tonic,attribute_load,cold_cli,14,0.0029496659990400076
1,cpython,bound_method_calls,cold_cli,0,0.015310041984776035
1,tonic,bound_method_calls,cold_cli,0,0.0039450000040233135
1,tonic,bound_method_calls,cold_cli,1,0.003584167017834261
1,cpython,bound_method_calls,cold_cli,1,0.015070583001943305
1,cpython,bound_method_calls,cold_cli,2,0.015004083019448444
1,tonic,bound_method_calls,cold_cli,2,0.0038433749869000167
1,tonic,bound_method_calls,cold_cli,3,0.0035857920011039823
1,cpython,bound_method_calls,cold_cli,3,0.01493204099824652
1,cpython,bound_method_calls,cold_cli,4,0.014333708008052781
1,tonic,bound_method_calls,cold_cli,4,0.0036945829924661666
1,tonic,bound_method_calls,cold_cli,5,0.00361429201439023
1,cpython,bound_method_calls,cold_cli,5,0.014607457997044548
1,cpython,bound_method_calls,cold_cli,6,0.014712083007907495
1,tonic,bound_method_calls,cold_cli,6,0.00371091699344106
1,tonic,bound_method_calls,cold_cli,7,0.00362925001536496
1,cpython,bound_method_calls,cold_cli,7,0.014686209004139528
1,cpython,bound_method_calls,cold_cli,8,0.01499941700603813
1,tonic,bound_method_calls,cold_cli,8,0.003843291982775554
1,tonic,bound_method_calls,cold_cli,9,0.003620917006628588
1,cpython,bound_method_calls,cold_cli,9,0.014830083004198968
1,cpython,bound_method_calls,cold_cli,10,0.014647875010268763
1,tonic,bound_method_calls,cold_cli,10,0.0038364999927580357
1,tonic,bound_method_calls,cold_cli,11,0.0035652919905260205
1,cpython,bound_method_calls,cold_cli,11,0.01472929201554507
1,cpython,bound_method_calls,cold_cli,12,0.014605874981498346
1,tonic,bound_method_calls,cold_cli,12,0.0036682920181192458
1,tonic,bound_method_calls,cold_cli,13,0.003517416975228116
1,cpython,bound_method_calls,cold_cli,13,0.014992207987233996
1,cpython,bound_method_calls,cold_cli,14,0.015346208005212247
1,tonic,bound_method_calls,cold_cli,14,0.004048957984196022
1,cpython,closure_calls,cold_cli,0,0.014626625023083761
1,tonic,closure_calls,cold_cli,0,0.003085584001382813
1,tonic,closure_calls,cold_cli,1,0.002907082991441712
1,cpython,closure_calls,cold_cli,1,0.0144115419825539
1,cpython,closure_calls,cold_cli,2,0.014882999996189028
1,tonic,closure_calls,cold_cli,2,0.0032201670110225677
1,tonic,closure_calls,cold_cli,3,0.0029241250013001263
1,cpython,closure_calls,cold_cli,3,0.01494441699469462
1,cpython,closure_calls,cold_cli,4,0.014309374993899837
1,tonic,closure_calls,cold_cli,4,0.0031239999807439744
1,tonic,closure_calls,cold_cli,5,0.002958666009362787
1,cpython,closure_calls,cold_cli,5,0.014741958992090076
1,cpython,closure_calls,cold_cli,6,0.014870540995616466
1,tonic,closure_calls,cold_cli,6,0.003180583007633686
1,tonic,closure_calls,cold_cli,7,0.003058875008719042
1,cpython,closure_calls,cold_cli,7,0.014886374992784113
1,cpython,closure_calls,cold_cli,8,0.014545708982041106
1,tonic,closure_calls,cold_cli,8,0.0031496669980697334
1,tonic,closure_calls,cold_cli,9,0.0029357919993344694
1,cpython,closure_calls,cold_cli,9,0.014725249988259748
1,cpython,closure_calls,cold_cli,10,0.014681583998026326
1,tonic,closure_calls,cold_cli,10,0.0031094170117285103
1,tonic,closure_calls,cold_cli,11,0.0029499169904738665
1,cpython,closure_calls,cold_cli,11,0.014828625018708408
1,cpython,closure_calls,cold_cli,12,0.01481074999901466
1,tonic,closure_calls,cold_cli,12,0.0033200829930137843
1,tonic,closure_calls,cold_cli,13,0.0029961669933982193
1,cpython,closure_calls,cold_cli,13,0.015043541003251448
1,cpython,closure_calls,cold_cli,14,0.01479337498312816
1,tonic,closure_calls,cold_cli,14,0.0030774580081924796
1,cpython,descriptor_load,cold_cli,0,0.01520516598247923
1,tonic,descriptor_load,cold_cli,0,0.004070291994139552
1,tonic,descriptor_load,cold_cli,1,0.003890792024321854
1,cpython,descriptor_load,cold_cli,1,0.014886958000715822
1,cpython,descriptor_load,cold_cli,2,0.015060125006129965
1,tonic,descriptor_load,cold_cli,2,0.004101250000530854
1,tonic,descriptor_load,cold_cli,3,0.00391054101055488
1,cpython,descriptor_load,cold_cli,3,0.014830333006102592
1,cpython,descriptor_load,cold_cli,4,0.01453658301034011
1,tonic,descriptor_load,cold_cli,4,0.004183707991614938
1,tonic,descriptor_load,cold_cli,5,0.0038716670242138207
1,cpython,descriptor_load,cold_cli,5,0.015051207999931648
1,cpython,descriptor_load,cold_cli,6,0.014875291002681479
1,tonic,descriptor_load,cold_cli,6,0.003983542002970353
1,tonic,descriptor_load,cold_cli,7,0.003902291995473206
1,cpython,descriptor_load,cold_cli,7,0.01479245800874196
1,cpython,descriptor_load,cold_cli,8,0.015511125006014481
1,tonic,descriptor_load,cold_cli,8,0.0040832500089891255
1,tonic,descriptor_load,cold_cli,9,0.004093166993698105
1,cpython,descriptor_load,cold_cli,9,0.014949042000807822
1,cpython,descriptor_load,cold_cli,10,0.014728625013958663
1,tonic,descriptor_load,cold_cli,10,0.004077499994309619
1,tonic,descriptor_load,cold_cli,11,0.003822250000666827
1,cpython,descriptor_load,cold_cli,11,0.014703166991239414
1,cpython,descriptor_load,cold_cli,12,0.01522574998671189
1,tonic,descriptor_load,cold_cli,12,0.004203874996164814
1,tonic,descriptor_load,cold_cli,13,0.003895874979207292
1,cpython,descriptor_load,cold_cli,13,0.01492833299562335
1,cpython,descriptor_load,cold_cli,14,0.014987916016252711
1,tonic,descriptor_load,cold_cli,14,0.004080749989952892
1,cpython,dict_insert,cold_cli,0,0.015657458017813042
1,tonic,dict_insert,cold_cli,0,0.0036628330126404762
1,tonic,dict_insert,cold_cli,1,0.003134166996460408
1,cpython,dict_insert,cold_cli,1,0.015197083004750311
1,cpython,dict_insert,cold_cli,2,0.015034540992928669
1,tonic,dict_insert,cold_cli,2,0.003229374997317791
1,tonic,dict_insert,cold_cli,3,0.0029553750064224005
1,cpython,dict_insert,cold_cli,3,0.014781875011976808
1,cpython,dict_insert,cold_cli,4,0.01451862501562573
1,tonic,dict_insert,cold_cli,4,0.0032737079891376197
1,tonic,dict_insert,cold_cli,5,0.0030833340133540332
1,cpython,dict_insert,cold_cli,5,0.014896832988597453
1,cpython,dict_insert,cold_cli,6,0.014737082994543016
1,tonic,dict_insert,cold_cli,6,0.0033401249966118485
1,tonic,dict_insert,cold_cli,7,0.0030020829872228205
1,cpython,dict_insert,cold_cli,7,0.015238958003465086
1,cpython,dict_insert,cold_cli,8,0.015038208017358556
1,tonic,dict_insert,cold_cli,8,0.0033052919898182154
1,tonic,dict_insert,cold_cli,9,0.0030458330002147704
1,cpython,dict_insert,cold_cli,9,0.014928750024409965
1,cpython,dict_insert,cold_cli,10,0.01477449998492375
1,tonic,dict_insert,cold_cli,10,0.0032896250195335597
1,tonic,dict_insert,cold_cli,11,0.0030681250209454447
1,cpython,dict_insert,cold_cli,11,0.015034249983727932
1,cpython,dict_insert,cold_cli,12,0.014970040996558964
1,tonic,dict_insert,cold_cli,12,0.003236959018977359
1,tonic,dict_insert,cold_cli,13,0.0031058749882504344
1,cpython,dict_insert,cold_cli,13,0.014902791008353233
1,cpython,dict_insert,cold_cli,14,0.014664917020127177
1,tonic,dict_insert,cold_cli,14,0.003237375000026077
1,cpython,dict_lookup,cold_cli,0,0.014651791017968208
1,tonic,dict_lookup,cold_cli,0,0.0031977920152712613
1,tonic,dict_lookup,cold_cli,1,0.0028742080030497164
1,cpython,dict_lookup,cold_cli,1,0.014788333006436005
1,cpython,dict_lookup,cold_cli,2,0.014548374980222434
1,tonic,dict_lookup,cold_cli,2,0.0030871250201016665
1,tonic,dict_lookup,cold_cli,3,0.0028814999968744814
1,cpython,dict_lookup,cold_cli,3,0.014607916004024446
1,cpython,dict_lookup,cold_cli,4,0.014850250008748844
1,tonic,dict_lookup,cold_cli,4,0.0031355829851236194
1,tonic,dict_lookup,cold_cli,5,0.003017959010321647
1,cpython,dict_lookup,cold_cli,5,0.014893374987877905
1,cpython,dict_lookup,cold_cli,6,0.01456420897739008
1,tonic,dict_lookup,cold_cli,6,0.003044708020752296
1,tonic,dict_lookup,cold_cli,7,0.0028285000007599592
1,cpython,dict_lookup,cold_cli,7,0.014357540989294648
1,cpython,dict_lookup,cold_cli,8,0.014391208009328693
1,tonic,dict_lookup,cold_cli,8,0.0030521670123562217
1,tonic,dict_lookup,cold_cli,9,0.0029329170065466315
1,cpython,dict_lookup,cold_cli,9,0.014852583990432322
1,cpython,dict_lookup,cold_cli,10,0.014434292010264471
1,tonic,dict_lookup,cold_cli,10,0.0029961249965708703
1,tonic,dict_lookup,cold_cli,11,0.0028697079978883266
1,cpython,dict_lookup,cold_cli,11,0.014608583995141089
1,cpython,dict_lookup,cold_cli,12,0.014414625009521842
1,tonic,dict_lookup,cold_cli,12,0.0030975410190876573
1,tonic,dict_lookup,cold_cli,13,0.0029200419958215207
1,cpython,dict_lookup,cold_cli,13,0.014596791006624699
1,cpython,dict_lookup,cold_cli,14,0.014385500020580366
1,tonic,dict_lookup,cold_cli,14,0.0030241250060498714
1,cpython,fib_calls,cold_cli,0,0.014549333020113409
1,tonic,fib_calls,cold_cli,0,0.004476500005694106
1,tonic,fib_calls,cold_cli,1,0.004269833007128909
1,cpython,fib_calls,cold_cli,1,0.014992792013799772
1,cpython,fib_calls,cold_cli,2,0.015097416995558888
1,tonic,fib_calls,cold_cli,2,0.0045791670272592455
1,tonic,fib_calls,cold_cli,3,0.004325415997300297
1,cpython,fib_calls,cold_cli,3,0.014484292012639344
1,cpython,fib_calls,cold_cli,4,0.014995915989857167
1,tonic,fib_calls,cold_cli,4,0.004535916988970712
1,tonic,fib_calls,cold_cli,5,0.004354832984972745
1,cpython,fib_calls,cold_cli,5,0.01455191700370051
1,cpython,fib_calls,cold_cli,6,0.014595709013519809
1,tonic,fib_calls,cold_cli,6,0.004447542014531791
1,tonic,fib_calls,cold_cli,7,0.0042413749906700104
1,cpython,fib_calls,cold_cli,7,0.014796832983847708
1,cpython,fib_calls,cold_cli,8,0.014656125014880672
1,tonic,fib_calls,cold_cli,8,0.004481709009269252
1,tonic,fib_calls,cold_cli,9,0.004239832982420921
1,cpython,fib_calls,cold_cli,9,0.014748791989404708
1,cpython,fib_calls,cold_cli,10,0.01468383299652487
1,tonic,fib_calls,cold_cli,10,0.004536583001026884
1,tonic,fib_calls,cold_cli,11,0.00434179199510254
1,cpython,fib_calls,cold_cli,11,0.014770957990549505
1,cpython,fib_calls,cold_cli,12,0.014423040993278846
1,tonic,fib_calls,cold_cli,12,0.004432374989846721
1,tonic,fib_calls,cold_cli,13,0.004371667018858716
1,cpython,fib_calls,cold_cli,13,0.014382708992343396
1,cpython,fib_calls,cold_cli,14,0.014861375006148592
1,tonic,fib_calls,cold_cli,14,0.004513833991950378
1,cpython,float_loop,cold_cli,0,0.014623583003412932
1,tonic,float_loop,cold_cli,0,0.0029812499997206032
1,tonic,float_loop,cold_cli,1,0.0026001250080298632
1,cpython,float_loop,cold_cli,1,0.015045667008962482
1,cpython,float_loop,cold_cli,2,0.015284790977602825
1,tonic,float_loop,cold_cli,2,0.002926332992501557
1,tonic,float_loop,cold_cli,3,0.002689834014745429
1,cpython,float_loop,cold_cli,3,0.014606124983401969
1,cpython,float_loop,cold_cli,4,0.014517584000714123
1,tonic,float_loop,cold_cli,4,0.0028431660030037165
1,tonic,float_loop,cold_cli,5,0.0025237920053768903
1,cpython,float_loop,cold_cli,5,0.014771083981031552
1,cpython,float_loop,cold_cli,6,0.014472458977252245
1,tonic,float_loop,cold_cli,6,0.0027782919933088124
1,tonic,float_loop,cold_cli,7,0.002534750004997477
1,cpython,float_loop,cold_cli,7,0.01468966601532884
1,cpython,float_loop,cold_cli,8,0.014663041016319767
1,tonic,float_loop,cold_cli,8,0.0028481670015025884
1,tonic,float_loop,cold_cli,9,0.0026873329770751297
1,cpython,float_loop,cold_cli,9,0.014922750007826835
1,cpython,float_loop,cold_cli,10,0.01485525001771748
1,tonic,float_loop,cold_cli,10,0.0028368339990265667
1,tonic,float_loop,cold_cli,11,0.0025870839890558273
1,cpython,float_loop,cold_cli,11,0.014912374987034127
1,cpython,float_loop,cold_cli,12,0.015796291001606733
1,tonic,float_loop,cold_cli,12,0.002926875022239983
1,tonic,float_loop,cold_cli,13,0.002769000013358891
1,cpython,float_loop,cold_cli,13,0.015307749999919906
1,cpython,float_loop,cold_cli,14,0.015675167000154033
1,tonic,float_loop,cold_cli,14,0.0031130420102272183
1,cpython,integer_loop,cold_cli,0,0.019815082981949672
1,tonic,integer_loop,cold_cli,0,0.007480083993868902
1,tonic,integer_loop,cold_cli,1,0.007075415982399136
1,cpython,integer_loop,cold_cli,1,0.019772416999330744
1,cpython,integer_loop,cold_cli,2,0.01971295799012296
1,tonic,integer_loop,cold_cli,2,0.007411541999317706
1,tonic,integer_loop,cold_cli,3,0.007041333010420203
1,cpython,integer_loop,cold_cli,3,0.01974991598399356
1,cpython,integer_loop,cold_cli,4,0.019477958005154505
1,tonic,integer_loop,cold_cli,4,0.007456833001924679
1,tonic,integer_loop,cold_cli,5,0.007140499976230785
1,cpython,integer_loop,cold_cli,5,0.019357832992682233
1,cpython,integer_loop,cold_cli,6,0.019881792017258704
1,tonic,integer_loop,cold_cli,6,0.007517124991863966
1,tonic,integer_loop,cold_cli,7,0.007080750016029924
1,cpython,integer_loop,cold_cli,7,0.019632874988019466
1,cpython,integer_loop,cold_cli,8,0.01954262499930337
1,tonic,integer_loop,cold_cli,8,0.007391749997623265
1,tonic,integer_loop,cold_cli,9,0.007175542006734759
1,cpython,integer_loop,cold_cli,9,0.019721667020348832
1,cpython,integer_loop,cold_cli,10,0.01995516600436531
1,tonic,integer_loop,cold_cli,10,0.007394374988507479
1,tonic,integer_loop,cold_cli,11,0.007138707995181903
1,cpython,integer_loop,cold_cli,11,0.02004224999109283
1,cpython,integer_loop,cold_cli,12,0.01951766698039137
1,tonic,integer_loop,cold_cli,12,0.007418416993459687
1,tonic,integer_loop,cold_cli,13,0.007037749979645014
1,cpython,integer_loop,cold_cli,13,0.019664916006149724
1,cpython,integer_loop,cold_cli,14,0.020027249993290752
1,tonic,integer_loop,cold_cli,14,0.007418958994094282
1,cpython,keyword_calls,cold_cli,0,0.01576891599688679
1,tonic,keyword_calls,cold_cli,0,0.003588708001188934
1,tonic,keyword_calls,cold_cli,1,0.003399792010895908
1,cpython,keyword_calls,cold_cli,1,0.015459499991266057
1,cpython,keyword_calls,cold_cli,2,0.014906583004631102
1,tonic,keyword_calls,cold_cli,2,0.003657875000499189
1,tonic,keyword_calls,cold_cli,3,0.0032030000002123415
1,cpython,keyword_calls,cold_cli,3,0.015071166009875014
1,cpython,keyword_calls,cold_cli,4,0.01485304199741222
1,tonic,keyword_calls,cold_cli,4,0.003532999980961904
1,tonic,keyword_calls,cold_cli,5,0.0031983330263756216
1,cpython,keyword_calls,cold_cli,5,0.014957417006371543
1,cpython,keyword_calls,cold_cli,6,0.014846041012788191
1,tonic,keyword_calls,cold_cli,6,0.0035160410043317825
1,tonic,keyword_calls,cold_cli,7,0.003238458011765033
1,cpython,keyword_calls,cold_cli,7,0.01525354100158438
1,cpython,keyword_calls,cold_cli,8,0.015505917021073401
1,tonic,keyword_calls,cold_cli,8,0.003584334015613422
1,tonic,keyword_calls,cold_cli,9,0.0032986659789457917
1,cpython,keyword_calls,cold_cli,9,0.014893833984388039
1,cpython,keyword_calls,cold_cli,10,0.01512083297711797
1,tonic,keyword_calls,cold_cli,10,0.0034343750157859176
1,tonic,keyword_calls,cold_cli,11,0.003292457986390218
1,cpython,keyword_calls,cold_cli,11,0.015214374987408519
1,cpython,keyword_calls,cold_cli,12,0.015688082989072427
1,tonic,keyword_calls,cold_cli,12,0.0036894999793730676
1,tonic,keyword_calls,cold_cli,13,0.0033847079903353006
1,cpython,keyword_calls,cold_cli,13,0.015090833010617644
1,cpython,keyword_calls,cold_cli,14,0.015322040999308228
1,tonic,keyword_calls,cold_cli,14,0.0036319999780971557
1,cpython,known_calls,cold_cli,0,0.015119582996703684
1,tonic,known_calls,cold_cli,0,0.003201458981493488
1,tonic,known_calls,cold_cli,1,0.0029884999967180192
1,cpython,known_calls,cold_cli,1,0.014827542006969452
1,cpython,known_calls,cold_cli,2,0.014980791980633512
1,tonic,known_calls,cold_cli,2,0.003308750019641593
1,tonic,known_calls,cold_cli,3,0.0030261670181062073
1,cpython,known_calls,cold_cli,3,0.01483583397930488
1,cpython,known_calls,cold_cli,4,0.01574783297837712
1,tonic,known_calls,cold_cli,4,0.0035395000013522804
1,tonic,known_calls,cold_cli,5,0.003143332985928282
1,cpython,known_calls,cold_cli,5,0.01520404199254699
1,cpython,known_calls,cold_cli,6,0.014912040991475806
1,tonic,known_calls,cold_cli,6,0.0032734170090407133
1,tonic,known_calls,cold_cli,7,0.0030389580060727894
1,cpython,known_calls,cold_cli,7,0.014745374995982274
1,cpython,known_calls,cold_cli,8,0.01475991602637805
1,tonic,known_calls,cold_cli,8,0.003226915985578671
1,tonic,known_calls,cold_cli,9,0.00300137500744313
1,cpython,known_calls,cold_cli,9,0.014640750014223158
1,cpython,known_calls,cold_cli,10,0.014720750012202188
1,tonic,known_calls,cold_cli,10,0.003181167005095631
1,tonic,known_calls,cold_cli,11,0.0030080409778747708
1,cpython,known_calls,cold_cli,11,0.014835957990726456
1,cpython,known_calls,cold_cli,12,0.014672040997538716
1,tonic,known_calls,cold_cli,12,0.0032465840049553663
1,tonic,known_calls,cold_cli,13,0.0029732910043094307
1,cpython,known_calls,cold_cli,13,0.014813874993706122
1,cpython,known_calls,cold_cli,14,0.014590707985917106
1,tonic,known_calls,cold_cli,14,0.0032364579965360463
1,cpython,list_iteration,cold_cli,0,0.01439320799545385
1,tonic,list_iteration,cold_cli,0,0.0025660419778432697
1,tonic,list_iteration,cold_cli,1,0.0022857090225443244
1,cpython,list_iteration,cold_cli,1,0.014630166988354176
1,cpython,list_iteration,cold_cli,2,0.014450082991970703
1,tonic,list_iteration,cold_cli,2,0.002336083009140566
1,tonic,list_iteration,cold_cli,3,0.00209404100314714
1,cpython,list_iteration,cold_cli,3,0.014186332991812378
1,cpython,list_iteration,cold_cli,4,0.014459958008956164
1,tonic,list_iteration,cold_cli,4,0.002438416995573789
1,tonic,list_iteration,cold_cli,5,0.002183959004469216
1,cpython,list_iteration,cold_cli,5,0.014307457982795313
1,cpython,list_iteration,cold_cli,6,0.014463583996985108
1,tonic,list_iteration,cold_cli,6,0.002601499989395961
1,tonic,list_iteration,cold_cli,7,0.002160749980248511
1,cpython,list_iteration,cold_cli,7,0.014621458016335964
1,cpython,list_iteration,cold_cli,8,0.014229832973796874
1,tonic,list_iteration,cold_cli,8,0.002398042008280754
1,tonic,list_iteration,cold_cli,9,0.0021010839845985174
1,cpython,list_iteration,cold_cli,9,0.014394458994502202
1,cpython,list_iteration,cold_cli,10,0.01413433300331235
1,tonic,list_iteration,cold_cli,10,0.002412791014648974
1,tonic,list_iteration,cold_cli,11,0.002173790999222547
1,cpython,list_iteration,cold_cli,11,0.014370208024047315
1,cpython,list_iteration,cold_cli,12,0.014541167009156197
1,tonic,list_iteration,cold_cli,12,0.002417208015685901
1,tonic,list_iteration,cold_cli,13,0.002219749992946163
1,cpython,list_iteration,cold_cli,13,0.014939667016733438
1,cpython,list_iteration,cold_cli,14,0.01458629098488018
1,tonic,list_iteration,cold_cli,14,0.0024378750240430236
1,cpython,super_calls,cold_cli,0,0.015122333017643541
1,tonic,super_calls,cold_cli,0,0.005371457984438166
1,tonic,super_calls,cold_cli,1,0.005137083993759006
1,cpython,super_calls,cold_cli,1,0.015338416997110471
1,cpython,super_calls,cold_cli,2,0.015481167007237673
1,tonic,super_calls,cold_cli,2,0.0053829999815206975
1,tonic,super_calls,cold_cli,3,0.0050797500007320195
1,cpython,super_calls,cold_cli,3,0.015133666980545968
1,cpython,super_calls,cold_cli,4,0.014955165999708697
1,tonic,super_calls,cold_cli,4,0.005490624986123294
1,tonic,super_calls,cold_cli,5,0.005138208012795076
1,cpython,super_calls,cold_cli,5,0.015512708021560684
1,cpython,super_calls,cold_cli,6,0.015417791990330443
1,tonic,super_calls,cold_cli,6,0.005530500027816743
1,tonic,super_calls,cold_cli,7,0.0050604999996721745
1,cpython,super_calls,cold_cli,7,0.015273875003913417
1,cpython,super_calls,cold_cli,8,0.015360582998255268
1,tonic,super_calls,cold_cli,8,0.005338333983672783
1,tonic,super_calls,cold_cli,9,0.005091750004794449
1,cpython,super_calls,cold_cli,9,0.01525133301038295
1,cpython,super_calls,cold_cli,10,0.015532042016275227
1,tonic,super_calls,cold_cli,10,0.005333875014912337
1,tonic,super_calls,cold_cli,11,0.005156708008144051
1,cpython,super_calls,cold_cli,11,0.015360624995082617
1,cpython,super_calls,cold_cli,12,0.016224582999711856
1,tonic,super_calls,cold_cli,12,0.005542875005630776
1,tonic,super_calls,cold_cli,13,0.005299958982504904
1,cpython,super_calls,cold_cli,13,0.015705040976172313
1,cpython,super_calls,cold_cli,14,0.01568625000072643
1,tonic,super_calls,cold_cli,14,0.005254291987512261
2,tonic,integer_loop,compile,0,1.3458e-05
2,tonic,integer_loop,compile,1,1.6584e-05
2,tonic,integer_loop,compile,2,1.8e-05
2,tonic,integer_loop,compile,3,1.6125e-05
2,tonic,integer_loop,compile,4,1.7583e-05
2,tonic,integer_loop,compile,5,1.5292e-05
2,tonic,integer_loop,compile,6,1.1542e-05
2,tonic,integer_loop,compile,7,1.3333e-05
2,tonic,integer_loop,compile,8,1.1917e-05
2,tonic,integer_loop,compile,9,1.35e-05
2,tonic,integer_loop,compile,10,1.1625e-05
2,tonic,integer_loop,compile,11,1.5875e-05
2,tonic,integer_loop,compile,12,1.2459e-05
2,tonic,integer_loop,compile,13,1.3417e-05
2,tonic,integer_loop,compile,14,1.15e-05
2,tonic,integer_loop,compile,15,1.3167e-05
2,tonic,integer_loop,compile,16,1.1583e-05
2,tonic,integer_loop,compile,17,1.2917e-05
2,tonic,integer_loop,compile,18,1.1584e-05
2,tonic,integer_loop,compile,19,1.4458e-05
2,tonic,integer_loop,compile,20,1.1417e-05
2,tonic,integer_loop,compile,21,1.4625e-05
2,tonic,integer_loop,compile,22,1.1375e-05
2,tonic,integer_loop,compile,23,1.2917e-05
2,tonic,integer_loop,compile,24,1.1791e-05
2,tonic,integer_loop,compile,25,1.2833e-05
2,tonic,integer_loop,compile,26,1.1708e-05
2,tonic,integer_loop,compile,27,1.3e-05
2,tonic,integer_loop,compile,28,1.1667e-05
2,tonic,integer_loop,compile,29,1.2083e-05
2,tonic,integer_loop,warm_run,0,0.00478975
2,tonic,integer_loop,warm_run,1,0.004805041
2,tonic,integer_loop,warm_run,2,0.004805666
2,tonic,integer_loop,warm_run,3,0.004807458
2,tonic,integer_loop,warm_run,4,0.004821792
2,tonic,integer_loop,warm_run,5,0.004807208
2,tonic,integer_loop,warm_run,6,0.004816333
2,tonic,integer_loop,warm_run,7,0.004802167
2,tonic,integer_loop,warm_run,8,0.004815417
2,tonic,integer_loop,warm_run,9,0.004817
2,tonic,integer_loop,warm_run,10,0.00483425
2,tonic,integer_loop,warm_run,11,0.00491575
2,tonic,integer_loop,warm_run,12,0.005300834
2,tonic,integer_loop,warm_run,13,0.004836
2,tonic,integer_loop,warm_run,14,0.004857916
2,tonic,integer_loop,warm_run,15,0.004839584
2,tonic,integer_loop,warm_run,16,0.004844208
2,tonic,integer_loop,warm_run,17,0.004844709
2,tonic,integer_loop,warm_run,18,0.004838
2,tonic,integer_loop,warm_run,19,0.004847792
2,tonic,integer_loop,warm_run,20,0.004843417
2,tonic,integer_loop,warm_run,21,0.004666042
2,tonic,integer_loop,warm_run,22,0.004715209
2,tonic,integer_loop,warm_run,23,0.004834792
2,tonic,integer_loop,warm_run,24,0.0048135
2,tonic,integer_loop,warm_run,25,0.0048415
2,tonic,integer_loop,warm_run,26,0.004828458
2,tonic,integer_loop,warm_run,27,0.004839041
2,tonic,integer_loop,warm_run,28,0.004848791
2,tonic,integer_loop,warm_run,29,0.004854875
2,tonic,fib_calls,compile,0,2.6833e-05
2,tonic,fib_calls,compile,1,2.95e-05
2,tonic,fib_calls,compile,2,2.9625e-05
2,tonic,fib_calls,compile,3,3.1292e-05
2,tonic,fib_calls,compile,4,3.0125e-05
2,tonic,fib_calls,compile,5,2.8291e-05
2,tonic,fib_calls,compile,6,3.3333e-05
2,tonic,fib_calls,compile,7,3.025e-05
2,tonic,fib_calls,compile,8,2.6042e-05
2,tonic,fib_calls,compile,9,2.8666e-05
2,tonic,fib_calls,compile,10,2.8917e-05
2,tonic,fib_calls,compile,11,2.8125e-05
2,tonic,fib_calls,compile,12,2.8334e-05
2,tonic,fib_calls,compile,13,2.9375e-05
2,tonic,fib_calls,compile,14,2.7958e-05
2,tonic,fib_calls,compile,15,2.8125e-05
2,tonic,fib_calls,compile,16,2.6542e-05
2,tonic,fib_calls,compile,17,2.6333e-05
2,tonic,fib_calls,compile,18,2.6375e-05
2,tonic,fib_calls,compile,19,2.65e-05
2,tonic,fib_calls,compile,20,2.6167e-05
2,tonic,fib_calls,compile,21,2.6375e-05
2,tonic,fib_calls,compile,22,2.6375e-05
2,tonic,fib_calls,compile,23,2.6417e-05
2,tonic,fib_calls,compile,24,2.6458e-05
2,tonic,fib_calls,compile,25,2.65e-05
2,tonic,fib_calls,compile,26,2.6417e-05
2,tonic,fib_calls,compile,27,2.6375e-05
2,tonic,fib_calls,compile,28,2.6333e-05
2,tonic,fib_calls,compile,29,2.6667e-05
2,tonic,fib_calls,warm_run,0,0.002382084
2,tonic,fib_calls,warm_run,1,0.002392834
2,tonic,fib_calls,warm_run,2,0.002384041
2,tonic,fib_calls,warm_run,3,0.002405542
2,tonic,fib_calls,warm_run,4,0.002400875
2,tonic,fib_calls,warm_run,5,0.002409333
2,tonic,fib_calls,warm_run,6,0.002402625
2,tonic,fib_calls,warm_run,7,0.002407041
2,tonic,fib_calls,warm_run,8,0.002413459
2,tonic,fib_calls,warm_run,9,0.002408333
2,tonic,fib_calls,warm_run,10,0.002432167
2,tonic,fib_calls,warm_run,11,0.002265083
2,tonic,fib_calls,warm_run,12,0.002363542
2,tonic,fib_calls,warm_run,13,0.002377042
2,tonic,fib_calls,warm_run,14,0.002368875
2,tonic,fib_calls,warm_run,15,0.0023935
2,tonic,fib_calls,warm_run,16,0.002399042
2,tonic,fib_calls,warm_run,17,0.002400416
2,tonic,fib_calls,warm_run,18,0.00239875
2,tonic,fib_calls,warm_run,19,0.002409583
2,tonic,fib_calls,warm_run,20,0.002412208
2,tonic,fib_calls,warm_run,21,0.002411291
2,tonic,fib_calls,warm_run,22,0.00243075
2,tonic,fib_calls,warm_run,23,0.00242425
2,tonic,fib_calls,warm_run,24,0.002440209
2,tonic,fib_calls,warm_run,25,0.002416041
2,tonic,fib_calls,warm_run,26,0.002400083
2,tonic,fib_calls,warm_run,27,0.002403583
2,tonic,fib_calls,warm_run,28,0.002396167
2,tonic,fib_calls,warm_run,29,0.002395083
2,tonic,known_calls,compile,0,1.525e-05
2,tonic,known_calls,compile,1,1.9958e-05
2,tonic,known_calls,compile,2,2.1375e-05
2,tonic,known_calls,compile,3,2.0375e-05
2,tonic,known_calls,compile,4,1.9584e-05
2,tonic,known_calls,compile,5,1.9292e-05
2,tonic,known_calls,compile,6,1.8083e-05
2,tonic,known_calls,compile,7,1.5625e-05
2,tonic,known_calls,compile,8,1.7458e-05
2,tonic,known_calls,compile,9,1.7709e-05
2,tonic,known_calls,compile,10,1.625e-05
2,tonic,known_calls,compile,11,1.7375e-05
2,tonic,known_calls,compile,12,1.75e-05
2,tonic,known_calls,compile,13,1.4875e-05
2,tonic,known_calls,compile,14,1.7417e-05
2,tonic,known_calls,compile,15,1.6583e-05
2,tonic,known_calls,compile,16,1.7416e-05
2,tonic,known_calls,compile,17,1.8375e-05
2,tonic,known_calls,compile,18,1.925e-05
2,tonic,known_calls,compile,19,1.9125e-05
2,tonic,known_calls,compile,20,1.9083e-05
2,tonic,known_calls,compile,21,1.7e-05
2,tonic,known_calls,compile,22,1.95e-05
2,tonic,known_calls,compile,23,1.9167e-05
2,tonic,known_calls,compile,24,1.95e-05
2,tonic,known_calls,compile,25,1.7792e-05
2,tonic,known_calls,compile,26,1.8959e-05
2,tonic,known_calls,compile,27,1.7458e-05
2,tonic,known_calls,compile,28,1.4625e-05
2,tonic,known_calls,compile,29,1.7375e-05
2,tonic,known_calls,warm_run,0,0.001115291
2,tonic,known_calls,warm_run,1,0.001115584
2,tonic,known_calls,warm_run,2,0.001122959
2,tonic,known_calls,warm_run,3,0.00111
2,tonic,known_calls,warm_run,4,0.001120333
2,tonic,known_calls,warm_run,5,0.001125459
2,tonic,known_calls,warm_run,6,0.001124708
2,tonic,known_calls,warm_run,7,0.001113875
2,tonic,known_calls,warm_run,8,0.001112875
2,tonic,known_calls,warm_run,9,0.001116708
2,tonic,known_calls,warm_run,10,0.001125958
2,tonic,known_calls,warm_run,11,0.001135291
2,tonic,known_calls,warm_run,12,0.001133417
2,tonic,known_calls,warm_run,13,0.001141
2,tonic,known_calls,warm_run,14,0.001137958
2,tonic,known_calls,warm_run,15,0.001142
2,tonic,known_calls,warm_run,16,0.001162959
2,tonic,known_calls,warm_run,17,0.00115725
2,tonic,known_calls,warm_run,18,0.001134334
2,tonic,known_calls,warm_run,19,0.0011445
2,tonic,known_calls,warm_run,20,0.001150834
2,tonic,known_calls,warm_run,21,0.00115
2,tonic,known_calls,warm_run,22,0.001155209
2,tonic,known_calls,warm_run,23,0.001174792
2,tonic,known_calls,warm_run,24,0.001133291
2,tonic,known_calls,warm_run,25,0.0011305
2,tonic,known_calls,warm_run,26,0.0011415
2,tonic,known_calls,warm_run,27,0.001126083
2,tonic,known_calls,warm_run,28,0.001148417
2,tonic,known_calls,warm_run,29,0.0011375
2,tonic,float_loop,compile,0,9.916e-06
2,tonic,float_loop,compile,1,1.3208e-05
2,tonic,float_loop,compile,2,1.3083e-05
2,tonic,float_loop,compile,3,1.2292e-05
2,tonic,float_loop,compile,4,1.1584e-05
2,tonic,float_loop,compile,5,1.0542e-05
2,tonic,float_loop,compile,6,1.0792e-05
2,tonic,float_loop,compile,7,1.1292e-05
2,tonic,float_loop,compile,8,9.417e-06
2,tonic,float_loop,compile,9,1.1042e-05
2,tonic,float_loop,compile,10,1.1375e-05
2,tonic,float_loop,compile,11,9.542e-06
2,tonic,float_loop,compile,12,1.15e-05
2,tonic,float_loop,compile,13,1.25e-05
2,tonic,float_loop,compile,14,1.25e-05
2,tonic,float_loop,compile,15,1.2416e-05
2,tonic,float_loop,compile,16,1.1917e-05
2,tonic,float_loop,compile,17,1.25e-05
2,tonic,float_loop,compile,18,1.2e-05
2,tonic,float_loop,compile,19,1.2458e-05
2,tonic,float_loop,compile,20,1.225e-05
2,tonic,float_loop,compile,21,1.2417e-05
2,tonic,float_loop,compile,22,1.0166e-05
2,tonic,float_loop,compile,23,1.2542e-05
2,tonic,float_loop,compile,24,1.05e-05
2,tonic,float_loop,compile,25,1.25e-05
2,tonic,float_loop,compile,26,1.1042e-05
2,tonic,float_loop,compile,27,1.2459e-05
2,tonic,float_loop,compile,28,1.0792e-05
2,tonic,float_loop,compile,29,1.2541e-05
2,tonic,float_loop,warm_run,0,0.000691
2,tonic,float_loop,warm_run,1,0.000688416
2,tonic,float_loop,warm_run,2,0.000684875
2,tonic,float_loop,warm_run,3,0.000685416
2,tonic,float_loop,warm_run,4,0.000711708
2,tonic,float_loop,warm_run,5,0.000691792
2,tonic,float_loop,warm_run,6,0.000682625
2,tonic,float_loop,warm_run,7,0.000692125
2,tonic,float_loop,warm_run,8,0.000682084
2,tonic,float_loop,warm_run,9,0.000682875
2,tonic,float_loop,warm_run,10,0.000682375
2,tonic,float_loop,warm_run,11,0.00069475
2,tonic,float_loop,warm_run,12,0.000682916
2,tonic,float_loop,warm_run,13,0.000680875
2,tonic,float_loop,warm_run,14,0.000682417
2,tonic,float_loop,warm_run,15,0.000682875
2,tonic,float_loop,warm_run,16,0.000679292
2,tonic,float_loop,warm_run,17,0.000682542
2,tonic,float_loop,warm_run,18,0.000682708
2,tonic,float_loop,warm_run,19,0.000681875
2,tonic,float_loop,warm_run,20,0.0006815
2,tonic,float_loop,warm_run,21,0.000683291
2,tonic,float_loop,warm_run,22,0.000687875
2,tonic,float_loop,warm_run,23,0.000693416
2,tonic,float_loop,warm_run,24,0.000692458
2,tonic,float_loop,warm_run,25,0.0006785
2,tonic,float_loop,warm_run,26,0.000681833
2,tonic,float_loop,warm_run,27,0.000686333
2,tonic,float_loop,warm_run,28,0.000713541
2,tonic,float_loop,warm_run,29,0.000678917
2,tonic,list_iteration,compile,0,1.7459e-05
2,tonic,list_iteration,compile,1,2.2e-05
2,tonic,list_iteration,compile,2,2.2292e-05
2,tonic,list_iteration,compile,3,2.1875e-05
2,tonic,list_iteration,compile,4,2.1333e-05
2,tonic,list_iteration,compile,5,2.075e-05
2,tonic,list_iteration,compile,6,1.9709e-05
2,tonic,list_iteration,compile,7,1.975e-05
2,tonic,list_iteration,compile,8,1.675e-05
2,tonic,list_iteration,compile,9,1.9833e-05
2,tonic,list_iteration,compile,10,1.8375e-05
2,tonic,list_iteration,compile,11,1.9792e-05
2,tonic,list_iteration,compile,12,1.7583e-05
2,tonic,list_iteration,compile,13,2.0333e-05
2,tonic,list_iteration,compile,14,2.15e-05
2,tonic,list_iteration,compile,15,2.1792e-05
2,tonic,list_iteration,compile,16,2.175e-05
2,tonic,list_iteration,compile,17,2.2e-05
2,tonic,list_iteration,compile,18,2.1875e-05
2,tonic,list_iteration,compile,19,2.2083e-05
2,tonic,list_iteration,compile,20,2.2042e-05
2,tonic,list_iteration,compile,21,1.9541e-05
2,tonic,list_iteration,compile,22,2.175e-05
2,tonic,list_iteration,compile,23,2.0916e-05
2,tonic,list_iteration,compile,24,1.9625e-05
2,tonic,list_iteration,compile,25,1.9708e-05
2,tonic,list_iteration,compile,26,1.7458e-05
2,tonic,list_iteration,compile,27,1.9667e-05
2,tonic,list_iteration,compile,28,1.9666e-05
2,tonic,list_iteration,compile,29,1.9958e-05
2,tonic,list_iteration,warm_run,0,0.000281583
2,tonic,list_iteration,warm_run,1,0.000288583
2,tonic,list_iteration,warm_run,2,0.000284791
2,tonic,list_iteration,warm_run,3,0.000285625
2,tonic,list_iteration,warm_run,4,0.000296709
2,tonic,list_iteration,warm_run,5,0.00028375
2,tonic,list_iteration,warm_run,6,0.000284791
2,tonic,list_iteration,warm_run,7,0.000285083
2,tonic,list_iteration,warm_run,8,0.0002885
2,tonic,list_iteration,warm_run,9,0.000286458
2,tonic,list_iteration,warm_run,10,0.000286208
2,tonic,list_iteration,warm_run,11,0.0002855
2,tonic,list_iteration,warm_run,12,0.000286458
2,tonic,list_iteration,warm_run,13,0.000284792
2,tonic,list_iteration,warm_run,14,0.000286625
2,tonic,list_iteration,warm_run,15,0.000286584
2,tonic,list_iteration,warm_run,16,0.000289375
2,tonic,list_iteration,warm_run,17,0.00028675
2,tonic,list_iteration,warm_run,18,0.000286291
2,tonic,list_iteration,warm_run,19,0.000284958
2,tonic,list_iteration,warm_run,20,0.000292416
2,tonic,list_iteration,warm_run,21,0.000286875
2,tonic,list_iteration,warm_run,22,0.000285208
2,tonic,list_iteration,warm_run,23,0.000287833
2,tonic,list_iteration,warm_run,24,0.000286917
2,tonic,list_iteration,warm_run,25,0.00028625
2,tonic,list_iteration,warm_run,26,0.000284583
2,tonic,list_iteration,warm_run,27,0.000288667
2,tonic,list_iteration,warm_run,28,0.000285959
2,tonic,list_iteration,warm_run,29,0.000290167
2,tonic,closure_calls,compile,0,1.9125e-05
2,tonic,closure_calls,compile,1,2.4084e-05
2,tonic,closure_calls,compile,2,2.4125e-05
2,tonic,closure_calls,compile,3,2.3209e-05
2,tonic,closure_calls,compile,4,2.3833e-05
2,tonic,closure_calls,compile,5,1.9833e-05
2,tonic,closure_calls,compile,6,2.0583e-05
2,tonic,closure_calls,compile,7,2.3875e-05
2,tonic,closure_calls,compile,8,1.9834e-05
2,tonic,closure_calls,compile,9,2.0584e-05
2,tonic,closure_calls,compile,10,2.575e-05
2,tonic,closure_calls,compile,11,2.4709e-05
2,tonic,closure_calls,compile,12,2.4083e-05
2,tonic,closure_calls,compile,13,2e-05
2,tonic,closure_calls,compile,14,2.025e-05
2,tonic,closure_calls,compile,15,2.3875e-05
2,tonic,closure_calls,compile,16,1.9875e-05
2,tonic,closure_calls,compile,17,2.0708e-05
2,tonic,closure_calls,compile,18,2.4e-05
2,tonic,closure_calls,compile,19,1.9875e-05
2,tonic,closure_calls,compile,20,2.0459e-05
2,tonic,closure_calls,compile,21,2.3917e-05
2,tonic,closure_calls,compile,22,1.9917e-05
2,tonic,closure_calls,compile,23,2.05e-05
2,tonic,closure_calls,compile,24,2.3791e-05
2,tonic,closure_calls,compile,25,2.0084e-05
2,tonic,closure_calls,compile,26,2.0333e-05
2,tonic,closure_calls,compile,27,2.4041e-05
2,tonic,closure_calls,compile,28,2e-05
2,tonic,closure_calls,compile,29,2.05e-05
2,tonic,closure_calls,warm_run,0,0.001071375
2,tonic,closure_calls,warm_run,1,0.001070541
2,tonic,closure_calls,warm_run,2,0.001058959
2,tonic,closure_calls,warm_run,3,0.001054417
2,tonic,closure_calls,warm_run,4,0.001054625
2,tonic,closure_calls,warm_run,5,0.001065458
2,tonic,closure_calls,warm_run,6,0.001058625
2,tonic,closure_calls,warm_run,7,0.001058084
2,tonic,closure_calls,warm_run,8,0.001064125
2,tonic,closure_calls,warm_run,9,0.001062833
2,tonic,closure_calls,warm_run,10,0.001057833
2,tonic,closure_calls,warm_run,11,0.001046208
2,tonic,closure_calls,warm_run,12,0.001057042
2,tonic,closure_calls,warm_run,13,0.001074083
2,tonic,closure_calls,warm_run,14,0.00106575
2,tonic,closure_calls,warm_run,15,0.001080167
2,tonic,closure_calls,warm_run,16,0.001068375
2,tonic,closure_calls,warm_run,17,0.001072458
2,tonic,closure_calls,warm_run,18,0.001064375
2,tonic,closure_calls,warm_run,19,0.00106425
2,tonic,closure_calls,warm_run,20,0.001057625
2,tonic,closure_calls,warm_run,21,0.001050458
2,tonic,closure_calls,warm_run,22,0.001064042
2,tonic,closure_calls,warm_run,23,0.001074958
2,tonic,closure_calls,warm_run,24,0.001162666
2,tonic,closure_calls,warm_run,25,0.001038334
2,tonic,closure_calls,warm_run,26,0.00099275
2,tonic,closure_calls,warm_run,27,0.00101875
2,tonic,closure_calls,warm_run,28,0.00104475
2,tonic,closure_calls,warm_run,29,0.001056333
2,tonic,keyword_calls,compile,0,1.9708e-05
2,tonic,keyword_calls,compile,1,2.525e-05
2,tonic,keyword_calls,compile,2,2.5e-05
2,tonic,keyword_calls,compile,3,2.4458e-05
2,tonic,keyword_calls,compile,4,2.4084e-05
2,tonic,keyword_calls,compile,5,2.0084e-05
2,tonic,keyword_calls,compile,6,2.075e-05
2,tonic,keyword_calls,compile,7,2.4708e-05
2,tonic,keyword_calls,compile,8,2.0125e-05
2,tonic,keyword_calls,compile,9,2.325e-05
2,tonic,keyword_calls,compile,10,2.4417e-05
2,tonic,keyword_calls,compile,11,2.0042e-05
2,tonic,keyword_calls,compile,12,2.0666e-05
2,tonic,keyword_calls,compile,13,2.425e-05
2,tonic,keyword_calls,compile,14,2.0292e-05
2,tonic,keyword_calls,compile,15,2.1167e-05
2,tonic,keyword_calls,compile,16,2.4458e-05
2,tonic,keyword_calls,compile,17,2.4041e-05
2,tonic,keyword_calls,compile,18,2.4125e-05
2,tonic,keyword_calls,compile,19,2.2125e-05
2,tonic,keyword_calls,compile,20,1.9958e-05
2,tonic,keyword_calls,compile,21,2.4125e-05
2,tonic,keyword_calls,compile,22,2.4125e-05
2,tonic,keyword_calls,compile,23,2.125e-05
2,tonic,keyword_calls,compile,24,2.4416e-05
2,tonic,keyword_calls,compile,25,2.0666e-05
2,tonic,keyword_calls,compile,26,2.1667e-05
2,tonic,keyword_calls,compile,27,2.4208e-05
2,tonic,keyword_calls,compile,28,2.4334e-05
2,tonic,keyword_calls,compile,29,1.7834e-05
2,tonic,keyword_calls,warm_run,0,0.001377583
2,tonic,keyword_calls,warm_run,1,0.001404042
2,tonic,keyword_calls,warm_run,2,0.001371917
2,tonic,keyword_calls,warm_run,3,0.001388791
2,tonic,keyword_calls,warm_run,4,0.001404958
2,tonic,keyword_calls,warm_run,5,0.001420084
2,tonic,keyword_calls,warm_run,6,0.001385208
2,tonic,keyword_calls,warm_run,7,0.0013895
2,tonic,keyword_calls,warm_run,8,0.001374208
2,tonic,keyword_calls,warm_run,9,0.001375125
2,tonic,keyword_calls,warm_run,10,0.001381125
2,tonic,keyword_calls,warm_run,11,0.001375333
2,tonic,keyword_calls,warm_run,12,0.00137575
2,tonic,keyword_calls,warm_run,13,0.001413875
2,tonic,keyword_calls,warm_run,14,0.001373292
2,tonic,keyword_calls,warm_run,15,0.00138475
2,tonic,keyword_calls,warm_run,16,0.001402041
2,tonic,keyword_calls,warm_run,17,0.001417875
2,tonic,keyword_calls,warm_run,18,0.001398875
2,tonic,keyword_calls,warm_run,19,0.001395541
2,tonic,keyword_calls,warm_run,20,0.001263291
2,tonic,keyword_calls,warm_run,21,0.001335
2,tonic,keyword_calls,warm_run,22,0.001329333
2,tonic,keyword_calls,warm_run,23,0.001352792
2,tonic,keyword_calls,warm_run,24,0.001357708
2,tonic,keyword_calls,warm_run,25,0.001394458
2,tonic,keyword_calls,warm_run,26,0.001374084
2,tonic,keyword_calls,warm_run,27,0.001367125
2,tonic,keyword_calls,warm_run,28,0.001394667
2,tonic,keyword_calls,warm_run,29,0.001403375
2,tonic,dict_lookup,compile,0,1.6458e-05
2,tonic,dict_lookup,compile,1,2.1792e-05
2,tonic,dict_lookup,compile,2,2.1375e-05
2,tonic,dict_lookup,compile,3,2.0958e-05
2,tonic,dict_lookup,compile,4,2.1375e-05
2,tonic,dict_lookup,compile,5,2.5125e-05
2,tonic,dict_lookup,compile,6,2.3375e-05
2,tonic,dict_lookup,compile,7,2.2125e-05
2,tonic,dict_lookup,compile,8,2.0875e-05
2,tonic,dict_lookup,compile,9,2.1125e-05
2,tonic,dict_lookup,compile,10,2.1083e-05
2,tonic,dict_lookup,compile,11,2.0916e-05
2,tonic,dict_lookup,compile,12,2.075e-05
2,tonic,dict_lookup,compile,13,2.05e-05
2,tonic,dict_lookup,compile,14,2.0958e-05
2,tonic,dict_lookup,compile,15,2.0833e-05
2,tonic,dict_lookup,compile,16,2.0875e-05
2,tonic,dict_lookup,compile,17,1.9417e-05
2,tonic,dict_lookup,compile,18,1.875e-05
2,tonic,dict_lookup,compile,19,1.6917e-05
2,tonic,dict_lookup,compile,20,1.8584e-05
2,tonic,dict_lookup,compile,21,1.8542e-05
2,tonic,dict_lookup,compile,22,1.6959e-05
2,tonic,dict_lookup,compile,23,1.8833e-05
2,tonic,dict_lookup,compile,24,1.8792e-05
2,tonic,dict_lookup,compile,25,1.675e-05
2,tonic,dict_lookup,compile,26,1.8708e-05
2,tonic,dict_lookup,compile,27,1.8667e-05
2,tonic,dict_lookup,compile,28,1.6875e-05
2,tonic,dict_lookup,compile,29,1.8709e-05
2,tonic,dict_lookup,warm_run,0,0.000920833
2,tonic,dict_lookup,warm_run,1,0.000926417
2,tonic,dict_lookup,warm_run,2,0.000934125
2,tonic,dict_lookup,warm_run,3,0.000935459
2,tonic,dict_lookup,warm_run,4,0.000958584
2,tonic,dict_lookup,warm_run,5,0.000933583
2,tonic,dict_lookup,warm_run,6,0.000943417
2,tonic,dict_lookup,warm_run,7,0.000936042
2,tonic,dict_lookup,warm_run,8,0.000955292
2,tonic,dict_lookup,warm_run,9,0.000953625
2,tonic,dict_lookup,warm_run,10,0.000965875
2,tonic,dict_lookup,warm_run,11,0.000967417
2,tonic,dict_lookup,warm_run,12,0.000928292
2,tonic,dict_lookup,warm_run,13,0.00094025
2,tonic,dict_lookup,warm_run,14,0.000929666
2,tonic,dict_lookup,warm_run,15,0.000965709
2,tonic,dict_lookup,warm_run,16,0.000977125
2,tonic,dict_lookup,warm_run,17,0.000930458
2,tonic,dict_lookup,warm_run,18,0.000927166
2,tonic,dict_lookup,warm_run,19,0.000933959
2,tonic,dict_lookup,warm_run,20,0.000939917
2,tonic,dict_lookup,warm_run,21,0.000927375
2,tonic,dict_lookup,warm_run,22,0.000939166
2,tonic,dict_lookup,warm_run,23,0.0009195
2,tonic,dict_lookup,warm_run,24,0.000930917
2,tonic,dict_lookup,warm_run,25,0.000934125
2,tonic,dict_lookup,warm_run,26,0.000932125
2,tonic,dict_lookup,warm_run,27,0.000929583
2,tonic,dict_lookup,warm_run,28,0.000923416
2,tonic,dict_lookup,warm_run,29,0.000939458
2,tonic,dict_insert,compile,0,1.2125e-05
2,tonic,dict_insert,compile,1,1.5625e-05
2,tonic,dict_insert,compile,2,1.575e-05
2,tonic,dict_insert,compile,3,1.4542e-05
2,tonic,dict_insert,compile,4,1.5125e-05
2,tonic,dict_insert,compile,5,1.55e-05
2,tonic,dict_insert,compile,6,1.2583e-05
2,tonic,dict_insert,compile,7,1.5375e-05
2,tonic,dict_insert,compile,8,1.4333e-05
2,tonic,dict_insert,compile,9,1.5375e-05
2,tonic,dict_insert,compile,10,1.5375e-05
2,tonic,dict_insert,compile,11,1.2625e-05
2,tonic,dict_insert,compile,12,1.5333e-05
2,tonic,dict_insert,compile,13,1.4083e-05
2,tonic,dict_insert,compile,14,1.5417e-05
2,tonic,dict_insert,compile,15,1.5333e-05
2,tonic,dict_insert,compile,16,1.475e-05
2,tonic,dict_insert,compile,17,1.2666e-05
2,tonic,dict_insert,compile,18,1.2583e-05
2,tonic,dict_insert,compile,19,2.2292e-05
2,tonic,dict_insert,compile,20,2.1333e-05
2,tonic,dict_insert,compile,21,1.7042e-05
2,tonic,dict_insert,compile,22,1.5875e-05
2,tonic,dict_insert,compile,23,1.45e-05
2,tonic,dict_insert,compile,24,1.5875e-05
2,tonic,dict_insert,compile,25,1.5917e-05
2,tonic,dict_insert,compile,26,1.4542e-05
2,tonic,dict_insert,compile,27,1.55e-05
2,tonic,dict_insert,compile,28,1.5167e-05
2,tonic,dict_insert,compile,29,1.2708e-05
2,tonic,dict_insert,warm_run,0,0.001036792
2,tonic,dict_insert,warm_run,1,0.001057291
2,tonic,dict_insert,warm_run,2,0.001104042
2,tonic,dict_insert,warm_run,3,0.001060666
2,tonic,dict_insert,warm_run,4,0.001056625
2,tonic,dict_insert,warm_run,5,0.001060292
2,tonic,dict_insert,warm_run,6,0.001058583
2,tonic,dict_insert,warm_run,7,0.001055208
2,tonic,dict_insert,warm_run,8,0.001057708
2,tonic,dict_insert,warm_run,9,0.001057167
2,tonic,dict_insert,warm_run,10,0.001047875
2,tonic,dict_insert,warm_run,11,0.000977916
2,tonic,dict_insert,warm_run,12,0.001012208
2,tonic,dict_insert,warm_run,13,0.00106125
2,tonic,dict_insert,warm_run,14,0.001045583
2,tonic,dict_insert,warm_run,15,0.001065333
2,tonic,dict_insert,warm_run,16,0.0010625
2,tonic,dict_insert,warm_run,17,0.001087667
2,tonic,dict_insert,warm_run,18,0.001064667
2,tonic,dict_insert,warm_run,19,0.0010695
2,tonic,dict_insert,warm_run,20,0.001065416
2,tonic,dict_insert,warm_run,21,0.001064125
2,tonic,dict_insert,warm_run,22,0.001084584
2,tonic,dict_insert,warm_run,23,0.001073625
2,tonic,dict_insert,warm_run,24,0.001078708
2,tonic,dict_insert,warm_run,25,0.001094583
2,tonic,dict_insert,warm_run,26,0.001097958
2,tonic,dict_insert,warm_run,27,0.001054541
2,tonic,dict_insert,warm_run,28,0.001065958
2,tonic,dict_insert,warm_run,29,0.001091167
2,tonic,attribute_load,compile,0,1.5375e-05
2,tonic,attribute_load,compile,1,1.9708e-05
2,tonic,attribute_load,compile,2,1.9958e-05
2,tonic,attribute_load,compile,3,1.9334e-05
2,tonic,attribute_load,compile,4,1.9375e-05
2,tonic,attribute_load,compile,5,1.8917e-05
2,tonic,attribute_load,compile,6,1.9625e-05
2,tonic,attribute_load,compile,7,1.9375e-05
2,tonic,attribute_load,compile,8,1.9208e-05
2,tonic,attribute_load,compile,9,1.6792e-05
2,tonic,attribute_load,compile,10,1.9416e-05
2,tonic,attribute_load,compile,11,1.9208e-05
2,tonic,attribute_load,compile,12,1.9417e-05
2,tonic,attribute_load,compile,13,1.9208e-05
2,tonic,attribute_load,compile,14,1.9208e-05
2,tonic,attribute_load,compile,15,1.9125e-05
2,tonic,attribute_load,compile,16,1.9416e-05
2,tonic,attribute_load,compile,17,1.7208e-05
2,tonic,attribute_load,compile,18,1.9167e-05
2,tonic,attribute_load,compile,19,1.9375e-05
2,tonic,attribute_load,compile,20,1.9125e-05
2,tonic,attribute_load,compile,21,1.7542e-05
2,tonic,attribute_load,compile,22,1.7333e-05
2,tonic,attribute_load,compile,23,1.6167e-05
2,tonic,attribute_load,compile,24,1.7375e-05
2,tonic,attribute_load,compile,25,1.7583e-05
2,tonic,attribute_load,compile,26,1.6209e-05
2,tonic,attribute_load,compile,27,1.75e-05
2,tonic,attribute_load,compile,28,1.7458e-05
2,tonic,attribute_load,compile,29,1.625e-05
2,tonic,attribute_load,warm_run,0,0.000825416
2,tonic,attribute_load,warm_run,1,0.000849083
2,tonic,attribute_load,warm_run,2,0.0008695
2,tonic,attribute_load,warm_run,3,0.000869875
2,tonic,attribute_load,warm_run,4,0.000867292
2,tonic,attribute_load,warm_run,5,0.000863875
2,tonic,attribute_load,warm_run,6,0.000857208
2,tonic,attribute_load,warm_run,7,0.000870084
2,tonic,attribute_load,warm_run,8,0.000858375
2,tonic,attribute_load,warm_run,9,0.000857666
2,tonic,attribute_load,warm_run,10,0.000856375
2,tonic,attribute_load,warm_run,11,0.000873209
2,tonic,attribute_load,warm_run,12,0.000858875
2,tonic,attribute_load,warm_run,13,0.000854
2,tonic,attribute_load,warm_run,14,0.000833375
2,tonic,attribute_load,warm_run,15,0.000855209
2,tonic,attribute_load,warm_run,16,0.000865875
2,tonic,attribute_load,warm_run,17,0.000843667
2,tonic,attribute_load,warm_run,18,0.000868667
2,tonic,attribute_load,warm_run,19,0.000885291
2,tonic,attribute_load,warm_run,20,0.000859333
2,tonic,attribute_load,warm_run,21,0.000843916
2,tonic,attribute_load,warm_run,22,0.000845291
2,tonic,attribute_load,warm_run,23,0.000843
2,tonic,attribute_load,warm_run,24,0.000842917
2,tonic,attribute_load,warm_run,25,0.000843666
2,tonic,attribute_load,warm_run,26,0.0008575
2,tonic,attribute_load,warm_run,27,0.000844958
2,tonic,attribute_load,warm_run,28,0.000845583
2,tonic,attribute_load,warm_run,29,0.000842625
2,tonic,bound_method_calls,compile,0,1.8125e-05
2,tonic,bound_method_calls,compile,1,2.1083e-05
2,tonic,bound_method_calls,compile,2,1.8542e-05
2,tonic,bound_method_calls,compile,3,2.0667e-05
2,tonic,bound_method_calls,compile,4,2.1291e-05
2,tonic,bound_method_calls,compile,5,2.175e-05
2,tonic,bound_method_calls,compile,6,2.2833e-05
2,tonic,bound_method_calls,compile,7,2.2875e-05
2,tonic,bound_method_calls,compile,8,2.2833e-05
2,tonic,bound_method_calls,compile,9,2.2708e-05
2,tonic,bound_method_calls,compile,10,2.2708e-05
2,tonic,bound_method_calls,compile,11,2.2875e-05
2,tonic,bound_method_calls,compile,12,2.2875e-05
2,tonic,bound_method_calls,compile,13,2.2917e-05
2,tonic,bound_method_calls,compile,14,2.2666e-05
2,tonic,bound_method_calls,compile,15,2.2708e-05
2,tonic,bound_method_calls,compile,16,2.2916e-05
2,tonic,bound_method_calls,compile,17,2.3042e-05
2,tonic,bound_method_calls,compile,18,2.2833e-05
2,tonic,bound_method_calls,compile,19,2.2708e-05
2,tonic,bound_method_calls,compile,20,2.2833e-05
2,tonic,bound_method_calls,compile,21,2.2875e-05
2,tonic,bound_method_calls,compile,22,2.05e-05
2,tonic,bound_method_calls,compile,23,2.075e-05
2,tonic,bound_method_calls,compile,24,2.0541e-05
2,tonic,bound_method_calls,compile,25,2.0375e-05
2,tonic,bound_method_calls,compile,26,1.7959e-05
2,tonic,bound_method_calls,compile,27,2.0625e-05
2,tonic,bound_method_calls,compile,28,2.0458e-05
2,tonic,bound_method_calls,compile,29,2.0334e-05
2,tonic,bound_method_calls,warm_run,0,0.00168475
2,tonic,bound_method_calls,warm_run,1,0.001691459
2,tonic,bound_method_calls,warm_run,2,0.001685666
2,tonic,bound_method_calls,warm_run,3,0.00169325
2,tonic,bound_method_calls,warm_run,4,0.001676917
2,tonic,bound_method_calls,warm_run,5,0.001687459
2,tonic,bound_method_calls,warm_run,6,0.001705416
2,tonic,bound_method_calls,warm_run,7,0.001679542
2,tonic,bound_method_calls,warm_run,8,0.00168575
2,tonic,bound_method_calls,warm_run,9,0.001690334
2,tonic,bound_method_calls,warm_run,10,0.001686125
2,tonic,bound_method_calls,warm_run,11,0.001692459
2,tonic,bound_method_calls,warm_run,12,0.001697834
2,tonic,bound_method_calls,warm_run,13,0.001680833
2,tonic,bound_method_calls,warm_run,14,0.001691125
2,tonic,bound_method_calls,warm_run,15,0.001687917
2,tonic,bound_method_calls,warm_run,16,0.001681
2,tonic,bound_method_calls,warm_run,17,0.001684
2,tonic,bound_method_calls,warm_run,18,0.001694
2,tonic,bound_method_calls,warm_run,19,0.001684333
2,tonic,bound_method_calls,warm_run,20,0.001691
2,tonic,bound_method_calls,warm_run,21,0.00171875
2,tonic,bound_method_calls,warm_run,22,0.001698542
2,tonic,bound_method_calls,warm_run,23,0.001748875
2,tonic,bound_method_calls,warm_run,24,0.00169675
2,tonic,bound_method_calls,warm_run,25,0.001693375
2,tonic,bound_method_calls,warm_run,26,0.001723167
2,tonic,bound_method_calls,warm_run,27,0.001702208
2,tonic,bound_method_calls,warm_run,28,0.0017205
2,tonic,bound_method_calls,warm_run,29,0.001717875
2,tonic,descriptor_load,compile,0,2.2e-05
2,tonic,descriptor_load,compile,1,2.7292e-05
2,tonic,descriptor_load,compile,2,2.7792e-05
2,tonic,descriptor_load,compile,3,2.5375e-05
2,tonic,descriptor_load,compile,4,2.5041e-05
2,tonic,descriptor_load,compile,5,2.4959e-05
2,tonic,descriptor_load,compile,6,2.5042e-05
2,tonic,descriptor_load,compile,7,2.4667e-05
2,tonic,descriptor_load,compile,8,2.5167e-05
2,tonic,descriptor_load,compile,9,2.4791e-05
2,tonic,descriptor_load,compile,10,2.4875e-05
2,tonic,descriptor_load,compile,11,2.4917e-05
2,tonic,descriptor_load,compile,12,2.6083e-05
2,tonic,descriptor_load,compile,13,2.4333e-05
2,tonic,descriptor_load,compile,14,2.675e-05
2,tonic,descriptor_load,compile,15,2.6916e-05
2,tonic,descriptor_load,compile,16,2.6875e-05
2,tonic,descriptor_load,compile,17,2.6916e-05
2,tonic,descriptor_load,compile,18,2.675e-05
2,tonic,descriptor_load,compile,19,2.675e-05
2,tonic,descriptor_load,compile,20,2.6833e-05
2,tonic,descriptor_load,compile,21,2.775e-05
2,tonic,descriptor_load,compile,22,2.2416e-05
2,tonic,descriptor_load,compile,23,2.4834e-05
2,tonic,descriptor_load,compile,24,2.4917e-05
2,tonic,descriptor_load,compile,25,2.4875e-05
2,tonic,descriptor_load,compile,26,2.4708e-05
2,tonic,descriptor_load,compile,27,2.5208e-05
2,tonic,descriptor_load,compile,28,2.4709e-05
2,tonic,descriptor_load,compile,29,2.5125e-05
2,tonic,descriptor_load,warm_run,0,0.002087375
2,tonic,descriptor_load,warm_run,1,0.002068708
2,tonic,descriptor_load,warm_run,2,0.002075875
2,tonic,descriptor_load,warm_run,3,0.002061333
2,tonic,descriptor_load,warm_run,4,0.002068959
2,tonic,descriptor_load,warm_run,5,0.002043375
2,tonic,descriptor_load,warm_run,6,0.002041292
2,tonic,descriptor_load,warm_run,7,0.002045125
2,tonic,descriptor_load,warm_run,8,0.002178834
2,tonic,descriptor_load,warm_run,9,0.002124709
2,tonic,descriptor_load,warm_run,10,0.002126209
2,tonic,descriptor_load,warm_run,11,0.002116791
2,tonic,descriptor_load,warm_run,12,0.002115625
2,tonic,descriptor_load,warm_run,13,0.002148
2,tonic,descriptor_load,warm_run,14,0.002127292
2,tonic,descriptor_load,warm_run,15,0.002145208
2,tonic,descriptor_load,warm_run,16,0.002157166
2,tonic,descriptor_load,warm_run,17,0.002136125
2,tonic,descriptor_load,warm_run,18,0.002119917
2,tonic,descriptor_load,warm_run,19,0.002107584
2,tonic,descriptor_load,warm_run,20,0.002107833
2,tonic,descriptor_load,warm_run,21,0.002112959
2,tonic,descriptor_load,warm_run,22,0.002126208
2,tonic,descriptor_load,warm_run,23,0.002137
2,tonic,descriptor_load,warm_run,24,0.002148083
2,tonic,descriptor_load,warm_run,25,0.002113583
2,tonic,descriptor_load,warm_run,26,0.002114375
2,tonic,descriptor_load,warm_run,27,0.002106625
2,tonic,descriptor_load,warm_run,28,0.002099292
2,tonic,descriptor_load,warm_run,29,0.002105541
2,tonic,super_calls,compile,0,2.5542e-05
2,tonic,super_calls,compile,1,2.6625e-05
2,tonic,super_calls,compile,2,3.2458e-05
2,tonic,super_calls,compile,3,2.8542e-05
2,tonic,super_calls,compile,4,3.2167e-05
2,tonic,super_calls,compile,5,2.8459e-05
2,tonic,super_calls,compile,6,3.275e-05
2,tonic,super_calls,compile,7,2.8125e-05
2,tonic,super_calls,compile,8,3.2458e-05
2,tonic,super_calls,compile,9,2.8417e-05
2,tonic,super_calls,compile,10,3.2625e-05
2,tonic,super_calls,compile,11,2.8417e-05
2,tonic,super_calls,compile,12,3.2291e-05
2,tonic,super_calls,compile,13,2.8458e-05
2,tonic,super_calls,compile,14,3.2125e-05
2,tonic,super_calls,compile,15,2.8458e-05
2,tonic,super_calls,compile,16,3.2e-05
2,tonic,super_calls,compile,17,2.8292e-05
2,tonic,super_calls,compile,18,3.2416e-05
2,tonic,super_calls,compile,19,2.8292e-05
2,tonic,super_calls,compile,20,3.2375e-05
2,tonic,super_calls,compile,21,2.825e-05
2,tonic,super_calls,compile,22,3.2208e-05
2,tonic,super_calls,compile,23,3.0875e-05
2,tonic,super_calls,compile,24,3.0333e-05
2,tonic,super_calls,compile,25,3.0459e-05
2,tonic,super_calls,compile,26,3.0208e-05
2,tonic,super_calls,compile,27,3.0458e-05
2,tonic,super_calls,compile,28,3.1042e-05
2,tonic,super_calls,compile,29,3.05e-05
2,tonic,super_calls,warm_run,0,0.003519917
2,tonic,super_calls,warm_run,1,0.0031695
2,tonic,super_calls,warm_run,2,0.003275125
2,tonic,super_calls,warm_run,3,0.003251792
2,tonic,super_calls,warm_run,4,0.003296208
2,tonic,super_calls,warm_run,5,0.003341
2,tonic,super_calls,warm_run,6,0.003443709
2,tonic,super_calls,warm_run,7,0.003453417
2,tonic,super_calls,warm_run,8,0.003527709
2,tonic,super_calls,warm_run,9,0.00357475
2,tonic,super_calls,warm_run,10,0.003388917
2,tonic,super_calls,warm_run,11,0.0032645
2,tonic,super_calls,warm_run,12,0.00329225
2,tonic,super_calls,warm_run,13,0.003362583
2,tonic,super_calls,warm_run,14,0.003427458
2,tonic,super_calls,warm_run,15,0.003416167
2,tonic,super_calls,warm_run,16,0.003228041
2,tonic,super_calls,warm_run,17,0.003313125
2,tonic,super_calls,warm_run,18,0.003314458
2,tonic,super_calls,warm_run,19,0.003406667
2,tonic,super_calls,warm_run,20,0.003427916
2,tonic,super_calls,warm_run,21,0.003365041
2,tonic,super_calls,warm_run,22,0.003427292
2,tonic,super_calls,warm_run,23,0.003507334
2,tonic,super_calls,warm_run,24,0.003530292
2,tonic,super_calls,warm_run,25,0.003302041
2,tonic,super_calls,warm_run,26,0.003236
2,tonic,super_calls,warm_run,27,0.003291292
2,tonic,super_calls,warm_run,28,0.003325375
2,tonic,super_calls,warm_run,29,0.003398625
2,cpython,attribute_load,compile,0,1.7375015886500478e-05
2,cpython,attribute_load,compile,1,1.783299376256764e-05
2,cpython,attribute_load,compile,2,1.7582991858944297e-05
2,cpython,attribute_load,compile,3,1.7166981706395745e-05
2,cpython,attribute_load,compile,4,1.6959005733951926e-05
2,cpython,attribute_load,compile,5,1.6999983927235007e-05
2,cpython,attribute_load,compile,6,1.691700890660286e-05
2,cpython,attribute_load,compile,7,1.7000013031065464e-05
2,cpython,attribute_load,compile,8,1.6833015251904726e-05
2,cpython,attribute_load,compile,9,1.6958016203716397e-05
2,cpython,attribute_load,compile,10,1.6874982975423336e-05
2,cpython,attribute_load,compile,11,1.704200985841453e-05
2,cpython,attribute_load,compile,12,1.695798709988594e-05
2,cpython,attribute_load,compile,13,1.6875012079253793e-05
2,cpython,attribute_load,compile,14,1.695798709988594e-05
2,cpython,attribute_load,compile,15,1.691700890660286e-05
2,cpython,attribute_load,compile,16,1.6874982975423336e-05
2,cpython,attribute_load,compile,17,1.6708014300093055e-05
2,cpython,attribute_load,compile,18,1.691700890660286e-05
2,cpython,attribute_load,compile,19,1.6875012079253793e-05
2,cpython,attribute_load,compile,20,1.691700890660286e-05
2,cpython,attribute_load,compile,21,1.7166981706395745e-05
2,cpython,attribute_load,compile,22,1.675001112744212e-05
2,cpython,attribute_load,compile,23,1.6999983927235007e-05
2,cpython,attribute_load,compile,24,1.6874982975423336e-05
2,cpython,attribute_load,compile,25,1.683298614807427e-05
2,cpython,attribute_load,compile,26,1.6916979802772403e-05
2,cpython,attribute_load,compile,27,1.675001112744212e-05
2,cpython,attribute_load,compile,28,1.695798709988594e-05
2,cpython,attribute_load,compile,29,1.7000013031065464e-05
2,cpython,attribute_load,warm_run,0,0.0005568330234382302
2,cpython,attribute_load,warm_run,1,0.0005580839933827519
2,cpython,attribute_load,warm_run,2,0.0005680840113200247
2,cpython,attribute_load,warm_run,3,0.0005609999934677035
2,cpython,attribute_load,warm_run,4,0.0005643750191666186
2,cpython,attribute_load,warm_run,5,0.0005666669749189168
2,cpython,attribute_load,warm_run,6,0.0005639999872073531
2,cpython,attribute_load,warm_run,7,0.0005665409844368696
2,cpython,attribute_load,warm_run,8,0.000562124972930178
2,cpython,attribute_load,warm_run,9,0.0005748750118073076
2,cpython,attribute_load,warm_run,10,0.000564665999263525
2,cpython,attribute_load,warm_run,11,0.0005660830065608025
2,cpython,attribute_load,warm_run,12,0.0005634999834001064
2,cpython,attribute_load,warm_run,13,0.0005645840137731284
2,cpython,attribute_load,warm_run,14,0.000567584007512778
2,cpython,attribute_load,warm_run,15,0.0005749579868279397
2,cpython,attribute_load,warm_run,16,0.0005652910040225834
2,cpython,attribute_load,warm_run,17,0.0005646250210702419
2,cpython,attribute_load,warm_run,18,0.0005671249818988144
2,cpython,attribute_load,warm_run,19,0.0005658750014845282
2,cpython,attribute_load,warm_run,20,0.0005660000024363399
2,cpython,attribute_load,warm_run,21,0.0005666659853886813
2,cpython,attribute_load,warm_run,22,0.0005660410097334534
2,cpython,attribute_load,warm_run,23,0.000578417006181553
2,cpython,attribute_load,warm_run,24,0.0006033750250935555
2,cpython,attribute_load,warm_run,25,0.0005635000125039369
2,cpython,attribute_load,warm_run,26,0.0005662079784087837
2,cpython,attribute_load,warm_run,27,0.0005653340194839984
2,cpython,attribute_load,warm_run,28,0.0005637080175802112
2,cpython,attribute_load,warm_run,29,0.0005651249957736582
2,cpython,bound_method_calls,compile,0,2.479198155924678e-05
2,cpython,bound_method_calls,compile,1,2.4667009711265564e-05
2,cpython,bound_method_calls,compile,2,2.4708977434784174e-05
2,cpython,bound_method_calls,compile,3,2.4541019229218364e-05
2,cpython,bound_method_calls,compile,4,2.445897553116083e-05
2,cpython,bound_method_calls,compile,5,2.4375010980293155e-05
2,cpython,bound_method_calls,compile,6,2.4542008759453893e-05
2,cpython,bound_method_calls,compile,7,2.4375010980293155e-05
2,cpython,bound_method_calls,compile,8,2.4416018277406693e-05
2,cpython,bound_method_calls,compile,9,2.449998282827437e-05
2,cpython,bound_method_calls,compile,10,2.4125009076669812e-05
2,cpython,bound_method_calls,compile,11,2.1958985598757863e-05
2,cpython,bound_method_calls,compile,12,2.2042018827050924e-05
2,cpython,bound_method_calls,compile,13,2.212502295151353e-05
2,cpython,bound_method_calls,compile,14,2.208401565439999e-05
2,cpython,bound_method_calls,compile,15,2.4374981876462698e-05
2,cpython,bound_method_calls,compile,16,2.4707987904548645e-05
2,cpython,bound_method_calls,compile,17,2.4249980924651027e-05
2,cpython,bound_method_calls,compile,18,2.4457986000925303e-05
2,cpython,bound_method_calls,compile,19,2.4375010980293155e-05
2,cpython,bound_method_calls,compile,20,2.4457986000925303e-05
2,cpython,bound_method_calls,compile,21,2.4833978386595845e-05
2,cpython,bound_method_calls,compile,22,2.4500011932104826e-05
2,cpython,bound_method_calls,compile,23,2.449998282827437e-05
2,cpython,bound_method_calls,compile,24,2.487501478753984e-05
2,cpython,bound_method_calls,compile,25,2.449998282827437e-05
2,cpython,bound_method_calls,compile,26,2.6582973077893257e-05
2,cpython,bound_method_calls,compile,27,2.4542008759453893e-05
2,cpython,bound_method_calls,compile,28,2.4500011932104826e-05
2,cpython,bound_method_calls,compile,29,2.4457986000925303e-05
2,cpython,bound_method_calls,warm_run,0,0.0007447910029441118
2,cpython,bound_method_calls,warm_run,1,0.0007495000027120113
2,cpython,bound_method_calls,warm_run,2,0.0007427079835906625
2,cpython,bound_method_calls,warm_run,3,0.0007472090073861182
2,cpython,bound_method_calls,warm_run,4,0.0007455419981852174
2,cpython,bound_method_calls,warm_run,5,0.0007429999823216349
2,cpython,bound_method_calls,warm_run,6,0.002087541011860594
2,cpython,bound_method_calls,warm_run,7,0.0007512500160373747
2,cpython,bound_method_calls,warm_run,8,0.0007673750224057585
2,cpython,bound_method_calls,warm_run,9,0.0007153330079745501
2,cpython,bound_method_calls,warm_run,10,0.0006778749811928719
2,cpython,bound_method_calls,warm_run,11,0.0006925839988980442
2,cpython,bound_method_calls,warm_run,12,0.0007134579936973751
2,cpython,bound_method_calls,warm_run,13,0.000719542003935203
2,cpython,bound_method_calls,warm_run,14,0.0007232500065583736
2,cpython,bound_method_calls,warm_run,15,0.0007240409904625267
2,cpython,bound_method_calls,warm_run,16,0.0007179999956861138
2,cpython,bound_method_calls,warm_run,17,0.0007352500106208026
2,cpython,bound_method_calls,warm_run,18,0.0007287079934030771
2,cpython,bound_method_calls,warm_run,19,0.0007407919911202043
2,cpython,bound_method_calls,warm_run,20,0.0007449589902535081
2,cpython,bound_method_calls,warm_run,21,0.0007504170062020421
2,cpython,bound_method_calls,warm_run,22,0.0007489160052500665
2,cpython,bound_method_calls,warm_run,23,0.0007339590229094028
2,cpython,bound_method_calls,warm_run,24,0.000738792004995048
2,cpython,bound_method_calls,warm_run,25,0.0007549590081907809
2,cpython,bound_method_calls,warm_run,26,0.000734415982151404
2,cpython,bound_method_calls,warm_run,27,0.000735125009668991
2,cpython,bound_method_calls,warm_run,28,0.000736541987862438
2,cpython,bound_method_calls,warm_run,29,0.0007387910154648125
2,cpython,closure_calls,compile,0,2.6541994884610176e-05
2,cpython,closure_calls,compile,1,2.6374997105449438e-05
2,cpython,closure_calls,compile,2,2.604199107736349e-05
2,cpython,closure_calls,compile,3,2.5999994250014424e-05
2,cpython,closure_calls,compile,4,2.5749992346391082e-05
2,cpython,closure_calls,compile,5,2.5832996470853686e-05
2,cpython,closure_calls,compile,6,2.5707995519042015e-05
2,cpython,closure_calls,compile,7,2.5749992346391082e-05
2,cpython,closure_calls,compile,8,2.5749992346391082e-05
2,cpython,closure_calls,compile,9,2.591699012555182e-05
2,cpython,closure_calls,compile,10,2.562499139457941e-05
2,cpython,closure_calls,compile,11,2.5500019546598196e-05
2,cpython,closure_calls,compile,12,2.5542016373947263e-05
2,cpython,closure_calls,compile,13,2.562499139457941e-05
2,cpython,closure_calls,compile,14,2.5540997739881277e-05
2,cpython,closure_calls,compile,15,2.475001383572817e-05
2,cpython,closure_calls,compile,16,2.3250002413988113e-05
2,cpython,closure_calls,compile,17,2.3542001144960523e-05
2,cpython,closure_calls,compile,18,2.5582994567230344e-05
2,cpython,closure_calls,compile,19,2.562499139457941e-05
2,cpython,closure_calls,compile,20,2.558401320129633e-05
2,cpython,closure_calls,compile,21,2.5708024622872472e-05
2,cpython,closure_calls,compile,22,2.5707995519042015e-05
2,cpython,closure_calls,compile,23,2.549999044276774e-05
2,cpython,closure_calls,compile,24,2.55830236710608e-05
2,cpython,closure_calls,compile,25,2.5332992663607e-05
2,cpython,closure_calls,compile,26,2.5749992346391082e-05
2,cpython,closure_calls,compile,27,2.5582994567230344e-05
2,cpython,closure_calls,compile,28,2.5500019546598196e-05
2,cpython,closure_calls,compile,29,2.8790993383154273e-05
2,cpython,closure_calls,warm_run,0,0.0005947499885223806
2,cpython,closure_calls,warm_run,1,0.0005629580118693411
2,cpython,closure_calls,warm_run,2,0.0005748329858761281
2,cpython,closure_calls,warm_run,3,0.000603374995989725
2,cpython,closure_calls,warm_run,4,0.0005633749824482948
2,cpython,closure_calls,warm_run,5,0.0005815420008730143
2,cpython,closure_calls,warm_run,6,0.0005765419919043779
2,cpython,closure_calls,warm_run,7,0.0005809160065837204
2,cpython,closure_calls,warm_run,8,0.0005720409972127527
2,cpython,closure_calls,warm_run,9,0.0005798329948447645
2,cpython,closure_calls,warm_run,10,0.0005754580197390169
2,cpython,closure_calls,warm_run,11,0.0006125420040916651
2,cpython,closure_calls,warm_run,12,0.000572667020605877
2,cpython,closure_calls,warm_run,13,0.0005738750041928142
2,cpython,closure_calls,warm_run,14,0.00060374999884516
2,cpython,closure_calls,warm_run,15,0.0006299999949987978
2,cpython,closure_calls,warm_run,16,0.0006143750215414912
2,cpython,closure_calls,warm_run,17,0.0005850409797858447
2,cpython,closure_calls,warm_run,18,0.0005999590212013572
2,cpython,closure_calls,warm_run,19,0.0005924589931964874
2,cpython,closure_calls,warm_run,20,0.0005910420150030404
2,cpython,closure_calls,warm_run,21,0.0005873749905731529
2,cpython,closure_calls,warm_run,22,0.0005947079916950315
2,cpython,closure_calls,warm_run,23,0.0005355830071493983
2,cpython,closure_calls,warm_run,24,0.0005430839955806732
2,cpython,closure_calls,warm_run,25,0.0005688750243280083
2,cpython,closure_calls,warm_run,26,0.0005779170023743063
2,cpython,closure_calls,warm_run,27,0.0005790830182377249
2,cpython,closure_calls,warm_run,28,0.0005724999937228858
2,cpython,closure_calls,warm_run,29,0.0005636249843519181
2,cpython,descriptor_load,compile,0,2.9666000045835972e-05
2,cpython,descriptor_load,compile,1,2.9416987672448158e-05
2,cpython,descriptor_load,compile,2,2.950002090074122e-05
2,cpython,descriptor_load,compile,3,2.9582995921373367e-05
2,cpython,descriptor_load,compile,4,2.96669895760715e-05
2,cpython,descriptor_load,compile,5,3.220900543965399e-05
2,cpython,descriptor_load,compile,6,3.262498648837209e-05
2,cpython,descriptor_load,compile,7,3.2333016861230135e-05
2,cpython,descriptor_load,compile,8,3.320901305414736e-05
2,cpython,descriptor_load,compile,9,3.262498648837209e-05
2,cpython,descriptor_load,compile,10,3.22920095641166e-05
2,cpython,descriptor_load,compile,11,3.216697950847447e-05
2,cpython,descriptor_load,compile,12,3.2167008612304926e-05
2,cpython,descriptor_load,compile,13,3.262498648837209e-05
2,cpython,descriptor_load,compile,14,3.170798299834132e-05
2,cpython,descriptor_load,compile,15,2.90420139208436e-05
2,cpython,descriptor_load,compile,16,2.9582995921373367e-05
2,cpython,descriptor_load,compile,17,2.96669895760715e-05
2,cpython,descriptor_load,compile,18,2.937499084509909e-05
2,cpython,descriptor_load,compile,19,2.9417016776278615e-05
2,cpython,descriptor_load,compile,20,2.979201963171363e-05
2,cpython,descriptor_load,compile,21,3.245897823944688e-05
2,cpython,descriptor_load,compile,22,3.23750136885792e-05
2,cpython,descriptor_load,compile,23,3.2249983632937074e-05
2,cpython,descriptor_load,compile,24,3.266701241955161e-05
2,cpython,descriptor_load,compile,25,3.233397728763521e-05
2,cpython,descriptor_load,compile,26,3.250001464039087e-05
2,cpython,descriptor_load,compile,27,3.270799061283469e-05
2,cpython,descriptor_load,compile,28,3.2750016544014215e-05
2,cpython,descriptor_load,compile,29,3.241698141209781e-05
2,cpython,descriptor_load,warm_run,0,0.000814375001937151
2,cpython,descriptor_load,warm_run,1,0.0008055000216700137
2,cpython,descriptor_load,warm_run,2,0.0008177909767255187
2,cpython,descriptor_load,warm_run,3,0.0008230420062318444
2,cpython,descriptor_load,warm_run,4,0.000807167001767084
2,cpython,descriptor_load,warm_run,5,0.0008259169990196824
2,cpython,descriptor_load,warm_run,6,0.0008221669995691627
2,cpython,descriptor_load,warm_run,7,0.0008335829770658165
2,cpython,descriptor_load,warm_run,8,0.0007908749976195395
2,cpython,descriptor_load,warm_run,9,0.0007432499842252582
2,cpython,descriptor_load,warm_run,10,0.0007709160272497684
2,cpython,descriptor_load,warm_run,11,0.0007539590005762875
2,cpython,descriptor_load,warm_run,12,0.000771666003856808
2,cpython,descriptor_load,warm_run,13,0.0007874169968999922
2,cpython,descriptor_load,warm_run,14,0.0007727500051259995
2,cpython,descriptor_load,warm_run,15,0.0007638749957550317
2,cpython,descriptor_load,warm_run,16,0.0007758330029901117
2,cpython,descriptor_load,warm_run,17,0.0007866249943617731
2,cpython,descriptor_load,warm_run,18,0.0008168749918695539
2,cpython,descriptor_load,warm_run,19,0.0007850410183891654
2,cpython,descriptor_load,warm_run,20,0.000769124977523461
2,cpython,descriptor_load,warm_run,21,0.0007791660027578473
2,cpython,descriptor_load,warm_run,22,0.0007837079756427556
2,cpython,descriptor_load,warm_run,23,0.0007892500143498182
2,cpython,descriptor_load,warm_run,24,0.0008031660108827055
2,cpython,descriptor_load,warm_run,25,0.0008342079818248749
2,cpython,descriptor_load,warm_run,26,0.0007949580030981451
2,cpython,descriptor_load,warm_run,27,0.0008058339881245047
2,cpython,descriptor_load,warm_run,28,0.0008063330024015158
2,cpython,descriptor_load,warm_run,29,0.0008405830012634397
2,cpython,dict_insert,compile,0,1.4542019926011562e-05
2,cpython,dict_insert,compile,1,1.4499993994832039e-05
2,cpython,dict_insert,compile,2,1.420799526385963e-05
2,cpython,dict_insert,compile,3,1.4125020243227482e-05
2,cpython,dict_insert,compile,4,1.4124991139397025e-05
2,cpython,dict_insert,compile,5,1.291598891839385e-05
2,cpython,dict_insert,compile,6,1.2666016118600965e-05
2,cpython,dict_insert,compile,7,1.2625008821487427e-05
2,cpython,dict_insert,compile,8,1.2541975593194366e-05
2,cpython,dict_insert,compile,9,1.2750009773299098e-05
2,cpython,dict_insert,compile,10,1.2833013897761703e-05
2,cpython,dict_insert,compile,11,1.262497971765697e-05
2,cpython,dict_insert,compile,12,1.3542012311518192e-05
2,cpython,dict_insert,compile,13,1.550000160932541e-05
2,cpython,dict_insert,compile,14,1.4791992725804448e-05
2,cpython,dict_insert,compile,15,1.420799526385963e-05
2,cpython,dict_insert,compile,16,1.404198701493442e-05
2,cpython,dict_insert,compile,17,1.4040997484698892e-05
2,cpython,dict_insert,compile,18,1.391599653288722e-05
2,cpython,dict_insert,compile,19,1.391599653288722e-05
2,cpython,dict_insert,compile,20,1.3958022464066744e-05
2,cpython,dict_insert,compile,21,1.3999990187585354e-05
2,cpython,dict_insert,compile,22,1.391599653288722e-05
2,cpython,dict_insert,compile,23,1.3957993360236287e-05
2,cpython,dict_insert,compile,24,1.3957993360236287e-05
2,cpython,dict_insert,compile,25,1.3999990187585354e-05
2,cpython,dict_insert,compile,26,1.400001929141581e-05
2,cpython,dict_insert,compile,27,1.3792014215141535e-05
2,cpython,dict_insert,compile,28,1.391698606312275e-05
2,cpython,dict_insert,compile,29,1.4082994312047958e-05
2,cpython,dict_insert,warm_run,0,0.0005872499896213412
2,cpython,dict_insert,warm_run,1,0.0005839579971507192
2,cpython,dict_insert,warm_run,2,0.000580958992941305
2,cpython,dict_insert,warm_run,3,0.0005857500073034316
2,cpython,dict_insert,warm_run,4,0.0005825420084875077
2,cpython,dict_insert,warm_run,5,0.0005838749930262566
2,cpython,dict_insert,warm_run,6,0.000582792010391131
2,cpython,dict_insert,warm_run,7,0.0005855000053998083
2,cpython,dict_insert,warm_run,8,0.0005849580047652125
2,cpython,dict_insert,warm_run,9,0.0005844999977853149
2,cpython,dict_insert,warm_run,10,0.0005852500034961849
2,cpython,dict_insert,warm_run,11,0.0005811250011902303
2,cpython,dict_insert,warm_run,12,0.0005876669893041253
2,cpython,dict_insert,warm_run,13,0.0005838329961989075
2,cpython,dict_insert,warm_run,14,0.000584166991757229
2,cpython,dict_insert,warm_run,15,0.0005839169898536056
2,cpython,dict_insert,warm_run,16,0.0005839579971507192
2,cpython,dict_insert,warm_run,17,0.0006362499843817204
2,cpython,dict_insert,warm_run,18,0.0005497499951161444
2,cpython,dict_insert,warm_run,19,0.0005525829910766333
2,cpython,dict_insert,warm_run,20,0.0005359580100048333
2,cpython,dict_insert,warm_run,21,0.0005750420095864683
2,cpython,dict_insert,warm_run,22,0.0005707079835701734
2,cpython,dict_insert,warm_run,23,0.0005705000075977296
2,cpython,dict_insert,warm_run,24,0.0005683329945895821
2,cpython,dict_insert,warm_run,25,0.0005657500005327165
2,cpython,dict_insert,warm_run,26,0.0005736660095863044
2,cpython,dict_insert,warm_run,27,0.0005727499956265092
2,cpython,dict_insert,warm_run,28,0.000568958988878876
2,cpython,dict_insert,warm_run,29,0.0005679999885614961
2,cpython,dict_lookup,compile,0,1.7667014617472887e-05
2,cpython,dict_lookup,compile,1,1.7707992810755968e-05
2,cpython,dict_lookup,compile,2,1.7624988686293364e-05
2,cpython,dict_lookup,compile,3,1.750001683831215e-05
2,cpython,dict_lookup,compile,4,1.7416983610019088e-05
2,cpython,dict_lookup,compile,5,1.76659959834069e-05
2,cpython,dict_lookup,compile,6,1.741599407978356e-05
2,cpython,dict_lookup,compile,7,1.7417012713849545e-05
2,cpython,dict_lookup,compile,8,1.7708021914586425e-05
2,cpython,dict_lookup,compile,9,1.7499987734481692e-05
2,cpython,dict_lookup,compile,10,1.7458020010963082e-05
2,cpython,dict_lookup,compile,11,1.6499980119988322e-05
2,cpython,dict_lookup,compile,12,1.5875004464760423e-05
2,cpython,dict_lookup,compile,13,1.562500256113708e-05
2,cpython,dict_lookup,compile,14,1.5833007637411356e-05
2,cpython,dict_lookup,compile,15,1.5833007637411356e-05
2,cpython,dict_lookup,compile,16,1.5790981706231833e-05
2,cpython,dict_lookup,compile,17,1.5707977581769228e-05
2,cpython,dict_lookup,compile,18,1.575000351294875e-05
2,cpython,dict_lookup,compile,19,1.562500256113708e-05
2,cpython,dict_lookup,compile,20,1.5708006685599685e-05
2,cpython,dict_lookup,compile,21,1.7000013031065464e-05
2,cpython,dict_lookup,compile,22,1.733400858938694e-05
2,cpython,dict_lookup,compile,23,1.7417012713849545e-05
2,cpython,dict_lookup,compile,24,1.7375015886500478e-05
2,cpython,dict_lookup,compile,25,1.7250014934688807e-05
2,cpython,dict_lookup,compile,26,1.7375015886500478e-05
2,cpython,dict_lookup,compile,27,1.7582991858944297e-05
2,cpython,dict_lookup,compile,28,1.750001683831215e-05
2,cpython,dict_lookup,compile,29,1.7207989003509283e-05
2,cpython,dict_lookup,warm_run,0,0.0005708750104531646
2,cpython,dict_lookup,warm_run,1,0.0005694169958587736
2,cpython,dict_lookup,warm_run,2,0.0005730419943574816
2,cpython,dict_lookup,warm_run,3,0.0005694580031558871
2,cpython,dict_lookup,warm_run,4,0.0005706250085495412
2,cpython,dict_lookup,warm_run,5,0.0005696669977623969
2,cpython,dict_lookup,warm_run,6,0.0005732089921366423
2,cpython,dict_lookup,warm_run,7,0.0005898750096093863
2,cpython,dict_lookup,warm_run,8,0.000586040987400338
2,cpython,dict_lookup,warm_run,9,0.0005745000089518726
2,cpython,dict_lookup,warm_run,10,0.000576916994759813
2,cpython,dict_lookup,warm_run,11,0.0005741670029237866
2,cpython,dict_lookup,warm_run,12,0.0005723750218749046
2,cpython,dict_lookup,warm_run,13,0.0005712499842047691
2,cpython,dict_lookup,warm_run,14,0.0005682079936377704
2,cpython,dict_lookup,warm_run,15,0.0005674999847542495
2,cpython,dict_lookup,warm_run,16,0.0005687079974450171
2,cpython,dict_lookup,warm_run,17,0.0005719579930882901
2,cpython,dict_lookup,warm_run,18,0.000572292017750442
2,cpython,dict_lookup,warm_run,19,0.0005716250161640346
2,cpython,dict_lookup,warm_run,20,0.0005717089807149023
2,cpython,dict_lookup,warm_run,21,0.0005686669901479036
2,cpython,dict_lookup,warm_run,22,0.0005795830220449716
2,cpython,dict_lookup,warm_run,23,0.0005800829967483878
2,cpython,dict_lookup,warm_run,24,0.0005781669751740992
2,cpython,dict_lookup,warm_run,25,0.0005790829891338944
2,cpython,dict_lookup,warm_run,26,0.0005773330049123615
2,cpython,dict_lookup,warm_run,27,0.0005769999988842756
2,cpython,dict_lookup,warm_run,28,0.0005782499792985618
2,cpython,dict_lookup,warm_run,29,0.000578792009036988
2,cpython,fib_calls,compile,0,2.6875000912696123e-05
2,cpython,fib_calls,compile,1,2.6291992980986834e-05
2,cpython,fib_calls,compile,2,2.6458001229912043e-05
2,cpython,fib_calls,compile,3,2.633300027810037e-05
2,cpython,fib_calls,compile,4,2.6291992980986834e-05
2,cpython,fib_calls,compile,5,2.62079993262887e-05
2,cpython,fib_calls,compile,6,2.6249996153637767e-05
2,cpython,fib_calls,compile,7,2.591600059531629e-05
2,cpython,fib_calls,compile,8,2.6249996153637767e-05
2,cpython,fib_calls,compile,9,2.6166992029175162e-05
2,cpython,fib_calls,compile,10,2.608299837447703e-05
2,cpython,fib_calls,compile,11,2.5999994250014424e-05
2,cpython,fib_calls,compile,12,2.6124995201826096e-05
2,cpython,fib_calls,compile,13,2.7875008527189493e-05
2,cpython,fib_calls,compile,14,2.6249996153637767e-05
2,cpython,fib_calls,compile,15,2.6041001547127962e-05
2,cpython,fib_calls,compile,16,2.6374997105449438e-05
2,cpython,fib_calls,compile,17,2.5832996470853686e-05
2,cpython,fib_calls,compile,18,2.5874993298202753e-05
2,cpython,fib_calls,compile,19,2.5958986952900887e-05
2,cpython,fib_calls,compile,20,2.6249996153637767e-05
2,cpython,fib_calls,compile,21,2.591600059531629e-05
2,cpython,fib_calls,compile,22,2.62079993262887e-05
2,cpython,fib_calls,compile,23,2.5874993298202753e-05
2,cpython,fib_calls,compile,24,2.5999994250014424e-05
2,cpython,fib_calls,compile,25,2.5999994250014424e-05
2,cpython,fib_calls,compile,26,2.5999994250014424e-05
2,cpython,fib_calls,compile,27,2.5832996470853686e-05
2,cpython,fib_calls,compile,28,2.5957997422665358e-05
2,cpython,fib_calls,compile,29,2.5999994250014424e-05
2,cpython,fib_calls,warm_run,0,0.0005957910034339875
2,cpython,fib_calls,warm_run,1,0.0006139590113889426
2,cpython,fib_calls,warm_run,2,0.0006043329776730388
2,cpython,fib_calls,warm_run,3,0.0006235000037122518
2,cpython,fib_calls,warm_run,4,0.000612083007581532
2,cpython,fib_calls,warm_run,5,0.0006224579992704093
2,cpython,fib_calls,warm_run,6,0.0006214170134626329
2,cpython,fib_calls,warm_run,7,0.0006290420133154839
2,cpython,fib_calls,warm_run,8,0.0006453749956563115
2,cpython,fib_calls,warm_run,9,0.0006407079927157611
2,cpython,fib_calls,warm_run,10,0.0006455830007325858
2,cpython,fib_calls,warm_run,11,0.0006359170074574649
2,cpython,fib_calls,warm_run,12,0.000635582982795313
2,cpython,fib_calls,warm_run,13,0.0006427500047720969
2,cpython,fib_calls,warm_run,14,0.0006365000153891742
2,cpython,fib_calls,warm_run,15,0.0006438329874072224
2,cpython,fib_calls,warm_run,16,0.0006374169897753745
2,cpython,fib_calls,warm_run,17,0.0006236250046640635
2,cpython,fib_calls,warm_run,18,0.0006336669903248549
2,cpython,fib_calls,warm_run,19,0.0006335409998428077
2,cpython,fib_calls,warm_run,20,0.0006390420021489263
2,cpython,fib_calls,warm_run,21,0.0006381669954862446
2,cpython,fib_calls,warm_run,22,0.0006415410025510937
2,cpython,fib_calls,warm_run,23,0.0006490829982794821
2,cpython,fib_calls,warm_run,24,0.0006572910060640424
2,cpython,fib_calls,warm_run,25,0.000648208981147036
2,cpython,fib_calls,warm_run,26,0.0005909579922445118
2,cpython,fib_calls,warm_run,27,0.0006334580248221755
2,cpython,fib_calls,warm_run,28,0.0006169999833218753
2,cpython,fib_calls,warm_run,29,0.0006234160100575536
2,cpython,float_loop,compile,0,1.1708005331456661e-05
2,cpython,float_loop,compile,1,1.1750002158805728e-05
2,cpython,float_loop,compile,2,1.1666998034343123e-05
2,cpython,float_loop,compile,3,1.1791998986154795e-05
2,cpython,float_loop,compile,4,1.1500000255182385e-05
2,cpython,float_loop,compile,5,1.1500000255182385e-05
2,cpython,float_loop,compile,6,1.1666998034343123e-05
2,cpython,float_loop,compile,7,1.158300437964499e-05
2,cpython,float_loop,compile,8,1.1541997082531452e-05
2,cpython,float_loop,compile,9,1.1416996130719781e-05
2,cpython,float_loop,compile,10,1.158300437964499e-05
2,cpython,float_loop,compile,11,1.1374999303370714e-05
2,cpython,float_loop,compile,12,1.1541007552295923e-05
2,cpython,float_loop,compile,13,1.1458003427833319e-05
2,cpython,float_loop,compile,14,1.0875024599954486e-05
2,cpython,float_loop,compile,15,1.0500021744519472e-05
2,cpython,float_loop,compile,16,1.0374991688877344e-05
2,cpython,float_loop,compile,17,1.0415998985990882e-05
2,cpython,float_loop,compile,18,1.0374991688877344e-05
2,cpython,float_loop,compile,19,1.0375020792707801e-05
2,cpython,float_loop,compile,20,1.0457995813339949e-05
2,cpython,float_loop,compile,21,1.0457995813339949e-05
2,cpython,float_loop,compile,22,1.0499992640689015e-05
2,cpython,float_loop,compile,23,1.058299676515162e-05
2,cpython,float_loop,compile,24,1.0333984391763806e-05
2,cpython,float_loop,compile,25,1.029198756441474e-05
2,cpython,float_loop,compile,26,1.0458024917170405e-05
2,cpython,float_loop,compile,27,1.0332994861528277e-05
2,cpython,float_loop,compile,28,1.0415998985990882e-05
2,cpython,float_loop,compile,29,1.1124997399747372e-05
2,cpython,float_loop,warm_run,0,0.00041199999395757914
2,cpython,float_loop,warm_run,1,0.00041216600220650434
2,cpython,float_loop,warm_run,2,0.0004113749891985208
2,cpython,float_loop,warm_run,3,0.000419165997300297
2,cpython,float_loop,warm_run,4,0.0004137920041102916
2,cpython,float_loop,warm_run,5,0.00041254202369600534
2,cpython,float_loop,warm_run,6,0.00041749997762963176
2,cpython,float_loop,warm_run,7,0.00041708300705067813
2,cpython,float_loop,warm_run,8,0.00040529100806452334
2,cpython,float_loop,warm_run,9,0.0004200830007903278
2,cpython,float_loop,warm_run,10,0.0004104999825358391
2,cpython,float_loop,warm_run,11,0.00041316699935123324
2,cpython,float_loop,warm_run,12,0.0004147500148974359
2,cpython,float_loop,warm_run,13,0.0004092919989489019
2,cpython,float_loop,warm_run,14,0.00041991702164523304
2,cpython,float_loop,warm_run,15,0.0004187079903203994
2,cpython,float_loop,warm_run,16,0.00042291698628105223
2,cpython,float_loop,warm_run,17,0.0004177910159341991
2,cpython,float_loop,warm_run,18,0.00041649999911896884
2,cpython,float_loop,warm_run,19,0.0004146659921389073
2,cpython,float_loop,warm_run,20,0.00041166701703332365
2,cpython,float_loop,warm_run,21,0.0004188750172033906
2,cpython,float_loop,warm_run,22,0.00040658298530615866
2,cpython,float_loop,warm_run,23,0.00040950000402517617
2,cpython,float_loop,warm_run,24,0.00041366700315847993
2,cpython,float_loop,warm_run,25,0.00043720798566937447
2,cpython,float_loop,warm_run,26,0.00042583400500006974
2,cpython,float_loop,warm_run,27,0.0003789999755099416
2,cpython,float_loop,warm_run,28,0.00039995802217163146
2,cpython,float_loop,warm_run,29,0.0004170829779468477
2,cpython,integer_loop,compile,0,1.029198756441474e-05
2,cpython,integer_loop,compile,1,1.0125018889084458e-05
2,cpython,integer_loop,compile,2,1.025001984089613e-05
2,cpython,integer_loop,compile,3,1.0124989785254002e-05
2,cpython,integer_loop,compile,4,1.0082992957904935e-05
2,cpython,integer_loop,compile,5,1.0082992957904935e-05
2,cpython,integer_loop,compile,6,1.0208983439952135e-05
2,cpython,integer_loop,compile,7,1.029198756441474e-05
2,cpython,integer_loop,compile,8,1.0208023013547063e-05
2,cpython,integer_loop,compile,9,1.0249990737065673e-05
2,cpython,integer_loop,compile,10,1.0207993909716606e-05
2,cpython,integer_loop,compile,11,1.0540999937802553e-05
2,cpython,integer_loop,compile,12,1.0249990737065673e-05
2,cpython,integer_loop,compile,13,1.0416988516226411e-05
2,cpython,integer_loop,compile,14,1.0332994861528277e-05
2,cpython,integer_loop,compile,15,1.1125026503577828e-05
2,cpython,integer_loop,compile,16,1.1167023330926895e-05
2,cpython,integer_loop,compile,17,1.1042022379115224e-05
2,cpython,integer_loop,compile,18,1.1125026503577828e-05
2,cpython,integer_loop,compile,19,1.1124997399747372e-05
2,cpython,integer_loop,compile,20,1.129199517890811e-05
2,cpython,integer_loop,compile,21,1.1124997399747372e-05
2,cpython,integer_loop,compile,22,1.1249998351559043e-05
2,cpython,integer_loop,compile,23,1.1249998351559043e-05
2,cpython,integer_loop,compile,24,1.1083000572398305e-05
2,cpython,integer_loop,compile,25,1.1041003745049238e-05
2,cpython,integer_loop,compile,26,1.1124997399747372e-05
2,cpython,integer_loop,compile,27,1.1208991054445505e-05
2,cpython,integer_loop,compile,28,1.1041993275284767e-05
2,cpython,integer_loop,compile,29,1.1042022379115224e-05
2,cpython,integer_loop,warm_run,0,0.0047705830074846745
2,cpython,integer_loop,warm_run,1,0.004706125007942319
2,cpython,integer_loop,warm_run,2,0.004793041996890679
2,cpython,integer_loop,warm_run,3,0.004767999984323978
2,cpython,integer_loop,warm_run,4,0.004721625009551644
2,cpython,integer_loop,warm_run,5,0.004798791982466355
2,cpython,integer_loop,warm_run,6,0.004804541007615626
2,cpython,integer_loop,warm_run,7,0.004856292012846097
2,cpython,integer_loop,warm_run,8,0.004763874982018024
2,cpython,integer_loop,warm_run,9,0.00483129097847268
2,cpython,integer_loop,warm_run,10,0.004858333995798603
2,cpython,integer_loop,warm_run,11,0.004754082998260856
2,cpython,integer_loop,warm_run,12,0.004826083983061835
2,cpython,integer_loop,warm_run,13,0.004869374999543652
2,cpython,integer_loop,warm_run,14,0.00476812498527579
2,cpython,integer_loop,warm_run,15,0.004778500006068498
2,cpython,integer_loop,warm_run,16,0.004928457987261936
2,cpython,integer_loop,warm_run,17,0.004916583013255149
2,cpython,integer_loop,warm_run,18,0.004690582980401814
2,cpython,integer_loop,warm_run,19,0.0048289170081261545
2,cpython,integer_loop,warm_run,20,0.004925208981148899
2,cpython,integer_loop,warm_run,21,0.0047898330085445195
2,cpython,integer_loop,warm_run,22,0.004844000010052696
2,cpython,integer_loop,warm_run,23,0.004863167006988078
2,cpython,integer_loop,warm_run,24,0.00487075001001358
2,cpython,integer_loop,warm_run,25,0.004820250003831461
2,cpython,integer_loop,warm_run,26,0.004824125004233792
2,cpython,integer_loop,warm_run,27,0.004872874997090548
2,cpython,integer_loop,warm_run,28,0.0047571669856552035
2,cpython,integer_loop,warm_run,29,0.004895416990621015
2,cpython,keyword_calls,compile,0,2.3625005269423127e-05
2,cpython,keyword_calls,compile,1,2.329199924133718e-05
2,cpython,keyword_calls,compile,2,2.345800749026239e-05
2,cpython,keyword_calls,compile,3,2.3041997337713838e-05
2,cpython,keyword_calls,compile,4,2.308402326889336e-05
2,cpython,keyword_calls,compile,5,2.333297743462026e-05
2,cpython,keyword_calls,compile,6,2.3249973310157657e-05
2,cpython,keyword_calls,compile,7,2.304100780747831e-05
2,cpython,keyword_calls,compile,8,2.329199924133718e-05
2,cpython,keyword_calls,compile,9,2.3041997337713838e-05
2,cpython,keyword_calls,compile,10,2.229100209660828e-05
2,cpython,keyword_calls,compile,11,2.0875013433396816e-05
2,cpython,keyword_calls,compile,12,2.099998528137803e-05
2,cpython,keyword_calls,compile,13,2.270800177939236e-05
2,cpython,keyword_calls,compile,14,2.316600875928998e-05
2,cpython,keyword_calls,compile,15,2.2833002731204033e-05
2,cpython,keyword_calls,compile,16,2.2833002731204033e-05
2,cpython,keyword_calls,compile,17,2.2791005903854966e-05
2,cpython,keyword_calls,compile,18,2.3083004634827375e-05
2,cpython,keyword_calls,compile,19,2.274999860674143e-05
2,cpython,keyword_calls,compile,20,2.2833002731204033e-05
2,cpython,keyword_calls,compile,21,2.300000051036477e-05
2,cpython,keyword_calls,compile,22,2.3208005586639047e-05
2,cpython,keyword_calls,compile,23,2.2958003683015704e-05
2,cpython,keyword_calls,compile,24,2.3125001462176442e-05
2,cpython,keyword_calls,compile,25,2.300000051036477e-05
2,cpython,keyword_calls,compile,26,2.2791005903854966e-05
2,cpython,keyword_calls,compile,27,2.5541987270116806e-05
2,cpython,keyword_calls,compile,28,2.3208005586639047e-05
2,cpython,keyword_calls,compile,29,2.2791005903854966e-05
2,cpython,keyword_calls,warm_run,0,0.0008262500050477684
2,cpython,keyword_calls,warm_run,1,0.0008510839834343642
2,cpython,keyword_calls,warm_run,2,0.0008383340027648956
2,cpython,keyword_calls,warm_run,3,0.0007852909911889583
2,cpython,keyword_calls,warm_run,4,0.0008239590097218752
2,cpython,keyword_calls,warm_run,5,0.0008103750005830079
2,cpython,keyword_calls,warm_run,6,0.0007953750027809292
2,cpython,keyword_calls,warm_run,7,0.0008015420171432197
2,cpython,keyword_calls,warm_run,8,0.0008065419970080256
2,cpython,keyword_calls,warm_run,9,0.0008206670172512531
2,cpython,keyword_calls,warm_run,10,0.0008169159991666675
2,cpython,keyword_calls,warm_run,11,0.0008348329865839332
2,cpython,keyword_calls,warm_run,12,0.0008467920124530792
2,cpython,keyword_calls,warm_run,13,0.0008297500025946647
2,cpython,keyword_calls,warm_run,14,0.0008262090268544853
2,cpython,keyword_calls,warm_run,15,0.0008254999993368983
2,cpython,keyword_calls,warm_run,16,0.0008442499965894967
2,cpython,keyword_calls,warm_run,17,0.0008102919964585453
2,cpython,keyword_calls,warm_run,18,0.0008319159969687462
2,cpython,keyword_calls,warm_run,19,0.0008239170128945261
2,cpython,keyword_calls,warm_run,20,0.0008362910011783242
2,cpython,keyword_calls,warm_run,21,0.0008333339937962592
2,cpython,keyword_calls,warm_run,22,0.0008637919963803142
2,cpython,keyword_calls,warm_run,23,0.000789790996350348
2,cpython,keyword_calls,warm_run,24,0.0008324589871335775
2,cpython,keyword_calls,warm_run,25,0.0008240000170189887
2,cpython,keyword_calls,warm_run,26,0.0008274999854620546
2,cpython,keyword_calls,warm_run,27,0.0008446669962722808
2,cpython,keyword_calls,warm_run,28,0.0008385000110138208
2,cpython,keyword_calls,warm_run,29,0.0008200000156648457
2,cpython,known_calls,compile,0,1.8667022231966257e-05
2,cpython,known_calls,compile,1,1.895800232887268e-05
2,cpython,known_calls,compile,2,1.8542021280154586e-05
2,cpython,known_calls,compile,3,1.8457998521625996e-05
2,cpython,known_calls,compile,4,1.8457998521625996e-05
2,cpython,known_calls,compile,5,1.8458988051861525e-05
2,cpython,known_calls,compile,6,1.86669931281358e-05
2,cpython,known_calls,compile,7,1.8582999473437667e-05
2,cpython,known_calls,compile,8,1.8375023500993848e-05
2,cpython,known_calls,compile,9,1.837499439716339e-05
2,cpython,known_calls,compile,10,1.8291990272700787e-05
2,cpython,known_calls,compile,11,1.8332997569814324e-05
2,cpython,known_calls,compile,12,1.8624996300786734e-05
2,cpython,known_calls,compile,13,1.8499995348975062e-05
2,cpython,known_calls,compile,14,1.8584018107503653e-05
2,cpython,known_calls,compile,15,1.879202318377793e-05
2,cpython,known_calls,compile,16,1.85410026460886e-05
2,cpython,known_calls,compile,17,1.879199407994747e-05
2,cpython,known_calls,compile,18,1.8624996300786734e-05
2,cpython,known_calls,compile,19,1.866600359790027e-05
2,cpython,known_calls,compile,20,1.8416991224512458e-05
2,cpython,known_calls,compile,21,1.8332997569814324e-05
2,cpython,known_calls,compile,22,1.8499995348975062e-05
2,cpython,known_calls,compile,23,1.8665974494069815e-05
2,cpython,known_calls,compile,24,1.8582999473437667e-05
2,cpython,known_calls,compile,25,1.9749975763261318e-05
2,cpython,known_calls,compile,26,1.8375023500993848e-05
2,cpython,known_calls,compile,27,1.85410026460886e-05
2,cpython,known_calls,compile,28,1.8499995348975062e-05
2,cpython,known_calls,compile,29,1.8582999473437667e-05
2,cpython,known_calls,warm_run,0,0.0006597500178031623
2,cpython,known_calls,warm_run,1,0.0006947079964447767
2,cpython,known_calls,warm_run,2,0.0006643329979851842
2,cpython,known_calls,warm_run,3,0.0006851250072941184
2,cpython,known_calls,warm_run,4,0.000672499998472631
2,cpython,known_calls,warm_run,5,0.00067179198958911
2,cpython,known_calls,warm_run,6,0.0006730839959345758
2,cpython,known_calls,warm_run,7,0.0006850419740658253
2,cpython,known_calls,warm_run,8,0.0006897909916006029
2,cpython,known_calls,warm_run,9,0.0006274580082390457
2,cpython,known_calls,warm_run,10,0.0006454999966081232
2,cpython,known_calls,warm_run,11,0.0006370839837472886
2,cpython,known_calls,warm_run,12,0.0006545420037582517
2,cpython,known_calls,warm_run,13,0.0006630409916397184
2,cpython,known_calls,warm_run,14,0.0006611249991692603
2,cpython,known_calls,warm_run,15,0.000658042001305148
2,cpython,known_calls,warm_run,16,0.000665665982523933
2,cpython,known_calls,warm_run,17,0.0006664580141659826
2,cpython,known_calls,warm_run,18,0.0006651669973507524
2,cpython,known_calls,warm_run,19,0.000673625007038936
2,cpython,known_calls,warm_run,20,0.0006680840160697699
2,cpython,known_calls,warm_run,21,0.0006611660064663738
2,cpython,known_calls,warm_run,22,0.0006699170044157654
2,cpython,known_calls,warm_run,23,0.0006682499952148646
2,cpython,known_calls,warm_run,24,0.000665250001475215
2,cpython,known_calls,warm_run,25,0.0006875420222058892
2,cpython,known_calls,warm_run,26,0.0006821250135544688
2,cpython,known_calls,warm_run,27,0.0006930840027052909
2,cpython,known_calls,warm_run,28,0.0006824159936513752
2,cpython,known_calls,warm_run,29,0.0006631249852944165
2,cpython,list_iteration,compile,0,1.9208004232496023e-05
2,cpython,list_iteration,compile,1,1.8916005501523614e-05
2,cpython,list_iteration,compile,2,1.8874998204410076e-05
2,cpython,list_iteration,compile,3,1.9083003280684352e-05
2,cpython,list_iteration,compile,4,1.9458006136119366e-05
2,cpython,list_iteration,compile,5,1.8749997252598405e-05
2,cpython,list_iteration,compile,6,1.8916995031759143e-05
2,cpython,list_iteration,compile,7,1.879199407994747e-05
2,cpython,list_iteration,compile,8,1.879202318377793e-05
2,cpython,list_iteration,compile,9,1.883300137706101e-05
2,cpython,list_iteration,compile,10,1.8874998204410076e-05
2,cpython,list_iteration,compile,11,1.883300137706101e-05
2,cpython,list_iteration,compile,12,1.9167026039212942e-05
2,cpython,list_iteration,compile,13,1.8624996300786734e-05
2,cpython,list_iteration,compile,14,1.8291990272700787e-05
2,cpython,list_iteration,compile,15,1.6999983927235007e-05
2,cpython,list_iteration,compile,16,1.7000013031065464e-05
2,cpython,list_iteration,compile,17,1.712498487904668e-05
2,cpython,list_iteration,compile,18,1.8791004549711943e-05
2,cpython,list_iteration,compile,19,1.879202318377793e-05
2,cpython,list_iteration,compile,20,1.8959020962938666e-05
2,cpython,list_iteration,compile,21,1.8582999473437667e-05
2,cpython,list_iteration,compile,22,1.8708000425249338e-05
2,cpython,list_iteration,compile,23,1.879199407994747e-05
2,cpython,list_iteration,compile,24,1.8708000425249338e-05
2,cpython,list_iteration,compile,25,1.8624996300786734e-05
2,cpython,list_iteration,compile,26,1.879199407994747e-05
2,cpython,list_iteration,compile,27,1.8708000425249338e-05
2,cpython,list_iteration,compile,28,1.883399090729654e-05
2,cpython,list_iteration,compile,29,1.8582999473437667e-05
2,cpython,list_iteration,warm_run,0,0.0002297080063726753
2,cpython,list_iteration,warm_run,1,0.00021383300190791488
2,cpython,list_iteration,warm_run,2,0.00022537499899044633
2,cpython,list_iteration,warm_run,3,0.0002032080083154142
2,cpython,list_iteration,warm_run,4,0.00018629201804287732
2,cpython,list_iteration,warm_run,5,0.00019108399283140898
2,cpython,list_iteration,warm_run,6,0.00018833400099538267
2,cpython,list_iteration,warm_run,7,0.0001984169939532876
2,cpython,list_iteration,warm_run,8,0.00020604199380613863
2,cpython,list_iteration,warm_run,9,0.0001981249952223152
2,cpython,list_iteration,warm_run,10,0.0001916250039357692
2,cpython,list_iteration,warm_run,11,0.00020237499848008156
2,cpython,list_iteration,warm_run,12,0.00019591700402088463
2,cpython,list_iteration,warm_run,13,0.00020399998174980283
2,cpython,list_iteration,warm_run,14,0.00019862499902956188
2,cpython,list_iteration,warm_run,15,0.00020300000323913991
2,cpython,list_iteration,warm_run,16,0.00020591600332409143
2,cpython,list_iteration,warm_run,17,0.00020100001711398363
2,cpython,list_iteration,warm_run,18,0.00020600002608262002
2,cpython,list_iteration,warm_run,19,0.00020137501996941864
2,cpython,list_iteration,warm_run,20,0.00020354098523966968
2,cpython,list_iteration,warm_run,21,0.00020479201339185238
2,cpython,list_iteration,warm_run,22,0.0002033329801633954
2,cpython,list_iteration,warm_run,23,0.00020758301252499223
2,cpython,list_iteration,warm_run,24,0.00020654199761338532
2,cpython,list_iteration,warm_run,25,0.00020358400070108473
2,cpython,list_iteration,warm_run,26,0.0002058749960269779
2,cpython,list_iteration,warm_run,27,0.00020308300736360252
2,cpython,list_iteration,warm_run,28,0.00020558302639983594
2,cpython,list_iteration,warm_run,29,0.00020358298206701875
2,cpython,super_calls,compile,0,4.0125014493241906e-05
2,cpython,super_calls,compile,1,3.962501068599522e-05
2,cpython,super_calls,compile,2,3.62499849870801e-05
2,cpython,super_calls,compile,3,3.600001218728721e-05
2,cpython,super_calls,compile,4,3.55839729309082e-05
2,cpython,super_calls,compile,5,3.5833014408126473e-05
2,cpython,super_calls,compile,6,3.5500008380040526e-05
2,cpython,super_calls,compile,7,3.8291997043415904e-05
2,cpython,super_calls,compile,8,3.9041973650455475e-05
2,cpython,super_calls,compile,9,3.904200275428593e-05
2,cpython,super_calls,compile,10,3.9125006878748536e-05
2,cpython,super_calls,compile,11,3.9292004657909274e-05
2,cpython,super_calls,compile,12,3.916598507203162e-05
2,cpython,super_calls,compile,13,3.9000005926936865e-05
2,cpython,super_calls,compile,14,3.883300814777613e-05
2,cpython,super_calls,compile,15,3.6415993236005306e-05
2,cpython,super_calls,compile,16,3.533301060087979e-05
2,cpython,super_calls,compile,17,3.5666016628965735e-05
2,cpython,super_calls,compile,18,3.904200275428593e-05
2,cpython,super_calls,compile,19,3.904200275428593e-05
2,cpython,super_calls,compile,20,3.866601036861539e-05
2,cpython,super_calls,compile,21,3.9000005926936865e-05
2,cpython,super_calls,compile,22,3.9125006878748536e-05
2,cpython,super_calls,compile,23,3.9916980313137174e-05
2,cpython,super_calls,compile,24,4.0583021473139524e-05
2,cpython,super_calls,compile,25,3.866699989885092e-05
2,cpython,super_calls,compile,26,3.8875004975125194e-05
2,cpython,super_calls,compile,27,3.8708007195964456e-05
2,cpython,super_calls,compile,28,3.6375015042722225e-05
2,cpython,super_calls,compile,29,3.549997927621007e-05
2,cpython,super_calls,warm_run,0,0.0010267499892506748
2,cpython,super_calls,warm_run,1,0.0011877079959958792
2,cpython,super_calls,warm_run,2,0.0010600000096019357
2,cpython,super_calls,warm_run,3,0.001034916000207886
2,cpython,super_calls,warm_run,4,0.0010261669813189656
2,cpython,super_calls,warm_run,5,0.0010252089996356517
2,cpython,super_calls,warm_run,6,0.0010175000061281025
2,cpython,super_calls,warm_run,7,0.0010284579766448587
2,cpython,super_calls,warm_run,8,0.001015250018099323
2,cpython,super_calls,warm_run,9,0.0010298749839421362
2,cpython,super_calls,warm_run,10,0.0010311660007573664
2,cpython,super_calls,warm_run,11,0.001024666999001056
2,cpython,super_calls,warm_run,12,0.0010078329942189157
2,cpython,super_calls,warm_run,13,0.0010028750111814588
2,cpython,super_calls,warm_run,14,0.0010274999949615449
2,cpython,super_calls,warm_run,15,0.0010341249871999025
2,cpython,super_calls,warm_run,16,0.00102766600321047
2,cpython,super_calls,warm_run,17,0.0010242499993182719
2,cpython,super_calls,warm_run,18,0.0010480830096639693
2,cpython,super_calls,warm_run,19,0.0010235420195385814
2,cpython,super_calls,warm_run,20,0.0009952080145012587
2,cpython,super_calls,warm_run,21,0.0010020830086432397
2,cpython,super_calls,warm_run,22,0.001011707994621247
2,cpython,super_calls,warm_run,23,0.001020291994791478
2,cpython,super_calls,warm_run,24,0.0010195409995503724
2,cpython,super_calls,warm_run,25,0.0010192079935222864
2,cpython,super_calls,warm_run,26,0.00103087502066046
2,cpython,super_calls,warm_run,27,0.0010174580093007535
2,cpython,super_calls,warm_run,28,0.001030542014632374
2,cpython,super_calls,warm_run,29,0.0010119579965248704
2,cpython,attribute_load,cold_cli,0,0.016007875005016103
2,tonic,attribute_load,cold_cli,0,0.003258250013459474
2,tonic,attribute_load,cold_cli,1,0.0027626249939203262
2,cpython,attribute_load,cold_cli,1,0.015356083022197708
2,cpython,attribute_load,cold_cli,2,0.015495416999328882
2,tonic,attribute_load,cold_cli,2,0.0031054579885676503
2,tonic,attribute_load,cold_cli,3,0.002881207998143509
2,cpython,attribute_load,cold_cli,3,0.015797208005096763
2,cpython,attribute_load,cold_cli,4,0.015627750020939857
2,tonic,attribute_load,cold_cli,4,0.0032751250255387276
2,tonic,attribute_load,cold_cli,5,0.003067625017138198
2,cpython,attribute_load,cold_cli,5,0.015205417003016919
2,cpython,attribute_load,cold_cli,6,0.015231416997266933
2,tonic,attribute_load,cold_cli,6,0.0031821670127101243
2,tonic,attribute_load,cold_cli,7,0.002953708986751735
2,cpython,attribute_load,cold_cli,7,0.014920457993866876
2,cpython,attribute_load,cold_cli,8,0.014859874994726852
2,tonic,attribute_load,cold_cli,8,0.0031729589973110706
2,tonic,attribute_load,cold_cli,9,0.0027843329880852252
2,cpython,attribute_load,cold_cli,9,0.014771582995308563
2,cpython,attribute_load,cold_cli,10,0.015070916997501627
2,tonic,attribute_load,cold_cli,10,0.0030457079992629588
2,tonic,attribute_load,cold_cli,11,0.0028038749878760427
2,cpython,attribute_load,cold_cli,11,0.015010167000582442
2,cpython,attribute_load,cold_cli,12,0.015236959006870165
2,tonic,attribute_load,cold_cli,12,0.003103082999587059
2,tonic,attribute_load,cold_cli,13,0.0029156669916119426
2,cpython,attribute_load,cold_cli,13,0.015666042017983273
2,cpython,attribute_load,cold_cli,14,0.015437499998370185
2,tonic,attribute_load,cold_cli,14,0.003136957995593548
2,cpython,bound_method_calls,cold_cli,0,0.016143124987138435
2,tonic,bound_method_calls,cold_cli,0,0.003985415998613462
2,tonic,bound_method_calls,cold_cli,1,0.003666333999717608
2,cpython,bound_method_calls,cold_cli,1,0.01644312500138767
2,cpython,bound_method_calls,cold_cli,2,0.0164300829928834
2,tonic,bound_method_calls,cold_cli,2,0.0043224999972153455
2,tonic,bound_method_calls,cold_cli,3,0.00397337501635775
2,cpython,bound_method_calls,cold_cli,3,0.015749083016999066
2,cpython,bound_method_calls,cold_cli,4,0.016092709003714845
2,tonic,bound_method_calls,cold_cli,4,0.004229334008414298
2,tonic,bound_method_calls,cold_cli,5,0.0037292499910108745
2,cpython,bound_method_calls,cold_cli,5,0.015692792017944157
2,cpython,bound_method_calls,cold_cli,6,0.015595499979099259
2,tonic,bound_method_calls,cold_cli,6,0.003927208017557859
2,tonic,bound_method_calls,cold_cli,7,0.0036816669744439423
2,cpython,bound_method_calls,cold_cli,7,0.015275874990038574
2,cpython,bound_method_calls,cold_cli,8,0.015469624981051311
2,tonic,bound_method_calls,cold_cli,8,0.0040383749874308705
2,tonic,bound_method_calls,cold_cli,9,0.0036769169964827597
2,cpython,bound_method_calls,cold_cli,9,0.01496762500028126
2,cpython,bound_method_calls,cold_cli,10,0.015063750004628673
2,tonic,bound_method_calls,cold_cli,10,0.003976833017077297
2,tonic,bound_method_calls,cold_cli,11,0.0036412079934962094
2,cpython,bound_method_calls,cold_cli,11,0.014964708010666072
2,cpython,bound_method_calls,cold_cli,12,0.01523712501511909
2,tonic,bound_method_calls,cold_cli,12,0.0039449580071959645
2,tonic,bound_method_calls,cold_cli,13,0.0036618339945562184
2,cpython,bound_method_calls,cold_cli,13,0.015124249999644235
2,cpython,bound_method_calls,cold_cli,14,0.015302458021324128
2,tonic,bound_method_calls,cold_cli,14,0.004053082986501977
2,cpython,closure_calls,cold_cli,0,0.01511041697813198
2,tonic,closure_calls,cold_cli,0,0.0033047919860109687
2,tonic,closure_calls,cold_cli,1,0.0029106670117471367
2,cpython,closure_calls,cold_cli,1,0.014924292016075924
2,cpython,closure_calls,cold_cli,2,0.01502366698696278
2,tonic,closure_calls,cold_cli,2,0.0032106250000651926
2,tonic,closure_calls,cold_cli,3,0.002991832996485755
2,cpython,closure_calls,cold_cli,3,0.015074374998221174
2,cpython,closure_calls,cold_cli,4,0.015105292026419193
2,tonic,closure_calls,cold_cli,4,0.0031465830106753856
2,tonic,closure_calls,cold_cli,5,0.0029800409974996
2,cpython,closure_calls,cold_cli,5,0.015085624996572733
2,cpython,closure_calls,cold_cli,6,0.015149250015383586
2,tonic,closure_calls,cold_cli,6,0.0032882920058909804
2,tonic,closure_calls,cold_cli,7,0.003102250018855557
2,cpython,closure_calls,cold_cli,7,0.015138124988880008
2,cpython,closure_calls,cold_cli,8,0.015120291005587205
2,tonic,closure_calls,cold_cli,8,0.003594625013647601
2,tonic,closure_calls,cold_cli,9,0.0030925839964766055
2,cpython,closure_calls,cold_cli,9,0.015004665998276323
2,cpython,closure_calls,cold_cli,10,0.01512558400281705
2,tonic,closure_calls,cold_cli,10,0.0034395839902572334
2,tonic,closure_calls,cold_cli,11,0.0029600830166600645
2,cpython,closure_calls,cold_cli,11,0.015557333012111485
2,cpython,closure_calls,cold_cli,12,0.015575499972328544
2,tonic,closure_calls,cold_cli,12,0.0033989999792538583
2,tonic,closure_calls,cold_cli,13,0.0029747499793302268
2,cpython,closure_calls,cold_cli,13,0.01561754199792631
2,cpython,closure_calls,cold_cli,14,0.015188499994110316
2,tonic,closure_calls,cold_cli,14,0.00324416600051336
2,cpython,descriptor_load,cold_cli,0,0.01507095800479874
2,tonic,descriptor_load,cold_cli,0,0.004262250004103407
2,tonic,descriptor_load,cold_cli,1,0.0038591249904129654
2,cpython,descriptor_load,cold_cli,1,0.015313500014599413
2,cpython,descriptor_load,cold_cli,2,0.01645283299149014
2,tonic,descriptor_load,cold_cli,2,0.004319542000303045
2,tonic,descriptor_load,cold_cli,3,0.0040648340072948486
2,cpython,descriptor_load,cold_cli,3,0.015038957993965596
2,cpython,descriptor_load,cold_cli,4,0.015489915997022763
2,tonic,descriptor_load,cold_cli,4,0.00437112498912029
2,tonic,descriptor_load,cold_cli,5,0.004031083022709936
2,cpython,descriptor_load,cold_cli,5,0.015326499997172505
2,cpython,descriptor_load,cold_cli,6,0.015260957996360958
2,tonic,descriptor_load,cold_cli,6,0.004200625000521541
2,tonic,descriptor_load,cold_cli,7,0.004021875007310882
2,cpython,descriptor_load,cold_cli,7,0.015590625000186265
2,cpython,descriptor_load,cold_cli,8,0.01532612499431707
2,tonic,descriptor_load,cold_cli,8,0.004160165990469977
2,tonic,descriptor_load,cold_cli,9,0.0040383340092375875
2,cpython,descriptor_load,cold_cli,9,0.01510870800120756
2,cpython,descriptor_load,cold_cli,10,0.01526345798629336
2,tonic,descriptor_load,cold_cli,10,0.004395833006128669
2,tonic,descriptor_load,cold_cli,11,0.003919832990504801
2,cpython,descriptor_load,cold_cli,11,0.015139041002839804
2,cpython,descriptor_load,cold_cli,12,0.015282084001228213
2,tonic,descriptor_load,cold_cli,12,0.004254250001395121
2,tonic,descriptor_load,cold_cli,13,0.003862874989863485
2,cpython,descriptor_load,cold_cli,13,0.01525079199927859
2,cpython,descriptor_load,cold_cli,14,0.01523191700107418
2,tonic,descriptor_load,cold_cli,14,0.0041808329988271
2,cpython,dict_insert,cold_cli,0,0.014966209011618048
2,tonic,dict_insert,cold_cli,0,0.0034782500006258488
2,tonic,dict_insert,cold_cli,1,0.0030677919858135283
2,cpython,dict_insert,cold_cli,1,0.015081417019246146
2,cpython,dict_insert,cold_cli,2,0.015353583003161475
2,tonic,dict_insert,cold_cli,2,0.0034303330176044255
2,tonic,dict_insert,cold_cli,3,0.003119250002782792
2,cpython,dict_insert,cold_cli,3,0.014981209009420127
2,cpython,dict_insert,cold_cli,4,0.015217040985589847
2,tonic,dict_insert,cold_cli,4,0.0033617500157561153
2,tonic,dict_insert,cold_cli,5,0.003122374997474253
2,cpython,dict_insert,cold_cli,5,0.015362000005552545
2,cpython,dict_insert,cold_cli,6,0.015434957982506603
2,tonic,dict_insert,cold_cli,6,0.0033833750057965517
2,tonic,dict_insert,cold_cli,7,0.0031800830038264394
2,cpython,dict_insert,cold_cli,7,0.015200416994048283
2,cpython,dict_insert,cold_cli,8,0.01514595898333937
2,tonic,dict_insert,cold_cli,8,0.0035084580013062805
2,tonic,dict_insert,cold_cli,9,0.0030679999908898026
2,cpython,dict_insert,cold_cli,9,0.014936292020138353
2,cpython,dict_insert,cold_cli,10,0.015011834009783342
2,tonic,dict_insert,cold_cli,10,0.003442250017542392
2,tonic,dict_insert,cold_cli,11,0.0030661249766126275
2,cpython,dict_insert,cold_cli,11,0.014943291986128315
2,cpython,dict_insert,cold_cli,12,0.015226874995278195
2,tonic,dict_insert,cold_cli,12,0.0033740829967428
2,tonic,dict_insert,cold_cli,13,0.0030317920027300715
2,cpython,dict_insert,cold_cli,13,0.015029750007670373
2,cpython,dict_insert,cold_cli,14,0.015379374992335215
2,tonic,dict_insert,cold_cli,14,0.003287833009380847
2,cpython,dict_lookup,cold_cli,0,0.014888250007061288
2,tonic,dict_lookup,cold_cli,0,0.0033447079767938703
2,tonic,dict_lookup,cold_cli,1,0.002919332997407764
2,cpython,dict_lookup,cold_cli,1,0.014759207988390699
2,cpython,dict_lookup,cold_cli,2,0.014929916011169553
2,tonic,dict_lookup,cold_cli,2,0.0032436249894089997
2,tonic,dict_lookup,cold_cli,3,0.0028992090083193034
2,cpython,dict_lookup,cold_cli,3,0.014795875002164394
2,cpython,dict_lookup,cold_cli,4,0.014977624989114702
2,tonic,dict_lookup,cold_cli,4,0.0031833329994697124
2,tonic,dict_lookup,cold_cli,5,0.0030003749998286366
2,cpython,dict_lookup,cold_cli,5,0.015029917005449533
2,cpython,dict_lookup,cold_cli,6,0.015049167006509379
2,tonic,dict_lookup,cold_cli,6,0.003333540982566774
2,tonic,dict_lookup,cold_cli,7,0.002970459026983008
2,cpython,dict_lookup,cold_cli,7,0.015461541013792157
2,cpython,dict_lookup,cold_cli,8,0.01586654200218618
2,tonic,dict_lookup,cold_cli,8,0.003437542007304728
2,tonic,dict_lookup,cold_cli,9,0.003186208981787786
2,cpython,dict_lookup,cold_cli,9,0.0156045829935465
2,cpython,dict_lookup,cold_cli,10,0.01590291698812507
2,tonic,dict_lookup,cold_cli,10,0.003585083002690226
2,tonic,dict_lookup,cold_cli,11,0.003071916988119483
2,cpython,dict_lookup,cold_cli,11,0.015790083998581395
2,cpython,dict_lookup,cold_cli,12,0.01563808397622779
2,tonic,dict_lookup,cold_cli,12,0.003287958010332659
2,tonic,dict_lookup,cold_cli,13,0.002930041984654963
2,cpython,dict_lookup,cold_cli,13,0.015158666006755084
2,cpython,dict_lookup,cold_cli,14,0.01508070802083239
2,tonic,dict_lookup,cold_cli,14,0.0032072910107672215
2,cpython,fib_calls,cold_cli,0,0.01589737500762567
2,tonic,fib_calls,cold_cli,0,0.0048849589948076755
2,tonic,fib_calls,cold_cli,1,0.004556542000500485
2,cpython,fib_calls,cold_cli,1,0.016304333024891093
2,cpython,fib_calls,cold_cli,2,0.016050875012297183
2,tonic,fib_calls,cold_cli,2,0.004832667007576674
2,tonic,fib_calls,cold_cli,3,0.004749374988023192
2,cpython,fib_calls,cold_cli,3,0.015555874997517094
2,cpython,fib_calls,cold_cli,4,0.015870667004492134
2,tonic,fib_calls,cold_cli,4,0.0049154169973917305
2,tonic,fib_calls,cold_cli,5,0.004372666997369379
2,cpython,fib_calls,cold_cli,5,0.015856375015573576
2,cpython,fib_calls,cold_cli,6,0.016106041002785787
2,tonic,fib_calls,cold_cli,6,0.004786167002748698
2,tonic,fib_calls,cold_cli,7,0.004504791984800249
2,cpython,fib_calls,cold_cli,7,0.01563937502214685
2,cpython,fib_calls,cold_cli,8,0.015613291994668543
2,tonic,fib_calls,cold_cli,8,0.004952457995386794
2,tonic,fib_calls,cold_cli,9,0.0044202499848324805
2,cpython,fib_calls,cold_cli,9,0.015362750011263415
2,cpython,fib_calls,cold_cli,10,0.015492375008761883
2,tonic,fib_calls,cold_cli,10,0.004734583024401218
2,tonic,fib_calls,cold_cli,11,0.004509000020334497
2,cpython,fib_calls,cold_cli,11,0.01584375000675209
2,cpython,fib_calls,cold_cli,12,0.015996583009837195
2,tonic,fib_calls,cold_cli,12,0.005153125006472692
2,tonic,fib_calls,cold_cli,13,0.004533208004431799
2,cpython,fib_calls,cold_cli,13,0.015702292002970353
2,cpython,fib_calls,cold_cli,14,0.015625
2,tonic,fib_calls,cold_cli,14,0.004824125004233792
2,cpython,float_loop,cold_cli,0,0.015221208013826981
2,tonic,float_loop,cold_cli,0,0.0032852909935172647
2,tonic,float_loop,cold_cli,1,0.002830083016306162
2,cpython,float_loop,cold_cli,1,0.015215541992802173
2,cpython,float_loop,cold_cli,2,0.015590124996379018
2,tonic,float_loop,cold_cli,2,0.003140457993140444
2,tonic,float_loop,cold_cli,3,0.0027419579855632037
2,cpython,float_loop,cold_cli,3,0.015313499985495582
2,cpython,float_loop,cold_cli,4,0.015729542006738484
2,tonic,float_loop,cold_cli,4,0.0030919999990146607
2,tonic,float_loop,cold_cli,5,0.002630790986586362
2,cpython,float_loop,cold_cli,5,0.015107290993910283
2,cpython,float_loop,cold_cli,6,0.015650874993298203
2,tonic,float_loop,cold_cli,6,0.0030497089901473373
2,tonic,float_loop,cold_cli,7,0.0027339999796822667
2,cpython,float_loop,cold_cli,7,0.015751500002807006
2,cpython,float_loop,cold_cli,8,0.015842875000089407
2,tonic,float_loop,cold_cli,8,0.0030089999781921506
2,tonic,float_loop,cold_cli,9,0.0029131670016795397
2,cpython,float_loop,cold_cli,9,0.015278500010026619
2,cpython,float_loop,cold_cli,10,0.015627582994056866
2,tonic,float_loop,cold_cli,10,0.0031085000082384795
2,tonic,float_loop,cold_cli,11,0.0027469169872347265
2,cpython,float_loop,cold_cli,11,0.015178166009718552
2,cpython,float_loop,cold_cli,12,0.015375124989077449
2,tonic,float_loop,cold_cli,12,0.002987124986248091
2,tonic,float_loop,cold_cli,13,0.0026874589966610074
2,cpython,float_loop,cold_cli,13,0.0152543330041226
2,cpython,float_loop,cold_cli,14,0.015299666003556922
2,tonic,float_loop,cold_cli,14,0.0029679590079467744
2,cpython,integer_loop,cold_cli,0,0.01988654100568965
2,tonic,integer_loop,cold_cli,0,0.00739287500618957
2,tonic,integer_loop,cold_cli,1,0.007137875014450401
2,cpython,integer_loop,cold_cli,1,0.019475084001896903
2,cpython,integer_loop,cold_cli,2,0.01999699999578297
2,tonic,integer_loop,cold_cli,2,0.007492707984056324
2,tonic,integer_loop,cold_cli,3,0.007155791012337431
2,cpython,integer_loop,cold_cli,3,0.01947370800189674
2,cpython,integer_loop,cold_cli,4,0.0197064169915393
2,tonic,integer_loop,cold_cli,4,0.007371207990217954
2,tonic,integer_loop,cold_cli,5,0.0070589160022791475
2,cpython,integer_loop,cold_cli,5,0.019848582975100726
2,cpython,integer_loop,cold_cli,6,0.019375500007299706
2,tonic,integer_loop,cold_cli,6,0.007316915987757966
2,tonic,integer_loop,cold_cli,7,0.007083667005645111
2,cpython,integer_loop,cold_cli,7,0.019547459000023082
2,cpython,integer_loop,cold_cli,8,0.019618583988631144
2,tonic,integer_loop,cold_cli,8,0.007368542021140456
2,tonic,integer_loop,cold_cli,9,0.007209332979982719
2,cpython,integer_loop,cold_cli,9,0.019461165997199714
2,cpython,integer_loop,cold_cli,10,0.01982624997617677
2,tonic,integer_loop,cold_cli,10,0.0073857500101439655
2,tonic,integer_loop,cold_cli,11,0.0071765419852454215
2,cpython,integer_loop,cold_cli,11,0.020580625016009435
2,cpython,integer_loop,cold_cli,12,0.019633166026324034
2,tonic,integer_loop,cold_cli,12,0.0075493750046007335
2,tonic,integer_loop,cold_cli,13,0.0070610829861834645
2,cpython,integer_loop,cold_cli,13,0.019474375003483146
2,cpython,integer_loop,cold_cli,14,0.019388999993680045
2,tonic,integer_loop,cold_cli,14,0.007436999992933124
2,cpython,keyword_calls,cold_cli,0,0.015075875009642914
2,tonic,keyword_calls,cold_cli,0,0.0036605830246116966
2,tonic,keyword_calls,cold_cli,1,0.003355291992193088
2,cpython,keyword_calls,cold_cli,1,0.015241416986100376
2,cpython,keyword_calls,cold_cli,2,0.015319875004934147
2,tonic,keyword_calls,cold_cli,2,0.00356416599242948
2,tonic,keyword_calls,cold_cli,3,0.0033920840069185942
2,cpython,keyword_calls,cold_cli,3,0.015355000010458753
2,cpython,keyword_calls,cold_cli,4,0.015271042007952929
2,tonic,keyword_calls,cold_cli,4,0.0035966669966001064
2,tonic,keyword_calls,cold_cli,5,0.003267291991505772
2,cpython,keyword_calls,cold_cli,5,0.015282999986084178
2,cpython,keyword_calls,cold_cli,6,0.015459625021321699
2,tonic,keyword_calls,cold_cli,6,0.0036604999913834035
2,tonic,keyword_calls,cold_cli,7,0.0033249169937334955
2,cpython,keyword_calls,cold_cli,7,0.01526720801484771
2,cpython,keyword_calls,cold_cli,8,0.016287209000438452
2,tonic,keyword_calls,cold_cli,8,0.0038545000134035945
2,tonic,keyword_calls,cold_cli,9,0.0035749590024352074
2,cpython,keyword_calls,cold_cli,9,0.015671958011807874
2,cpython,keyword_calls,cold_cli,10,0.016021542018279433
2,tonic,keyword_calls,cold_cli,10,0.0038039589999243617
2,tonic,keyword_calls,cold_cli,11,0.0033899169939104468
2,cpython,keyword_calls,cold_cli,11,0.016050957987317815
2,cpython,keyword_calls,cold_cli,12,0.01602187499520369
2,tonic,keyword_calls,cold_cli,12,0.0037256669893395156
2,tonic,keyword_calls,cold_cli,13,0.0034025410132016987
2,cpython,keyword_calls,cold_cli,13,0.015296249999664724
2,cpython,keyword_calls,cold_cli,14,0.01596237497869879
2,tonic,keyword_calls,cold_cli,14,0.0037383330054581165
2,cpython,known_calls,cold_cli,0,0.015435209003044292
2,tonic,known_calls,cold_cli,0,0.0035360830079298466
2,tonic,known_calls,cold_cli,1,0.003123709000647068
2,cpython,known_calls,cold_cli,1,0.0156849589839112
2,cpython,known_calls,cold_cli,2,0.01598579200799577
2,tonic,known_calls,cold_cli,2,0.003570833010599017
2,tonic,known_calls,cold_cli,3,0.0031864579941611737
2,cpython,known_calls,cold_cli,3,0.015519542008405551
2,cpython,known_calls,cold_cli,4,0.015259290987160057
2,tonic,known_calls,cold_cli,4,0.003422332985792309
2,tonic,known_calls,cold_cli,5,0.0032175419910345227
2,cpython,known_calls,cold_cli,5,0.01526420799200423
2,cpython,known_calls,cold_cli,6,0.015858375001698732
2,tonic,known_calls,cold_cli,6,0.0035624169977381825
2,tonic,known_calls,cold_cli,7,0.0031152080046012998
2,cpython,known_calls,cold_cli,7,0.015955125010805205
2,cpython,known_calls,cold_cli,8,0.015600750019075349
2,tonic,known_calls,cold_cli,8,0.0033001250121742487
2,tonic,known_calls,cold_cli,9,0.0031576670007780194
2,cpython,known_calls,cold_cli,9,0.015395791997434571
2,cpython,known_calls,cold_cli,10,0.015746832999866456
2,tonic,known_calls,cold_cli,10,0.0034048329980578274
2,tonic,known_calls,cold_cli,11,0.0032061670208349824
2,cpython,known_calls,cold_cli,11,0.01527787500526756
2,cpython,known_calls,cold_cli,12,0.015595250006299466
2,tonic,known_calls,cold_cli,12,0.0034447910147719085
2,tonic,known_calls,cold_cli,13,0.003072082996368408
2,cpython,known_calls,cold_cli,13,0.015450291975867003
2,cpython,known_calls,cold_cli,14,0.015781458001583815
2,tonic,known_calls,cold_cli,14,0.003512542025418952
2,cpython,list_iteration,cold_cli,0,0.015037375007523224
2,tonic,list_iteration,cold_cli,0,0.0026334580034017563
2,tonic,list_iteration,cold_cli,1,0.002370250003878027
2,cpython,list_iteration,cold_cli,1,0.015006708010332659
2,cpython,list_iteration,cold_cli,2,0.015429957973537967
2,tonic,list_iteration,cold_cli,2,0.0027079579886049032
2,tonic,list_iteration,cold_cli,3,0.0022600000083912164
2,cpython,list_iteration,cold_cli,3,0.014767250017030165
2,cpython,list_iteration,cold_cli,4,0.015158916998188943
2,tonic,list_iteration,cold_cli,4,0.0025233339983969927
2,tonic,list_iteration,cold_cli,5,0.002267042000312358
2,cpython,list_iteration,cold_cli,5,0.014358999993419275
2,cpython,list_iteration,cold_cli,6,0.014678749983431771
2,tonic,list_iteration,cold_cli,6,0.0024895000096876174
2,tonic,list_iteration,cold_cli,7,0.0022505000233650208
2,cpython,list_iteration,cold_cli,7,0.014354624989209697
2,cpython,list_iteration,cold_cli,8,0.0148582499823533
2,tonic,list_iteration,cold_cli,8,0.002489832986611873
2,tonic,list_iteration,cold_cli,9,0.0022316250251606107
2,cpython,list_iteration,cold_cli,9,0.01443616600590758
2,cpython,list_iteration,cold_cli,10,0.01572254198254086
2,tonic,list_iteration,cold_cli,10,0.0025529160047881305
2,tonic,list_iteration,cold_cli,11,0.0022479170002043247
2,cpython,list_iteration,cold_cli,11,0.014406542002689093
2,cpython,list_iteration,cold_cli,12,0.014838833012618124
2,tonic,list_iteration,cold_cli,12,0.0025508750113658607
2,tonic,list_iteration,cold_cli,13,0.0021949999791104347
2,cpython,list_iteration,cold_cli,13,0.014653624995844439
2,cpython,list_iteration,cold_cli,14,0.01460158298141323
2,tonic,list_iteration,cold_cli,14,0.002482000010786578
2,cpython,super_calls,cold_cli,0,0.015755166998133063
2,tonic,super_calls,cold_cli,0,0.005532457988010719
2,tonic,super_calls,cold_cli,1,0.0052067500073462725
2,cpython,super_calls,cold_cli,1,0.015640583995264024
2,cpython,super_calls,cold_cli,2,0.015615333017194644
2,tonic,super_calls,cold_cli,2,0.005378290981752798
2,tonic,super_calls,cold_cli,3,0.005268374981824309
2,cpython,super_calls,cold_cli,3,0.015652417001547292
2,cpython,super_calls,cold_cli,4,0.015457583009265363
2,tonic,super_calls,cold_cli,4,0.005544749990804121
2,tonic,super_calls,cold_cli,5,0.005170332995476201
2,cpython,super_calls,cold_cli,5,0.01592524998704903
2,cpython,super_calls,cold_cli,6,0.015570874995319173
2,tonic,super_calls,cold_cli,6,0.005473083991091698
2,tonic,super_calls,cold_cli,7,0.005246375018032268
2,cpython,super_calls,cold_cli,7,0.016457916994113475
2,cpython,super_calls,cold_cli,8,0.01587037500576116
2,tonic,super_calls,cold_cli,8,0.005671957973390818
2,tonic,super_calls,cold_cli,9,0.005265583022264764
2,cpython,super_calls,cold_cli,9,0.015897250006673858
2,cpython,super_calls,cold_cli,10,0.015499625005759299
2,tonic,super_calls,cold_cli,10,0.005536417011171579
2,tonic,super_calls,cold_cli,11,0.005296625022310764
2,cpython,super_calls,cold_cli,11,0.015534083009697497
2,cpython,super_calls,cold_cli,12,0.015385708014946431
2,tonic,super_calls,cold_cli,12,0.005404625000664964
2,tonic,super_calls,cold_cli,13,0.005272000009426847
2,cpython,super_calls,cold_cli,13,0.01570200000423938
2,cpython,super_calls,cold_cli,14,0.015565999987302348
2,tonic,super_calls,cold_cli,14,0.005530583002837375
3,tonic,integer_loop,compile,0,1.5834e-05
3,tonic,integer_loop,compile,1,1.7416e-05
3,tonic,integer_loop,compile,2,1.7334e-05
3,tonic,integer_loop,compile,3,1.7084e-05
3,tonic,integer_loop,compile,4,1.5042e-05
3,tonic,integer_loop,compile,5,1.5167e-05
3,tonic,integer_loop,compile,6,1.3666e-05
3,tonic,integer_loop,compile,7,1.1375e-05
3,tonic,integer_loop,compile,8,1.3041e-05
3,tonic,integer_loop,compile,9,1.1208e-05
3,tonic,integer_loop,compile,10,1.325e-05
3,tonic,integer_loop,compile,11,1.15e-05
3,tonic,integer_loop,compile,12,1.4625e-05
3,tonic,integer_loop,compile,13,1.0958e-05
3,tonic,integer_loop,compile,14,1.3041e-05
3,tonic,integer_loop,compile,15,1.2417e-05
3,tonic,integer_loop,compile,16,1.3166e-05
3,tonic,integer_loop,compile,17,1.1166e-05
3,tonic,integer_loop,compile,18,1.4333e-05
3,tonic,integer_loop,compile,19,1.1e-05
3,tonic,integer_loop,compile,20,1.5583e-05
3,tonic,integer_loop,compile,21,1.2875e-05
3,tonic,integer_loop,compile,22,1.3083e-05
3,tonic,integer_loop,compile,23,1.2125e-05
3,tonic,integer_loop,compile,24,1.3e-05
3,tonic,integer_loop,compile,25,1.2334e-05
3,tonic,integer_loop,compile,26,1.2584e-05
3,tonic,integer_loop,compile,27,1.2291e-05
3,tonic,integer_loop,compile,28,1.2875e-05
3,tonic,integer_loop,compile,29,1.225e-05
3,tonic,integer_loop,warm_run,0,0.004869667
3,tonic,integer_loop,warm_run,1,0.004883542
3,tonic,integer_loop,warm_run,2,0.004876291
3,tonic,integer_loop,warm_run,3,0.004848958
3,tonic,integer_loop,warm_run,4,0.004809
3,tonic,integer_loop,warm_run,5,0.004849125
3,tonic,integer_loop,warm_run,6,0.004883625
3,tonic,integer_loop,warm_run,7,0.004827209
3,tonic,integer_loop,warm_run,8,0.004845375
3,tonic,integer_loop,warm_run,9,0.004863625
3,tonic,integer_loop,warm_run,10,0.004848083
3,tonic,integer_loop,warm_run,11,0.004823208
3,tonic,integer_loop,warm_run,12,0.004849333
3,tonic,integer_loop,warm_run,13,0.00481825
3,tonic,integer_loop,warm_run,14,0.004872
3,tonic,integer_loop,warm_run,15,0.004916791
3,tonic,integer_loop,warm_run,16,0.005065917
3,tonic,integer_loop,warm_run,17,0.005014333
3,tonic,integer_loop,warm_run,18,0.005074208
3,tonic,integer_loop,warm_run,19,0.005020625
3,tonic,integer_loop,warm_run,20,0.004992083
3,tonic,integer_loop,warm_run,21,0.004981667
3,tonic,integer_loop,warm_run,22,0.005001292
3,tonic,integer_loop,warm_run,23,0.004956041
3,tonic,integer_loop,warm_run,24,0.0049955
3,tonic,integer_loop,warm_run,25,0.004959833
3,tonic,integer_loop,warm_run,26,0.004968292
3,tonic,integer_loop,warm_run,27,0.00503675
3,tonic,integer_loop,warm_run,28,0.0050035
3,tonic,integer_loop,warm_run,29,0.004930834
3,tonic,fib_calls,compile,0,2.7291e-05
3,tonic,fib_calls,compile,1,2.9334e-05
3,tonic,fib_calls,compile,2,2.8625e-05
3,tonic,fib_calls,compile,3,3.2292e-05
3,tonic,fib_calls,compile,4,3.0917e-05
3,tonic,fib_calls,compile,5,2.8708e-05
3,tonic,fib_calls,compile,6,3.175e-05
3,tonic,fib_calls,compile,7,2.8792e-05
3,tonic,fib_calls,compile,8,2.8167e-05
3,tonic,fib_calls,compile,9,2.825e-05
3,tonic,fib_calls,compile,10,2.7917e-05
3,tonic,fib_calls,compile,11,3.1042e-05
3,tonic,fib_calls,compile,12,2.55e-05
3,tonic,fib_calls,compile,13,2.6167e-05
3,tonic,fib_calls,compile,14,2.5958e-05
3,tonic,fib_calls,compile,15,2.75e-05
3,tonic,fib_calls,compile,16,2.7458e-05
3,tonic,fib_calls,compile,17,2.5334e-05
3,tonic,fib_calls,compile,18,2.8125e-05
3,tonic,fib_calls,compile,19,2.7833e-05
3,tonic,fib_calls,compile,20,2.7792e-05
3,tonic,fib_calls,compile,21,2.7958e-05
3,tonic,fib_calls,compile,22,2.7958e-05
3,tonic,fib_calls,compile,23,2.7709e-05
3,tonic,fib_calls,compile,24,2.7875e-05
3,tonic,fib_calls,compile,25,2.7833e-05
3,tonic,fib_calls,compile,26,2.8e-05
3,tonic,fib_calls,compile,27,2.7959e-05
3,tonic,fib_calls,compile,28,2.75e-05
3,tonic,fib_calls,compile,29,2.9166e-05
3,tonic,fib_calls,warm_run,0,0.002387917
3,tonic,fib_calls,warm_run,1,0.002388541
3,tonic,fib_calls,warm_run,2,0.002387292
3,tonic,fib_calls,warm_run,3,0.002396208
3,tonic,fib_calls,warm_run,4,0.002385459
3,tonic,fib_calls,warm_run,5,0.00238975
3,tonic,fib_calls,warm_run,6,0.002409625
3,tonic,fib_calls,warm_run,7,0.002404083
3,tonic,fib_calls,warm_run,8,0.002419
3,tonic,fib_calls,warm_run,9,0.0024165
3,tonic,fib_calls,warm_run,10,0.002422167
3,tonic,fib_calls,warm_run,11,0.002414125
3,tonic,fib_calls,warm_run,12,0.00241325
3,tonic,fib_calls,warm_run,13,0.002428875
3,tonic,fib_calls,warm_run,14,0.002394833
3,tonic,fib_calls,warm_run,15,0.002386542
3,tonic,fib_calls,warm_run,16,0.002384834
3,tonic,fib_calls,warm_run,17,0.002392708
3,tonic,fib_calls,warm_run,18,0.002384417
3,tonic,fib_calls,warm_run,19,0.002384417
3,tonic,fib_calls,warm_run,20,0.002389375
3,tonic,fib_calls,warm_run,21,0.002389125
3,tonic,fib_calls,warm_run,22,0.002382166
3,tonic,fib_calls,warm_run,23,0.002381875
3,tonic,fib_calls,warm_run,24,0.002382875
3,tonic,fib_calls,warm_run,25,0.00238625
3,tonic,fib_calls,warm_run,26,0.002381333
3,tonic,fib_calls,warm_run,27,0.002401666
3,tonic,fib_calls,warm_run,28,0.002393042
3,tonic,fib_calls,warm_run,29,0.002392541
3,tonic,known_calls,compile,0,1.525e-05
3,tonic,known_calls,compile,1,1.9167e-05
3,tonic,known_calls,compile,2,2.1041e-05
3,tonic,known_calls,compile,3,1.9417e-05
3,tonic,known_calls,compile,4,1.9167e-05
3,tonic,known_calls,compile,5,1.9041e-05
3,tonic,known_calls,compile,6,1.9208e-05
3,tonic,known_calls,compile,7,1.8041e-05
3,tonic,known_calls,compile,8,1.8959e-05
3,tonic,known_calls,compile,9,1.9125e-05
3,tonic,known_calls,compile,10,1.8834e-05
3,tonic,known_calls,compile,11,1.9e-05
3,tonic,known_calls,compile,12,1.8792e-05
3,tonic,known_calls,compile,13,1.9291e-05
3,tonic,known_calls,compile,14,1.7875e-05
3,tonic,known_calls,compile,15,1.875e-05
3,tonic,known_calls,compile,16,1.9083e-05
3,tonic,known_calls,compile,17,1.8167e-05
3,tonic,known_calls,compile,18,1.8875e-05
3,tonic,known_calls,compile,19,1.8875e-05
3,tonic,known_calls,compile,20,1.875e-05
3,tonic,known_calls,compile,21,1.8917e-05
3,tonic,known_calls,compile,22,1.8916e-05
3,tonic,known_calls,compile,23,1.6875e-05
3,tonic,known_calls,compile,24,1.8958e-05
3,tonic,known_calls,compile,25,1.8958e-05
3,tonic,known_calls,compile,26,1.8667e-05
3,tonic,known_calls,compile,27,1.8875e-05
3,tonic,known_calls,compile,28,1.8875e-05
3,tonic,known_calls,compile,29,1.7e-05
3,tonic,known_calls,warm_run,0,0.001134583
3,tonic,known_calls,warm_run,1,0.001141958
3,tonic,known_calls,warm_run,2,0.00114275
3,tonic,known_calls,warm_run,3,0.0011555
3,tonic,known_calls,warm_run,4,0.001148916
3,tonic,known_calls,warm_run,5,0.001150167
3,tonic,known_calls,warm_run,6,0.001141333
3,tonic,known_calls,warm_run,7,0.001150833
3,tonic,known_calls,warm_run,8,0.00114875
3,tonic,known_calls,warm_run,9,0.001148417
3,tonic,known_calls,warm_run,10,0.001143375
3,tonic,known_calls,warm_run,11,0.0011485
3,tonic,known_calls,warm_run,12,0.001152375
3,tonic,known_calls,warm_run,13,0.001150666
3,tonic,known_calls,warm_run,14,0.001138916
3,tonic,known_calls,warm_run,15,0.0011505
3,tonic,known_calls,warm_run,16,0.001145584
3,tonic,known_calls,warm_run,17,0.001150125
3,tonic,known_calls,warm_run,18,0.001146542
3,tonic,known_calls,warm_run,19,0.001128292
3,tonic,known_calls,warm_run,20,0.00113525
3,tonic,known_calls,warm_run,21,0.0011495
3,tonic,known_calls,warm_run,22,0.001150458
3,tonic,known_calls,warm_run,23,0.001137542
3,tonic,known_calls,warm_run,24,0.0011345
3,tonic,known_calls,warm_run,25,0.001152791
3,tonic,known_calls,warm_run,26,0.0011515
3,tonic,known_calls,warm_run,27,0.001144291
3,tonic,known_calls,warm_run,28,0.0011445
3,tonic,known_calls,warm_run,29,0.001152083
3,tonic,float_loop,compile,0,9.75e-06
3,tonic,float_loop,compile,1,1.2459e-05
3,tonic,float_loop,compile,2,1.2167e-05
3,tonic,float_loop,compile,3,1.2458e-05
3,tonic,float_loop,compile,4,1.2e-05
3,tonic,float_loop,compile,5,1.2333e-05
3,tonic,float_loop,compile,6,1.1917e-05
3,tonic,float_loop,compile,7,1.2458e-05
3,tonic,float_loop,compile,8,1.2083e-05
3,tonic,float_loop,compile,9,1.2458e-05
3,tonic,float_loop,compile,10,1.1875e-05
3,tonic,float_loop,compile,11,1.2333e-05
3,tonic,float_loop,compile,12,1.1833e-05
3,tonic,float_loop,compile,13,1.2375e-05
3,tonic,float_loop,compile,14,1.1875e-05
3,tonic,float_loop,compile,15,1.2167e-05
3,tonic,float_loop,compile,16,1.2e-05
3,tonic,float_loop,compile,17,1.2334e-05
3,tonic,float_loop,compile,18,1.2583e-05
3,tonic,float_loop,compile,19,1.2458e-05
3,tonic,float_loop,compile,20,1.2333e-05
3,tonic,float_loop,compile,21,1.2209e-05
3,tonic,float_loop,compile,22,9.917e-06
3,tonic,float_loop,compile,23,1.2292e-05
3,tonic,float_loop,compile,24,1.2209e-05
3,tonic,float_loop,compile,25,1.2416e-05
3,tonic,float_loop,compile,26,1.1958e-05
3,tonic,float_loop,compile,27,1.2459e-05
3,tonic,float_loop,compile,28,1.2e-05
3,tonic,float_loop,compile,29,1.225e-05
3,tonic,float_loop,warm_run,0,0.000684542
3,tonic,float_loop,warm_run,1,0.000688625
3,tonic,float_loop,warm_run,2,0.000688709
3,tonic,float_loop,warm_run,3,0.000690875
3,tonic,float_loop,warm_run,4,0.000687625
3,tonic,float_loop,warm_run,5,0.000689042
3,tonic,float_loop,warm_run,6,0.000689375
3,tonic,float_loop,warm_run,7,0.000690541
3,tonic,float_loop,warm_run,8,0.000688791
3,tonic,float_loop,warm_run,9,0.000689333
3,tonic,float_loop,warm_run,10,0.000691708
3,tonic,float_loop,warm_run,11,0.000688625
3,tonic,float_loop,warm_run,12,0.000689541
3,tonic,float_loop,warm_run,13,0.000688458
3,tonic,float_loop,warm_run,14,0.000688667
3,tonic,float_loop,warm_run,15,0.000688709
3,tonic,float_loop,warm_run,16,0.000687583
3,tonic,float_loop,warm_run,17,0.000688709
3,tonic,float_loop,warm_run,18,0.000689125
3,tonic,float_loop,warm_run,19,0.000689375
3,tonic,float_loop,warm_run,20,0.000695833
3,tonic,float_loop,warm_run,21,0.000688833
3,tonic,float_loop,warm_run,22,0.000689041
3,tonic,float_loop,warm_run,23,0.000688292
3,tonic,float_loop,warm_run,24,0.000689792
3,tonic,float_loop,warm_run,25,0.000689167
3,tonic,float_loop,warm_run,26,0.000689333
3,tonic,float_loop,warm_run,27,0.000689584
3,tonic,float_loop,warm_run,28,0.00069
3,tonic,float_loop,warm_run,29,0.000688417
3,tonic,list_iteration,compile,0,1.7208e-05
3,tonic,list_iteration,compile,1,2.2167e-05
3,tonic,list_iteration,compile,2,2.1917e-05
3,tonic,list_iteration,compile,3,2.1834e-05
3,tonic,list_iteration,compile,4,2.3167e-05
3,tonic,list_iteration,compile,5,2.2292e-05
3,tonic,list_iteration,compile,6,2.2208e-05
3,tonic,list_iteration,compile,7,2.2042e-05
3,tonic,list_iteration,compile,8,2.2125e-05
3,tonic,list_iteration,compile,9,1.9208e-05
3,tonic,list_iteration,compile,10,2.175e-05
3,tonic,list_iteration,compile,11,2.1792e-05
3,tonic,list_iteration,compile,12,2.1958e-05
3,tonic,list_iteration,compile,13,2.1875e-05
3,tonic,list_iteration,compile,14,2.2e-05
3,tonic,list_iteration,compile,15,1.9792e-05
3,tonic,list_iteration,compile,16,2.1834e-05
3,tonic,list_iteration,compile,17,2.1958e-05
3,tonic,list_iteration,compile,18,2.1709e-05
3,tonic,list_iteration,compile,19,2.175e-05
3,tonic,list_iteration,compile,20,2.1708e-05
3,tonic,list_iteration,compile,21,2.1791e-05
3,tonic,list_iteration,compile,22,2.2125e-05
3,tonic,list_iteration,compile,23,2.1625e-05
3,tonic,list_iteration,compile,24,2.1667e-05
3,tonic,list_iteration,compile,25,2.175e-05
3,tonic,list_iteration,compile,26,2.1875e-05
3,tonic,list_iteration,compile,27,2.2e-05
3,tonic,list_iteration,compile,28,2.1875e-05
3,tonic,list_iteration,compile,29,2.1916e-05
3,tonic,list_iteration,warm_run,0,0.000272917
3,tonic,list_iteration,warm_run,1,0.0002755
3,tonic,list_iteration,warm_run,2,0.000275291
3,tonic,list_iteration,warm_run,3,0.000275584
3,tonic,list_iteration,warm_run,4,0.000276583
3,tonic,list_iteration,warm_run,5,0.00027575
3,tonic,list_iteration,warm_run,6,0.000274958
3,tonic,list_iteration,warm_run,7,0.000274667
3,tonic,list_iteration,warm_run,8,0.000274541
3,tonic,list_iteration,warm_run,9,0.0002745
3,tonic,list_iteration,warm_run,10,0.000275166
3,tonic,list_iteration,warm_run,11,0.000275375
3,tonic,list_iteration,warm_run,12,0.000275417
3,tonic,list_iteration,warm_run,13,0.000274666
3,tonic,list_iteration,warm_run,14,0.000276041
3,tonic,list_iteration,warm_run,15,0.000275167
3,tonic,list_iteration,warm_run,16,0.000275
3,tonic,list_iteration,warm_run,17,0.000274833
3,tonic,list_iteration,warm_run,18,0.000274542
3,tonic,list_iteration,warm_run,19,0.000274834
3,tonic,list_iteration,warm_run,20,0.000275042
3,tonic,list_iteration,warm_run,21,0.000275916
3,tonic,list_iteration,warm_run,22,0.000275375
3,tonic,list_iteration,warm_run,23,0.000275542
3,tonic,list_iteration,warm_run,24,0.00027475
3,tonic,list_iteration,warm_run,25,0.000275541
3,tonic,list_iteration,warm_run,26,0.000281333
3,tonic,list_iteration,warm_run,27,0.000274667
3,tonic,list_iteration,warm_run,28,0.000275042
3,tonic,list_iteration,warm_run,29,0.000274
3,tonic,closure_calls,compile,0,1.8625e-05
3,tonic,closure_calls,compile,1,2.375e-05
3,tonic,closure_calls,compile,2,2.3792e-05
3,tonic,closure_calls,compile,3,2.3584e-05
3,tonic,closure_calls,compile,4,2.3541e-05
3,tonic,closure_calls,compile,5,2.3584e-05
3,tonic,closure_calls,compile,6,2.3208e-05
3,tonic,closure_calls,compile,7,2.3375e-05
3,tonic,closure_calls,compile,8,2.3625e-05
3,tonic,closure_calls,compile,9,2.45e-05
3,tonic,closure_calls,compile,10,2.3792e-05
3,tonic,closure_calls,compile,11,2.3125e-05
3,tonic,closure_calls,compile,12,2.35e-05
3,tonic,closure_calls,compile,13,2.3416e-05
3,tonic,closure_calls,compile,14,2.325e-05
3,tonic,closure_calls,compile,15,2.3125e-05
3,tonic,closure_calls,compile,16,2.3291e-05
3,tonic,closure_calls,compile,17,2.35e-05
3,tonic,closure_calls,compile,18,2.3292e-05
3,tonic,closure_calls,compile,19,2.3417e-05
3,tonic,closure_calls,compile,20,2.325e-05
3,tonic,closure_calls,compile,21,2.325e-05
3,tonic,closure_calls,compile,22,2.3459e-05
3,tonic,closure_calls,compile,23,2.325e-05
3,tonic,closure_calls,compile,24,2.35e-05
3,tonic,closure_calls,compile,25,2.3667e-05
3,tonic,closure_calls,compile,26,2.3625e-05
3,tonic,closure_calls,compile,27,2.3458e-05
3,tonic,closure_calls,compile,28,2.35e-05
3,tonic,closure_calls,compile,29,2.3292e-05
3,tonic,closure_calls,warm_run,0,0.001062292
3,tonic,closure_calls,warm_run,1,0.001079709
3,tonic,closure_calls,warm_run,2,0.001081667
3,tonic,closure_calls,warm_run,3,0.001068375
3,tonic,closure_calls,warm_run,4,0.001084958
3,tonic,closure_calls,warm_run,5,0.001076875
3,tonic,closure_calls,warm_run,6,0.001067125
3,tonic,closure_calls,warm_run,7,0.00108525
3,tonic,closure_calls,warm_run,8,0.001068667
3,tonic,closure_calls,warm_run,9,0.001079333
3,tonic,closure_calls,warm_run,10,0.001068292
3,tonic,closure_calls,warm_run,11,0.001075458
3,tonic,closure_calls,warm_run,12,0.00108175
3,tonic,closure_calls,warm_run,13,0.001069583
3,tonic,closure_calls,warm_run,14,0.001090083
3,tonic,closure_calls,warm_run,15,0.001082208
3,tonic,closure_calls,warm_run,16,0.001075792
3,tonic,closure_calls,warm_run,17,0.0011065
3,tonic,closure_calls,warm_run,18,0.001061834
3,tonic,closure_calls,warm_run,19,0.001100417
3,tonic,closure_calls,warm_run,20,0.001081959
3,tonic,closure_calls,warm_run,21,0.001106625
3,tonic,closure_calls,warm_run,22,0.00110525
3,tonic,closure_calls,warm_run,23,0.0010835
3,tonic,closure_calls,warm_run,24,0.001071125
3,tonic,closure_calls,warm_run,25,0.001082084
3,tonic,closure_calls,warm_run,26,0.001094833
3,tonic,closure_calls,warm_run,27,0.001083
3,tonic,closure_calls,warm_run,28,0.001083958
3,tonic,closure_calls,warm_run,29,0.001092291
3,tonic,keyword_calls,compile,0,1.9417e-05
3,tonic,keyword_calls,compile,1,2.525e-05
3,tonic,keyword_calls,compile,2,2.45e-05
3,tonic,keyword_calls,compile,3,2.3916e-05
3,tonic,keyword_calls,compile,4,2.4166e-05
3,tonic,keyword_calls,compile,5,2.4292e-05
3,tonic,keyword_calls,compile,6,2.3958e-05
3,tonic,keyword_calls,compile,7,2.4e-05
3,tonic,keyword_calls,compile,8,2.4291e-05
3,tonic,keyword_calls,compile,9,2.175e-05
3,tonic,keyword_calls,compile,10,2.3708e-05
3,tonic,keyword_calls,compile,11,2.4125e-05
3,tonic,keyword_calls,compile,12,2.3917e-05
3,tonic,keyword_calls,compile,13,2.4042e-05
3,tonic,keyword_calls,compile,14,2.3583e-05
3,tonic,keyword_calls,compile,15,2.3667e-05
3,tonic,keyword_calls,compile,16,2.3708e-05
3,tonic,keyword_calls,compile,17,2.3834e-05
3,tonic,keyword_calls,compile,18,2.375e-05
3,tonic,keyword_calls,compile,19,2.3833e-05
3,tonic,keyword_calls,compile,20,2.3917e-05
3,tonic,keyword_calls,compile,21,2.425e-05
3,tonic,keyword_calls,compile,22,2.4458e-05
3,tonic,keyword_calls,compile,23,2.3875e-05
3,tonic,keyword_calls,compile,24,2.3709e-05
3,tonic,keyword_calls,compile,25,2.4125e-05
3,tonic,keyword_calls,compile,26,2.3792e-05
3,tonic,keyword_calls,compile,27,2.3875e-05
3,tonic,keyword_calls,compile,28,2.3834e-05
3,tonic,keyword_calls,compile,29,2.3916e-05
3,tonic,keyword_calls,warm_run,0,0.0014155
3,tonic,keyword_calls,warm_run,1,0.001411417
3,tonic,keyword_calls,warm_run,2,0.001420458
3,tonic,keyword_calls,warm_run,3,0.001404959
3,tonic,keyword_calls,warm_run,4,0.001396875
3,tonic,keyword_calls,warm_run,5,0.001403666
3,tonic,keyword_calls,warm_run,6,0.001412625
3,tonic,keyword_calls,warm_run,7,0.00140425
3,tonic,keyword_calls,warm_run,8,0.001400584
3,tonic,keyword_calls,warm_run,9,0.001403833
3,tonic,keyword_calls,warm_run,10,0.001413125
3,tonic,keyword_calls,warm_run,11,0.001439167
3,tonic,keyword_calls,warm_run,12,0.001409
3,tonic,keyword_calls,warm_run,13,0.001420125
3,tonic,keyword_calls,warm_run,14,0.0014065
3,tonic,keyword_calls,warm_run,15,0.001408458
3,tonic,keyword_calls,warm_run,16,0.001419708
3,tonic,keyword_calls,warm_run,17,0.0014125
3,tonic,keyword_calls,warm_run,18,0.001411542
3,tonic,keyword_calls,warm_run,19,0.001408667
3,tonic,keyword_calls,warm_run,20,0.001408917
3,tonic,keyword_calls,warm_run,21,0.001423125
3,tonic,keyword_calls,warm_run,22,0.001417125
3,tonic,keyword_calls,warm_run,23,0.00142425
3,tonic,keyword_calls,warm_run,24,0.001402542
3,tonic,keyword_calls,warm_run,25,0.001414833
3,tonic,keyword_calls,warm_run,26,0.001408917
3,tonic,keyword_calls,warm_run,27,0.001422291
3,tonic,keyword_calls,warm_run,28,0.001448958
3,tonic,keyword_calls,warm_run,29,0.001481875
3,tonic,dict_lookup,compile,0,1.6208e-05
3,tonic,dict_lookup,compile,1,2.0959e-05
3,tonic,dict_lookup,compile,2,2.075e-05
3,tonic,dict_lookup,compile,3,2.0917e-05
3,tonic,dict_lookup,compile,4,2.2959e-05
3,tonic,dict_lookup,compile,5,2.1292e-05
3,tonic,dict_lookup,compile,6,1.8375e-05
3,tonic,dict_lookup,compile,7,2.0417e-05
3,tonic,dict_lookup,compile,8,2.0708e-05
3,tonic,dict_lookup,compile,9,2.05e-05
3,tonic,dict_lookup,compile,10,2.25e-05
3,tonic,dict_lookup,compile,11,2.0458e-05
3,tonic,dict_lookup,compile,12,2.075e-05
3,tonic,dict_lookup,compile,13,2.0583e-05
3,tonic,dict_lookup,compile,14,2.0417e-05
3,tonic,dict_lookup,compile,15,2.0542e-05
3,tonic,dict_lookup,compile,16,2.0625e-05
3,tonic,dict_lookup,compile,17,2.0625e-05
3,tonic,dict_lookup,compile,18,2.0416e-05
3,tonic,dict_lookup,compile,19,2.025e-05
3,tonic,dict_lookup,compile,20,2.0667e-05
3,tonic,dict_lookup,compile,21,2.0375e-05
3,tonic,dict_lookup,compile,22,2.0458e-05
3,tonic,dict_lookup,compile,23,2.0667e-05
3,tonic,dict_lookup,compile,24,2.0416e-05
3,tonic,dict_lookup,compile,25,1.9375e-05
3,tonic,dict_lookup,compile,26,2.0458e-05
3,tonic,dict_lookup,compile,27,2.0625e-05
3,tonic,dict_lookup,compile,28,1.85e-05
3,tonic,dict_lookup,compile,29,2.05e-05
3,tonic,dict_lookup,warm_run,0,0.000954209
3,tonic,dict_lookup,warm_run,1,0.000954209
3,tonic,dict_lookup,warm_run,2,0.000955583
3,tonic,dict_lookup,warm_run,3,0.000948833
3,tonic,dict_lookup,warm_run,4,0.000951083
3,tonic,dict_lookup,warm_run,5,0.000950625
3,tonic,dict_lookup,warm_run,6,0.000948
3,tonic,dict_lookup,warm_run,7,0.000949834
3,tonic,dict_lookup,warm_run,8,0.000951291
3,tonic,dict_lookup,warm_run,9,0.000953792
3,tonic,dict_lookup,warm_run,10,0.000951
3,tonic,dict_lookup,warm_run,11,0.000948084
3,tonic,dict_lookup,warm_run,12,0.000989667
3,tonic,dict_lookup,warm_run,13,0.000966333
3,tonic,dict_lookup,warm_run,14,0.00095625
3,tonic,dict_lookup,warm_run,15,0.000947541
3,tonic,dict_lookup,warm_run,16,0.000957625
3,tonic,dict_lookup,warm_run,17,0.000950375
3,tonic,dict_lookup,warm_run,18,0.000964542
3,tonic,dict_lookup,warm_run,19,0.000945833
3,tonic,dict_lookup,warm_run,20,0.000943042
3,tonic,dict_lookup,warm_run,21,0.000955917
3,tonic,dict_lookup,warm_run,22,0.000954208
3,tonic,dict_lookup,warm_run,23,0.000949666
3,tonic,dict_lookup,warm_run,24,0.000951125
3,tonic,dict_lookup,warm_run,25,0.000951167
3,tonic,dict_lookup,warm_run,26,0.000962875
3,tonic,dict_lookup,warm_run,27,0.000947917
3,tonic,dict_lookup,warm_run,28,0.000951708
3,tonic,dict_lookup,warm_run,29,0.000939375
3,tonic,dict_insert,compile,0,1.1875e-05
3,tonic,dict_insert,compile,1,1.5333e-05
3,tonic,dict_insert,compile,2,1.5042e-05
3,tonic,dict_insert,compile,3,1.2583e-05
3,tonic,dict_insert,compile,4,1.4875e-05
3,tonic,dict_insert,compile,5,1.4417e-05
3,tonic,dict_insert,compile,6,1.5041e-05
3,tonic,dict_insert,compile,7,1.525e-05
3,tonic,dict_insert,compile,8,1.2375e-05
3,tonic,dict_insert,compile,9,1.5e-05
3,tonic,dict_insert,compile,10,1.4209e-05
3,tonic,dict_insert,compile,11,1.5084e-05
3,tonic,dict_insert,compile,12,1.5042e-05
3,tonic,dict_insert,compile,13,1.25e-05
3,tonic,dict_insert,compile,14,1.4875e-05
3,tonic,dict_insert,compile,15,1.4334e-05
3,tonic,dict_insert,compile,16,1.5e-05
3,tonic,dict_insert,compile,17,1.4959e-05
3,tonic,dict_insert,compile,18,1.2416e-05
3,tonic,dict_insert,compile,19,1.5375e-05
3,tonic,dict_insert,compile,20,1.4167e-05
3,tonic,dict_insert,compile,21,1.5166e-05
3,tonic,dict_insert,compile,22,1.4958e-05
3,tonic,dict_insert,compile,23,1.2583e-05
3,tonic,dict_insert,compile,24,1.5083e-05
3,tonic,dict_insert,compile,25,1.4375e-05
3,tonic,dict_insert,compile,26,1.4834e-05
3,tonic,dict_insert,compile,27,1.5209e-05
3,tonic,dict_insert,compile,28,1.2417e-05
3,tonic,dict_insert,compile,29,1.5083e-05
3,tonic,dict_insert,warm_run,0,0.001048958
3,tonic,dict_insert,warm_run,1,0.00105175
3,tonic,dict_insert,warm_run,2,0.001067542
3,tonic,dict_insert,warm_run,3,0.001075708
3,tonic,dict_insert,warm_run,4,0.001072833
3,tonic,dict_insert,warm_run,5,0.001075416
3,tonic,dict_insert,warm_run,6,0.001080625
3,tonic,dict_insert,warm_run,7,0.001078542
3,tonic,dict_insert,warm_run,8,0.00106925
3,tonic,dict_insert,warm_run,9,0.001071541
3,tonic,dict_insert,warm_run,10,0.00107725
3,tonic,dict_insert,warm_run,11,0.001080041
3,tonic,dict_insert,warm_run,12,0.001067417
3,tonic,dict_insert,warm_run,13,0.0010715
3,tonic,dict_insert,warm_run,14,0.001073541
3,tonic,dict_insert,warm_run,15,0.001069334
3,tonic,dict_insert,warm_run,16,0.001074708
3,tonic,dict_insert,warm_run,17,0.00107225
3,tonic,dict_insert,warm_run,18,0.001067416
3,tonic,dict_insert,warm_run,19,0.001074125
3,tonic,dict_insert,warm_run,20,0.001070667
3,tonic,dict_insert,warm_run,21,0.001077917
3,tonic,dict_insert,warm_run,22,0.001067833
3,tonic,dict_insert,warm_run,23,0.001072
3,tonic,dict_insert,warm_run,24,0.001074
3,tonic,dict_insert,warm_run,25,0.001065125
3,tonic,dict_insert,warm_run,26,0.001070417
3,tonic,dict_insert,warm_run,27,0.001072583
3,tonic,dict_insert,warm_run,28,0.001075958
3,tonic,dict_insert,warm_run,29,0.001075542
3,tonic,attribute_load,compile,0,1.5125e-05
3,tonic,attribute_load,compile,1,1.9292e-05
3,tonic,attribute_load,compile,2,1.9333e-05
3,tonic,attribute_load,compile,3,1.9209e-05
3,tonic,attribute_load,compile,4,1.9042e-05
3,tonic,attribute_load,compile,5,1.8958e-05
3,tonic,attribute_load,compile,6,1.9208e-05
3,tonic,attribute_load,compile,7,1.6833e-05
3,tonic,attribute_load,compile,8,1.9625e-05
3,tonic,attribute_load,compile,9,1.8875e-05
3,tonic,attribute_load,compile,10,1.9333e-05
3,tonic,attribute_load,compile,11,1.9e-05
3,tonic,attribute_load,compile,12,1.9e-05
3,tonic,attribute_load,compile,13,1.9083e-05
3,tonic,attribute_load,compile,14,1.7166e-05
3,tonic,attribute_load,compile,15,1.9e-05
3,tonic,attribute_load,compile,16,1.925e-05
3,tonic,attribute_load,compile,17,1.8792e-05
3,tonic,attribute_load,compile,18,1.8959e-05
3,tonic,attribute_load,compile,19,1.9e-05
3,tonic,attribute_load,compile,20,1.6917e-05
3,tonic,attribute_load,compile,21,1.9209e-05
3,tonic,attribute_load,compile,22,1.9125e-05
3,tonic,attribute_load,compile,23,1.9208e-05
3,tonic,attribute_load,compile,24,1.9041e-05
3,tonic,attribute_load,compile,25,1.9125e-05
3,tonic,attribute_load,compile,26,1.6916e-05
3,tonic,attribute_load,compile,27,1.9e-05
3,tonic,attribute_load,compile,28,1.9416e-05
3,tonic,attribute_load,compile,29,1.8917e-05
3,tonic,attribute_load,warm_run,0,0.000833584
3,tonic,attribute_load,warm_run,1,0.0008415
3,tonic,attribute_load,warm_run,2,0.000821208
3,tonic,attribute_load,warm_run,3,0.0008415
3,tonic,attribute_load,warm_run,4,0.000838875
3,tonic,attribute_load,warm_run,5,0.000839334
3,tonic,attribute_load,warm_run,6,0.000850375
3,tonic,attribute_load,warm_run,7,0.000840667
3,tonic,attribute_load,warm_run,8,0.000817
3,tonic,attribute_load,warm_run,9,0.000836917
3,tonic,attribute_load,warm_run,10,0.000821416
3,tonic,attribute_load,warm_run,11,0.000853209
3,tonic,attribute_load,warm_run,12,0.000834584
3,tonic,attribute_load,warm_run,13,0.000845875
3,tonic,attribute_load,warm_run,14,0.000848291
3,tonic,attribute_load,warm_run,15,0.000850583
3,tonic,attribute_load,warm_run,16,0.000845833
3,tonic,attribute_load,warm_run,17,0.000847584
3,tonic,attribute_load,warm_run,18,0.000871958
3,tonic,attribute_load,warm_run,19,0.000863583
3,tonic,attribute_load,warm_run,20,0.000848375
3,tonic,attribute_load,warm_run,21,0.00084825
3,tonic,attribute_load,warm_run,22,0.000873792
3,tonic,attribute_load,warm_run,23,0.000859167
3,tonic,attribute_load,warm_run,24,0.000854084
3,tonic,attribute_load,warm_run,25,0.000851291
3,tonic,attribute_load,warm_run,26,0.000843125
3,tonic,attribute_load,warm_run,27,0.000841958
3,tonic,attribute_load,warm_run,28,0.000866792
3,tonic,attribute_load,warm_run,29,0.000842792
3,tonic,bound_method_calls,compile,0,1.8208e-05
3,tonic,bound_method_calls,compile,1,2.3792e-05
3,tonic,bound_method_calls,compile,2,2.3208e-05
3,tonic,bound_method_calls,compile,3,2.3167e-05
3,tonic,bound_method_calls,compile,4,2.2959e-05
3,tonic,bound_method_calls,compile,5,2.2958e-05
3,tonic,bound_method_calls,compile,6,2.2917e-05
3,tonic,bound_method_calls,compile,7,2.3084e-05
3,tonic,bound_method_calls,compile,8,2.3041e-05
3,tonic,bound_method_calls,compile,9,2.2959e-05
3,tonic,bound_method_calls,compile,10,2.2834e-05
3,tonic,bound_method_calls,compile,11,2.3167e-05
3,tonic,bound_method_calls,compile,12,2.2917e-05
3,tonic,bound_method_calls,compile,13,2.2916e-05
3,tonic,bound_method_calls,compile,14,2.3042e-05
3,tonic,bound_method_calls,compile,15,2.3041e-05
3,tonic,bound_method_calls,compile,16,2.2833e-05
3,tonic,bound_method_calls,compile,17,2.2958e-05
3,tonic,bound_method_calls,compile,18,2.2833e-05
3,tonic,bound_method_calls,compile,19,2.2958e-05
3,tonic,bound_method_calls,compile,20,2.2917e-05
3,tonic,bound_method_calls,compile,21,2.2834e-05
3,tonic,bound_method_calls,compile,22,2.3041e-05
3,tonic,bound_method_calls,compile,23,2.2791e-05
3,tonic,bound_method_calls,compile,24,2.2833e-05
3,tonic,bound_method_calls,compile,25,2.2917e-05
3,tonic,bound_method_calls,compile,26,2.2875e-05
3,tonic,bound_method_calls,compile,27,2.2583e-05
3,tonic,bound_method_calls,compile,28,2.2833e-05
3,tonic,bound_method_calls,compile,29,2.2875e-05
3,tonic,bound_method_calls,warm_run,0,0.001689958
3,tonic,bound_method_calls,warm_run,1,0.001692375
3,tonic,bound_method_calls,warm_run,2,0.0016925
3,tonic,bound_method_calls,warm_run,3,0.00170125
3,tonic,bound_method_calls,warm_run,4,0.001690375
3,tonic,bound_method_calls,warm_run,5,0.001691833
3,tonic,bound_method_calls,warm_run,6,0.001694291
3,tonic,bound_method_calls,warm_run,7,0.001693959
3,tonic,bound_method_calls,warm_run,8,0.001690542
3,tonic,bound_method_calls,warm_run,9,0.001697375
3,tonic,bound_method_calls,warm_run,10,0.001684625
3,tonic,bound_method_calls,warm_run,11,0.00168425
3,tonic,bound_method_calls,warm_run,12,0.001682959
3,tonic,bound_method_calls,warm_run,13,0.001705416
3,tonic,bound_method_calls,warm_run,14,0.001635833
3,tonic,bound_method_calls,warm_run,15,0.001677458
3,tonic,bound_method_calls,warm_run,16,0.001677083
3,tonic,bound_method_calls,warm_run,17,0.001690292
3,tonic,bound_method_calls,warm_run,18,0.001694208
3,tonic,bound_method_calls,warm_run,19,0.001675458
3,tonic,bound_method_calls,warm_run,20,0.001686042
3,tonic,bound_method_calls,warm_run,21,0.001702666
3,tonic,bound_method_calls,warm_run,22,0.001699875
3,tonic,bound_method_calls,warm_run,23,0.00170475
3,tonic,bound_method_calls,warm_run,24,0.0017035
3,tonic,bound_method_calls,warm_run,25,0.0017015
3,tonic,bound_method_calls,warm_run,26,0.0016995
3,tonic,bound_method_calls,warm_run,27,0.001699875
3,tonic,bound_method_calls,warm_run,28,0.001699417
3,tonic,bound_method_calls,warm_run,29,0.001702875
3,tonic,descriptor_load,compile,0,2.225e-05
3,tonic,descriptor_load,compile,1,2.7042e-05
3,tonic,descriptor_load,compile,2,2.6875e-05
3,tonic,descriptor_load,compile,3,2.6875e-05
3,tonic,descriptor_load,compile,4,2.7125e-05
3,tonic,descriptor_load,compile,5,2.6708e-05
3,tonic,descriptor_load,compile,6,2.6916e-05
3,tonic,descriptor_load,compile,7,2.6834e-05
3,tonic,descriptor_load,compile,8,2.6833e-05
3,tonic,descriptor_load,compile,9,2.65e-05
3,tonic,descriptor_load,compile,10,2.6667e-05
3,tonic,descriptor_load,compile,11,2.675e-05
3,tonic,descriptor_load,compile,12,2.6958e-05
3,tonic,descriptor_load,compile,13,2.7209e-05
3,tonic,descriptor_load,compile,14,2.6875e-05
3,tonic,descriptor_load,compile,15,2.6666e-05
3,tonic,descriptor_load,compile,16,2.6708e-05
3,tonic,descriptor_load,compile,17,2.7667e-05
3,tonic,descriptor_load,compile,18,2.6834e-05
3,tonic,descriptor_load,compile,19,2.6792e-05
3,tonic,descriptor_load,compile,20,2.6667e-05
3,tonic,descriptor_load,compile,21,2.7e-05
3,tonic,descriptor_load,compile,22,2.7375e-05
3,tonic,descriptor_load,compile,23,2.7541e-05
3,tonic,descriptor_load,compile,24,2.7792e-05
3,tonic,descriptor_load,compile,25,2.675e-05
3,tonic,descriptor_load,compile,26,2.6667e-05
3,tonic,descriptor_load,compile,27,2.6542e-05
3,tonic,descriptor_load,compile,28,2.6666e-05
3,tonic,descriptor_load,compile,29,2.6666e-05
3,tonic,descriptor_load,warm_run,0,0.00215575
3,tonic,descriptor_load,warm_run,1,0.002158541
3,tonic,descriptor_load,warm_run,2,0.002160291
3,tonic,descriptor_load,warm_run,3,0.002167708
3,tonic,descriptor_load,warm_run,4,0.002148042
3,tonic,descriptor_load,warm_run,5,0.002157208
3,tonic,descriptor_load,warm_run,6,0.002158833
3,tonic,descriptor_load,warm_run,7,0.002148708
3,tonic,descriptor_load,warm_run,8,0.002149916
3,tonic,descriptor_load,warm_run,9,0.002162166
3,tonic,descriptor_load,warm_run,10,0.002156833
3,tonic,descriptor_load,warm_run,11,0.0021575
3,tonic,descriptor_load,warm_run,12,0.00215125
3,tonic,descriptor_load,warm_run,13,0.002161416
3,tonic,descriptor_load,warm_run,14,0.0021585
3,tonic,descriptor_load,warm_run,15,0.002164958
3,tonic,descriptor_load,warm_run,16,0.002156208
3,tonic,descriptor_load,warm_run,17,0.002161458
3,tonic,descriptor_load,warm_run,18,0.002169125
3,tonic,descriptor_load,warm_run,19,0.002163541
3,tonic,descriptor_load,warm_run,20,0.002187959
3,tonic,descriptor_load,warm_run,21,0.002154625
3,tonic,descriptor_load,warm_run,22,0.002190625
3,tonic,descriptor_load,warm_run,23,0.002180166
3,tonic,descriptor_load,warm_run,24,0.002112667
3,tonic,descriptor_load,warm_run,25,0.002102292
3,tonic,descriptor_load,warm_run,26,0.002101375
3,tonic,descriptor_load,warm_run,27,0.002164083
3,tonic,descriptor_load,warm_run,28,0.002161459
3,tonic,descriptor_load,warm_run,29,0.0021625
3,tonic,super_calls,compile,0,2.5084e-05
3,tonic,super_calls,compile,1,3.0333e-05
3,tonic,super_calls,compile,2,3.0083e-05
3,tonic,super_calls,compile,3,2.9958e-05
3,tonic,super_calls,compile,4,3.0416e-05
3,tonic,super_calls,compile,5,3.075e-05
3,tonic,super_calls,compile,6,3.0167e-05
3,tonic,super_calls,compile,7,2.9958e-05
3,tonic,super_calls,compile,8,3.0125e-05
3,tonic,super_calls,compile,9,3.0125e-05
3,tonic,super_calls,compile,10,3.0333e-05
3,tonic,super_calls,compile,11,3.0166e-05
3,tonic,super_calls,compile,12,2.9875e-05
3,tonic,super_calls,compile,13,3.0208e-05
3,tonic,super_calls,compile,14,2.9833e-05
3,tonic,super_calls,compile,15,3.1417e-05
3,tonic,super_calls,compile,16,3.075e-05
3,tonic,super_calls,compile,17,3.0708e-05
3,tonic,super_calls,compile,18,3.0666e-05
3,tonic,super_calls,compile,19,3e-05
3,tonic,super_calls,compile,20,3.0042e-05
3,tonic,super_calls,compile,21,3.0709e-05
3,tonic,super_calls,compile,22,3.125e-05
3,tonic,super_calls,compile,23,3.0042e-05
3,tonic,super_calls,compile,24,3.0042e-05
3,tonic,super_calls,compile,25,2.9833e-05
3,tonic,super_calls,compile,26,3.0417e-05
3,tonic,super_calls,compile,27,3.0333e-05
3,tonic,super_calls,compile,28,2.9875e-05
3,tonic,super_calls,compile,29,2.9709e-05
3,tonic,super_calls,warm_run,0,0.003359959
3,tonic,super_calls,warm_run,1,0.003430042
3,tonic,super_calls,warm_run,2,0.003408208
3,tonic,super_calls,warm_run,3,0.003380541
3,tonic,super_calls,warm_run,4,0.003417958
3,tonic,super_calls,warm_run,5,0.003438417
3,tonic,super_calls,warm_run,6,0.003397
3,tonic,super_calls,warm_run,7,0.003448416
3,tonic,super_calls,warm_run,8,0.003456167
3,tonic,super_calls,warm_run,9,0.003395208
3,tonic,super_calls,warm_run,10,0.003427041
3,tonic,super_calls,warm_run,11,0.003458208
3,tonic,super_calls,warm_run,12,0.003364
3,tonic,super_calls,warm_run,13,0.003443792
3,tonic,super_calls,warm_run,14,0.003433375
3,tonic,super_calls,warm_run,15,0.003399083
3,tonic,super_calls,warm_run,16,0.003416125
3,tonic,super_calls,warm_run,17,0.003434167
3,tonic,super_calls,warm_run,18,0.003395042
3,tonic,super_calls,warm_run,19,0.003439541
3,tonic,super_calls,warm_run,20,0.003396167
3,tonic,super_calls,warm_run,21,0.003387833
3,tonic,super_calls,warm_run,22,0.0034315
3,tonic,super_calls,warm_run,23,0.003422
3,tonic,super_calls,warm_run,24,0.00337225
3,tonic,super_calls,warm_run,25,0.003437791
3,tonic,super_calls,warm_run,26,0.003438667
3,tonic,super_calls,warm_run,27,0.003376958
3,tonic,super_calls,warm_run,28,0.003418084
3,tonic,super_calls,warm_run,29,0.003459334
3,cpython,attribute_load,compile,0,1.7375015886500478e-05
3,cpython,attribute_load,compile,1,1.79160269908607e-05
3,cpython,attribute_load,compile,2,1.7375015886500478e-05
3,cpython,attribute_load,compile,3,1.7084006685763597e-05
3,cpython,attribute_load,compile,4,1.712498487904668e-05
3,cpython,attribute_load,compile,5,1.704200985841453e-05
3,cpython,attribute_load,compile,6,1.791701652109623e-05
3,cpython,attribute_load,compile,7,1.879199407994747e-05
3,cpython,attribute_load,compile,8,1.8749997252598405e-05
3,cpython,attribute_load,compile,9,1.8749997252598405e-05
3,cpython,attribute_load,compile,10,1.8708000425249338e-05
3,cpython,attribute_load,compile,11,1.8708000425249338e-05
3,cpython,attribute_load,compile,12,1.85410026460886e-05
3,cpython,attribute_load,compile,13,1.8916005501523614e-05
3,cpython,attribute_load,compile,14,1.8582999473437667e-05
3,cpython,attribute_load,compile,15,1.8667022231966257e-05
3,cpython,attribute_load,compile,16,1.8542021280154586e-05
3,cpython,attribute_load,compile,17,1.879199407994747e-05
3,cpython,attribute_load,compile,18,1.8583989003673196e-05
3,cpython,attribute_load,compile,19,1.7332989955320954e-05
3,cpython,attribute_load,compile,20,1.6833015251904726e-05
3,cpython,attribute_load,compile,21,1.7125013982877135e-05
3,cpython,attribute_load,compile,22,1.6834004782140255e-05
3,cpython,attribute_load,compile,23,1.6792007954791188e-05
3,cpython,attribute_load,compile,24,1.6875012079253793e-05
3,cpython,attribute_load,compile,25,1.691700890660286e-05
3,cpython,attribute_load,compile,26,1.683298614807427e-05
3,cpython,attribute_load,compile,27,1.6667007002979517e-05
3,cpython,attribute_load,compile,28,1.683298614807427e-05
3,cpython,attribute_load,compile,29,1.704200985841453e-05
3,cpython,attribute_load,warm_run,0,0.00047500000800937414
3,cpython,attribute_load,warm_run,1,0.0004870000120718032
3,cpython,attribute_load,warm_run,2,0.00047541697858832777
3,cpython,attribute_load,warm_run,3,0.0004820830072276294
3,cpython,attribute_load,warm_run,4,0.0004750420048367232
3,cpython,attribute_load,warm_run,5,0.0004612090124282986
3,cpython,attribute_load,warm_run,6,0.00047383399214595556
3,cpython,attribute_load,warm_run,7,0.0004746670019812882
3,cpython,attribute_load,warm_run,8,0.0004721249861177057
3,cpython,attribute_load,warm_run,9,0.0004737919953186065
3,cpython,attribute_load,warm_run,10,0.0004738749994430691
3,cpython,attribute_load,warm_run,11,0.00046629199641756713
3,cpython,attribute_load,warm_run,12,0.0004657499957829714
3,cpython,attribute_load,warm_run,13,0.0004648329922929406
3,cpython,attribute_load,warm_run,14,0.0004697499971371144
3,cpython,attribute_load,warm_run,15,0.0004725829930976033
3,cpython,attribute_load,warm_run,16,0.0004650420160032809
3,cpython,attribute_load,warm_run,17,0.00047212501522153616
3,cpython,attribute_load,warm_run,18,0.0004733749956358224
3,cpython,attribute_load,warm_run,19,0.00046800001291558146
3,cpython,attribute_load,warm_run,20,0.0004756250127684325
3,cpython,attribute_load,warm_run,21,0.00047466601245105267
3,cpython,attribute_load,warm_run,22,0.00047533298493362963
3,cpython,attribute_load,warm_run,23,0.0004744160105474293
3,cpython,attribute_load,warm_run,24,0.0004727909981738776
3,cpython,attribute_load,warm_run,25,0.0004817500011995435
3,cpython,attribute_load,warm_run,26,0.00048462499398738146
3,cpython,attribute_load,warm_run,27,0.00048229200183413923
3,cpython,attribute_load,warm_run,28,0.0004732079978566617
3,cpython,attribute_load,warm_run,29,0.0004835000145249069
3,cpython,bound_method_calls,compile,0,2.4666020181030035e-05
3,cpython,bound_method_calls,compile,1,2.4749984731897712e-05
3,cpython,bound_method_calls,compile,2,2.487501478753984e-05
3,cpython,bound_method_calls,compile,3,2.4582986952736974e-05
3,cpython,bound_method_calls,compile,4,2.445801510475576e-05
3,cpython,bound_method_calls,compile,5,2.4334003683179617e-05
3,cpython,bound_method_calls,compile,6,2.458301605656743e-05
3,cpython,bound_method_calls,compile,7,2.475001383572817e-05
3,cpython,bound_method_calls,compile,8,2.4999986635521054e-05
3,cpython,bound_method_calls,compile,9,2.441700780764222e-05
3,cpython,bound_method_calls,compile,10,2.4832988856360316e-05
3,cpython,bound_method_calls,compile,11,2.4375010980293155e-05
3,cpython,bound_method_calls,compile,12,2.4291977752000093e-05
3,cpython,bound_method_calls,compile,13,2.445801510475576e-05
3,cpython,bound_method_calls,compile,14,2.429200685583055e-05
3,cpython,bound_method_calls,compile,15,2.4375010980293155e-05
3,cpython,bound_method_calls,compile,16,2.4542008759453893e-05
3,cpython,bound_method_calls,compile,17,2.4249980924651027e-05
3,cpython,bound_method_calls,compile,18,2.458301605656743e-05
3,cpython,bound_method_calls,compile,19,2.420798409730196e-05
3,cpython,bound_method_calls,compile,20,2.4040986318141222e-05
3,cpython,bound_method_calls,compile,21,2.4999986635521054e-05
3,cpython,bound_method_calls,compile,22,2.4375010980293155e-05
3,cpython,bound_method_calls,compile,23,2.433298504911363e-05
3,cpython,bound_method_calls,compile,24,2.475001383572817e-05
3,cpython,bound_method_calls,compile,25,2.4500011932104826e-05
3,cpython,bound_method_calls,compile,26,2.608299837447703e-05
3,cpython,bound_method_calls,compile,27,2.441700780764222e-05
3,cpython,bound_method_calls,compile,28,2.416700590401888e-05
3,cpython,bound_method_calls,compile,29,2.4707987904548645e-05
3,cpython,bound_method_calls,warm_run,0,0.0006706659914925694
3,cpython,bound_method_calls,warm_run,1,0.0006737910152878612
3,cpython,bound_method_calls,warm_run,2,0.0006734579801559448
3,cpython,bound_method_calls,warm_run,3,0.0006649999995715916
3,cpython,bound_method_calls,warm_run,4,0.0006626670074183494
3,cpython,bound_method_calls,warm_run,5,0.0006514159904327244
3,cpython,bound_method_calls,warm_run,6,0.002061083010630682
3,cpython,bound_method_calls,warm_run,7,0.0006644160021096468
3,cpython,bound_method_calls,warm_run,8,0.0006654580065514892
3,cpython,bound_method_calls,warm_run,9,0.0006679579964838922
3,cpython,bound_method_calls,warm_run,10,0.0006688330031465739
3,cpython,bound_method_calls,warm_run,11,0.0006796249945182353
3,cpython,bound_method_calls,warm_run,12,0.0006597920146305114
3,cpython,bound_method_calls,warm_run,13,0.0006715829949826002
3,cpython,bound_method_calls,warm_run,14,0.0006774999783374369
3,cpython,bound_method_calls,warm_run,15,0.0006664170068688691
3,cpython,bound_method_calls,warm_run,16,0.0006647919944953173
3,cpython,bound_method_calls,warm_run,17,0.0006565829971805215
3,cpython,bound_method_calls,warm_run,18,0.0006647499976679683
3,cpython,bound_method_calls,warm_run,19,0.0006722079997416586
3,cpython,bound_method_calls,warm_run,20,0.0006552920094691217
3,cpython,bound_method_calls,warm_run,21,0.0006727919972036034
3,cpython,bound_method_calls,warm_run,22,0.0006685000262223184
3,cpython,bound_method_calls,warm_run,23,0.000661625002976507
3,cpython,bound_method_calls,warm_run,24,0.0006657500052824616
3,cpython,bound_method_calls,warm_run,25,0.0006727919972036034
3,cpython,bound_method_calls,warm_run,26,0.0006707499851472676
3,cpython,bound_method_calls,warm_run,27,0.0006783330172766
3,cpython,bound_method_calls,warm_run,28,0.0006750829925294966
3,cpython,bound_method_calls,warm_run,29,0.0006679159996565431
3,cpython,closure_calls,compile,0,2.6166992029175162e-05
3,cpython,closure_calls,compile,1,2.5749992346391082e-05
3,cpython,closure_calls,compile,2,2.562499139457941e-05
3,cpython,closure_calls,compile,3,2.579099964350462e-05
3,cpython,closure_calls,compile,4,2.549999044276774e-05
3,cpython,closure_calls,compile,5,2.566599869169295e-05
3,cpython,closure_calls,compile,6,2.545802271924913e-05
3,cpython,closure_calls,compile,7,2.5415996788069606e-05
3,cpython,closure_calls,compile,8,2.5582994567230344e-05
3,cpython,closure_calls,compile,9,2.5415996788069606e-05
3,cpython,closure_calls,compile,10,2.529201447032392e-05
3,cpython,closure_calls,compile,11,2.5332992663607e-05
3,cpython,closure_calls,compile,12,2.5500019546598196e-05
3,cpython,closure_calls,compile,13,2.562499139457941e-05
3,cpython,closure_calls,compile,14,2.5415996788069606e-05
3,cpython,closure_calls,compile,15,2.549999044276774e-05
3,cpython,closure_calls,compile,16,2.5332992663607e-05
3,cpython,closure_calls,compile,17,2.549999044276774e-05
3,cpython,closure_calls,compile,18,2.5416986318305135e-05
3,cpython,closure_calls,compile,19,2.5415996788069606e-05
3,cpython,closure_calls,compile,20,2.508299075998366e-05
3,cpython,closure_calls,compile,21,2.5415996788069606e-05
3,cpython,closure_calls,compile,22,2.5457993615418673e-05
3,cpython,closure_calls,compile,23,2.5416986318305135e-05
3,cpython,closure_calls,compile,24,2.5542016373947263e-05
3,cpython,closure_calls,compile,25,2.541701542213559e-05
3,cpython,closure_calls,compile,26,2.54589831456542e-05
3,cpython,closure_calls,compile,27,2.529201447032392e-05
3,cpython,closure_calls,compile,28,2.5374989490956068e-05
3,cpython,closure_calls,compile,29,2.549999044276774e-05
3,cpython,closure_calls,warm_run,0,0.0005836249911226332
3,cpython,closure_calls,warm_run,1,0.0005849160079378635
3,cpython,closure_calls,warm_run,2,0.000583500019274652
3,cpython,closure_calls,warm_run,3,0.0005733330035582185
3,cpython,closure_calls,warm_run,4,0.0005880000244360417
3,cpython,closure_calls,warm_run,5,0.0005800420185551047
3,cpython,closure_calls,warm_run,6,0.0005907499871682376
3,cpython,closure_calls,warm_run,7,0.0005877499934285879
3,cpython,closure_calls,warm_run,8,0.0006048340001143515
3,cpython,closure_calls,warm_run,9,0.0005797079938929528
3,cpython,closure_calls,warm_run,10,0.0005899170064367354
3,cpython,closure_calls,warm_run,11,0.0005948329926468432
3,cpython,closure_calls,warm_run,12,0.0005836249911226332
3,cpython,closure_calls,warm_run,13,0.0005936670058872551
3,cpython,closure_calls,warm_run,14,0.0006019999855197966
3,cpython,closure_calls,warm_run,15,0.000593250006204471
3,cpython,closure_calls,warm_run,16,0.0005986659962218255
3,cpython,closure_calls,warm_run,17,0.0005710830155294389
3,cpython,closure_calls,warm_run,18,0.0005862079851794988
3,cpython,closure_calls,warm_run,19,0.0005874170165043324
3,cpython,closure_calls,warm_run,20,0.0005926669982727617
3,cpython,closure_calls,warm_run,21,0.00058787502348423
3,cpython,closure_calls,warm_run,22,0.0005876250215806067
3,cpython,closure_calls,warm_run,23,0.0006014590035192668
3,cpython,closure_calls,warm_run,24,0.0006047500064596534
3,cpython,closure_calls,warm_run,25,0.0005894160130992532
3,cpython,closure_calls,warm_run,26,0.0005654999986290932
3,cpython,closure_calls,warm_run,27,0.0006142920174170285
3,cpython,closure_calls,warm_run,28,0.0005867079889867455
3,cpython,closure_calls,warm_run,29,0.0005782920052297413
3,cpython,descriptor_load,compile,0,3.258301876485348e-05
3,cpython,descriptor_load,compile,1,3.241599188186228e-05
3,cpython,descriptor_load,compile,2,3.2374984584748745e-05
3,cpython,descriptor_load,compile,3,3.250001464039087e-05
3,cpython,descriptor_load,compile,4,3.2208015909418464e-05
3,cpython,descriptor_load,compile,5,3.200001083314419e-05
3,cpython,descriptor_load,compile,6,3.23750136885792e-05
3,cpython,descriptor_load,compile,7,3.220798680558801e-05
3,cpython,descriptor_load,compile,8,3.2666983315721154e-05
3,cpython,descriptor_load,compile,9,3.250001464039087e-05
3,cpython,descriptor_load,compile,10,3.2584008295089006e-05
3,cpython,descriptor_load,compile,11,3.2042007660493255e-05
3,cpython,descriptor_load,compile,12,3.21249826811254e-05
3,cpython,descriptor_load,compile,13,3.258298966102302e-05
3,cpython,descriptor_load,compile,14,3.241599188186228e-05
3,cpython,descriptor_load,compile,15,3.2082985853776336e-05
3,cpython,descriptor_load,compile,16,3.2540992833673954e-05
3,cpython,descriptor_load,compile,17,3.199998172931373e-05
3,cpython,descriptor_load,compile,18,3.2625015592202544e-05
3,cpython,descriptor_load,compile,19,3.2374984584748745e-05
3,cpython,descriptor_load,compile,20,3.254102193750441e-05
3,cpython,descriptor_load,compile,21,3.2082985853776336e-05
3,cpython,descriptor_load,compile,22,3.225001273676753e-05
3,cpython,descriptor_load,compile,23,3.258397919125855e-05
3,cpython,descriptor_load,compile,24,3.2459007343277335e-05
3,cpython,descriptor_load,compile,25,3.216697950847447e-05
3,cpython,descriptor_load,compile,26,3.270900924690068e-05
3,cpython,descriptor_load,compile,27,3.199998172931373e-05
3,cpython,descriptor_load,compile,28,3.220900543965399e-05
3,cpython,descriptor_load,compile,29,3.2374984584748745e-05
3,cpython,descriptor_load,warm_run,0,0.0008190410153474659
3,cpython,descriptor_load,warm_run,1,0.000825249997433275
3,cpython,descriptor_load,warm_run,2,0.0008219580049626529
3,cpython,descriptor_load,warm_run,3,0.000817291991552338
3,cpython,descriptor_load,warm_run,4,0.0008291249978356063
3,cpython,descriptor_load,warm_run,5,0.0008246669895015657
3,cpython,descriptor_load,warm_run,6,0.000824499991722405
3,cpython,descriptor_load,warm_run,7,0.0008204999903682619
3,cpython,descriptor_load,warm_run,8,0.0008324170194100589
3,cpython,descriptor_load,warm_run,9,0.0008317500178236514
3,cpython,descriptor_load,warm_run,10,0.0008468749874737114
3,cpython,descriptor_load,warm_run,11,0.0008072500058915466
3,cpython,descriptor_load,warm_run,12,0.0008362079970538616
3,cpython,descriptor_load,warm_run,13,0.0008286669908557087
3,cpython,descriptor_load,warm_run,14,0.0008259580063167959
3,cpython,descriptor_load,warm_run,15,0.0008259169990196824
3,cpython,descriptor_load,warm_run,16,0.0008273749845102429
3,cpython,descriptor_load,warm_run,17,0.0008269590034615248
3,cpython,descriptor_load,warm_run,18,0.0008312499849125743
3,cpython,descriptor_load,warm_run,19,0.0008252910047303885
3,cpython,descriptor_load,warm_run,20,0.0008161250152625144
3,cpython,descriptor_load,warm_run,21,0.0008290830010082573
3,cpython,descriptor_load,warm_run,22,0.000811458972748369
3,cpython,descriptor_load,warm_run,23,0.0008239580201916397
3,cpython,descriptor_load,warm_run,24,0.0008307090029120445
3,cpython,descriptor_load,warm_run,25,0.0008501250122208148
3,cpython,descriptor_load,warm_run,26,0.0008134579984471202
3,cpython,descriptor_load,warm_run,27,0.0008307089738082141
3,cpython,descriptor_load,warm_run,28,0.000826000003144145
3,cpython,descriptor_load,warm_run,29,0.0008329580014105886
3,cpython,dict_insert,compile,0,1.400001929141581e-05
3,cpython,dict_insert,compile,1,1.4125020243227482e-05
3,cpython,dict_insert,compile,2,1.4040997484698892e-05
3,cpython,dict_insert,compile,3,1.4124991139397025e-05
3,cpython,dict_insert,compile,4,1.400001929141581e-05
3,cpython,dict_insert,compile,5,1.3791985111311078e-05
3,cpython,dict_insert,compile,6,1.3792014215141535e-05
3,cpython,dict_insert,compile,7,1.387501833960414e-05
3,cpython,dict_insert,compile,8,1.3957993360236287e-05
3,cpython,dict_insert,compile,9,1.400001929141581e-05
3,cpython,dict_insert,compile,10,1.400001929141581e-05
3,cpython,dict_insert,compile,11,1.3874989235773683e-05
3,cpython,dict_insert,compile,12,1.3874989235773683e-05
3,cpython,dict_insert,compile,13,1.4917022781446576e-05
3,cpython,dict_insert,compile,14,1.429201802238822e-05
3,cpython,dict_insert,compile,15,1.3833981938660145e-05
3,cpython,dict_insert,compile,16,1.3832992408424616e-05
3,cpython,dict_insert,compile,17,1.391599653288722e-05
3,cpython,dict_insert,compile,18,1.3957993360236287e-05
3,cpython,dict_insert,compile,19,1.3832992408424616e-05
3,cpython,dict_insert,compile,20,1.3832992408424616e-05
3,cpython,dict_insert,compile,21,1.3832992408424616e-05
3,cpython,dict_insert,compile,22,1.3917015166953206e-05
3,cpython,dict_insert,compile,23,1.4040997484698892e-05
3,cpython,dict_insert,compile,24,1.3832992408424616e-05
3,cpython,dict_insert,compile,25,1.3792014215141535e-05
3,cpython,dict_insert,compile,26,1.404198701493442e-05
3,cpython,dict_insert,compile,27,1.3707991456612945e-05
3,cpython,dict_insert,compile,28,1.3750017387792468e-05
3,cpython,dict_insert,compile,29,1.3791985111311078e-05
3,cpython,dict_insert,warm_run,0,0.0005340829957276583
3,cpython,dict_insert,warm_run,1,0.0005429169978015125
3,cpython,dict_insert,warm_run,2,0.0005431669997051358
3,cpython,dict_insert,warm_run,3,0.000544707989320159
3,cpython,dict_insert,warm_run,4,0.0005422919930424541
3,cpython,dict_insert,warm_run,5,0.0005426670250017196
3,cpython,dict_insert,warm_run,6,0.0005349169950932264
3,cpython,dict_insert,warm_run,7,0.0005471249751280993
3,cpython,dict_insert,warm_run,8,0.0005419579974841326
3,cpython,dict_insert,warm_run,9,0.0005347499973140657
3,cpython,dict_insert,warm_run,10,0.0005347089900169522
3,cpython,dict_insert,warm_run,11,0.0005449999880511314
3,cpython,dict_insert,warm_run,12,0.000533541984623298
3,cpython,dict_insert,warm_run,13,0.0005271249974612147
3,cpython,dict_insert,warm_run,14,0.0005315830057952553
3,cpython,dict_insert,warm_run,15,0.0005412499886006117
3,cpython,dict_insert,warm_run,16,0.0005253330164123327
3,cpython,dict_insert,warm_run,17,0.0005279580072965473
3,cpython,dict_insert,warm_run,18,0.0005268749955575913
3,cpython,dict_insert,warm_run,19,0.0005285410152282566
3,cpython,dict_insert,warm_run,20,0.0005389169964473695
3,cpython,dict_insert,warm_run,21,0.0005267919914331287
3,cpython,dict_insert,warm_run,22,0.000525958021171391
3,cpython,dict_insert,warm_run,23,0.0005300829943735152
3,cpython,dict_insert,warm_run,24,0.0005273330025374889
3,cpython,dict_insert,warm_run,25,0.0005299999902490526
3,cpython,dict_insert,warm_run,26,0.0005294169823173434
3,cpython,dict_insert,warm_run,27,0.000527750002220273
3,cpython,dict_insert,warm_run,28,0.0005409580189734697
3,cpython,dict_insert,warm_run,29,0.0005297499883454293
3,cpython,dict_lookup,compile,0,1.7291022231802344e-05
3,cpython,dict_lookup,compile,1,1.7290993127971888e-05
3,cpython,dict_lookup,compile,2,1.7125013982877135e-05
3,cpython,dict_lookup,compile,3,1.7082988051697612e-05
3,cpython,dict_lookup,compile,4,1.691601937636733e-05
3,cpython,dict_lookup,compile,5,1.695798709988594e-05
3,cpython,dict_lookup,compile,6,1.7041020328179002e-05
3,cpython,dict_lookup,compile,7,1.7166981706395745e-05
3,cpython,dict_lookup,compile,8,1.733301905915141e-05
3,cpython,dict_lookup,compile,9,1.7166981706395745e-05
3,cpython,dict_lookup,compile,10,1.7084006685763597e-05
3,cpython,dict_lookup,compile,11,1.695897663012147e-05
3,cpython,dict_lookup,compile,12,1.720801810733974e-05
3,cpython,dict_lookup,compile,13,1.6916979802772403e-05
3,cpython,dict_lookup,compile,14,1.708301715552807e-05
3,cpython,dict_lookup,compile,15,1.7082988051697612e-05
3,cpython,dict_lookup,compile,16,1.6875012079253793e-05
3,cpython,dict_lookup,compile,17,1.695798709988594e-05
3,cpython,dict_lookup,compile,18,1.6915990272536874e-05
3,cpython,dict_lookup,compile,19,1.704200985841453e-05
3,cpython,dict_lookup,compile,20,1.712498487904668e-05
3,cpython,dict_lookup,compile,21,1.7207989003509283e-05
3,cpython,dict_lookup,compile,22,1.7165992176160216e-05
3,cpython,dict_lookup,compile,23,1.7000013031065464e-05
3,cpython,dict_lookup,compile,24,1.7000013031065464e-05
3,cpython,dict_lookup,compile,25,1.704200985841453e-05
3,cpython,dict_lookup,compile,26,1.7166981706395745e-05
3,cpython,dict_lookup,compile,27,1.6875012079253793e-05
3,cpython,dict_lookup,compile,28,1.691700890660286e-05
3,cpython,dict_lookup,compile,29,1.7125013982877135e-05
3,cpython,dict_lookup,warm_run,0,0.0005321670032572001
3,cpython,dict_lookup,warm_run,1,0.0005321249773260206
3,cpython,dict_lookup,warm_run,2,0.0005311659770086408
3,cpython,dict_lookup,warm_run,3,0.0005330420099198818
3,cpython,dict_lookup,warm_run,4,0.0005356670008040965
3,cpython,dict_lookup,warm_run,5,0.0005082090210635215
3,cpython,dict_lookup,warm_run,6,0.0005332919827196747
3,cpython,dict_lookup,warm_run,7,0.000531375000718981
3,cpython,dict_lookup,warm_run,8,0.0005339169874787331
3,cpython,dict_lookup,warm_run,9,0.0005362500087358057
3,cpython,dict_lookup,warm_run,10,0.000534249993506819
3,cpython,dict_lookup,warm_run,11,0.0005336249887477607
3,cpython,dict_lookup,warm_run,12,0.0005325000092852861
3,cpython,dict_lookup,warm_run,13,0.0005317920004017651
3,cpython,dict_lookup,warm_run,14,0.0005314169975463301
3,cpython,dict_lookup,warm_run,15,0.0005390000005718321
3,cpython,dict_lookup,warm_run,16,0.0005334590096026659
3,cpython,dict_lookup,warm_run,17,0.0005301669880282134
3,cpython,dict_lookup,warm_run,18,0.0005344160017557442
3,cpython,dict_lookup,warm_run,19,0.0005300829943735152
3,cpython,dict_lookup,warm_run,20,0.0005321660137269646
3,cpython,dict_lookup,warm_run,21,0.0005315419984981418
3,cpython,dict_lookup,warm_run,22,0.0005316250026226044
3,cpython,dict_lookup,warm_run,23,0.0005327079852577299
3,cpython,dict_lookup,warm_run,24,0.000533166021341458
3,cpython,dict_lookup,warm_run,25,0.0005294579896144569
3,cpython,dict_lookup,warm_run,26,0.0005319580086506903
3,cpython,dict_lookup,warm_run,27,0.0005336249887477607
3,cpython,dict_lookup,warm_run,28,0.0005332499858923256
3,cpython,dict_lookup,warm_run,29,0.0005341250216588378
3,cpython,fib_calls,compile,0,2.6374997105449438e-05
3,cpython,fib_calls,compile,1,2.604199107736349e-05
3,cpython,fib_calls,compile,2,2.591600059531629e-05
3,cpython,fib_calls,compile,3,2.587502240203321e-05
3,cpython,fib_calls,compile,4,2.6291003450751305e-05
3,cpython,fib_calls,compile,5,2.6166002498939633e-05
3,cpython,fib_calls,compile,6,2.5832996470853686e-05
3,cpython,fib_calls,compile,7,2.566599869169295e-05
3,cpython,fib_calls,compile,8,2.629202208481729e-05
3,cpython,fib_calls,compile,9,2.5999994250014424e-05
3,cpython,fib_calls,compile,10,2.591699012555182e-05
3,cpython,fib_calls,compile,11,2.5832996470853686e-05
3,cpython,fib_calls,compile,12,2.5874993298202753e-05
3,cpython,fib_calls,compile,13,2.5708024622872472e-05
3,cpython,fib_calls,compile,14,2.5667017325758934e-05
3,cpython,fib_calls,compile,15,2.5874993298202753e-05
3,cpython,fib_calls,compile,16,2.562499139457941e-05
3,cpython,fib_calls,compile,17,2.579099964350462e-05
3,cpython,fib_calls,compile,18,2.566599869169295e-05
3,cpython,fib_calls,compile,19,2.579198917374015e-05
3,cpython,fib_calls,compile,20,2.5999994250014424e-05
3,cpython,fib_calls,compile,21,2.5416025891900063e-05
3,cpython,fib_calls,compile,22,2.5749992346391082e-05
3,cpython,fib_calls,compile,23,2.5749992346391082e-05
3,cpython,fib_calls,compile,24,2.5999994250014424e-05
3,cpython,fib_calls,compile,25,2.5625020498409867e-05
3,cpython,fib_calls,compile,26,2.5667017325758934e-05
3,cpython,fib_calls,compile,27,2.5999994250014424e-05
3,cpython,fib_calls,compile,28,2.6041001547127962e-05
3,cpython,fib_calls,compile,29,2.6042020181193948e-05
3,cpython,fib_calls,warm_run,0,0.0006324170099105686
3,cpython,fib_calls,warm_run,1,0.0006382090214174241
3,cpython,fib_calls,warm_run,2,0.000640292011667043
3,cpython,fib_calls,warm_run,3,0.0006382499996107072
3,cpython,fib_calls,warm_run,4,0.0006350829789880663
3,cpython,fib_calls,warm_run,5,0.0006258750217966735
3,cpython,fib_calls,warm_run,6,0.000617457990301773
3,cpython,fib_calls,warm_run,7,0.0006377499958034605
3,cpython,fib_calls,warm_run,8,0.0006361250125337392
3,cpython,fib_calls,warm_run,9,0.0006400829879567027
3,cpython,fib_calls,warm_run,10,0.0006418749981094152
3,cpython,fib_calls,warm_run,11,0.0006406250176951289
3,cpython,fib_calls,warm_run,12,0.0006325409922283143
3,cpython,fib_calls,warm_run,13,0.0006352500058710575
3,cpython,fib_calls,warm_run,14,0.0006373750220518559
3,cpython,fib_calls,warm_run,15,0.0006238329806365073
3,cpython,fib_calls,warm_run,16,0.0006384580046869814
3,cpython,fib_calls,warm_run,17,0.000634833995718509
3,cpython,fib_calls,warm_run,18,0.0006402080180123448
3,cpython,fib_calls,warm_run,19,0.0006374999938998371
3,cpython,fib_calls,warm_run,20,0.0006345000001601875
3,cpython,fib_calls,warm_run,21,0.000635915988823399
3,cpython,fib_calls,warm_run,22,0.0006440420111175627
3,cpython,fib_calls,warm_run,23,0.0006383340223692358
3,cpython,fib_calls,warm_run,24,0.000638457975583151
3,cpython,fib_calls,warm_run,25,0.000625082990154624
3,cpython,fib_calls,warm_run,26,0.0006357079837471247
3,cpython,fib_calls,warm_run,27,0.0006369590118993074
3,cpython,fib_calls,warm_run,28,0.000631208997219801
3,cpython,fib_calls,warm_run,29,0.0006321670080069453
3,cpython,float_loop,compile,0,1.1459022061899304e-05
3,cpython,float_loop,compile,1,1.18750031106174e-05
3,cpython,float_loop,compile,2,1.1665979400277138e-05
3,cpython,float_loop,compile,3,1.1541007552295923e-05
3,cpython,float_loop,compile,4,1.1500000255182385e-05
3,cpython,float_loop,compile,5,1.1458003427833319e-05
3,cpython,float_loop,compile,6,1.1625001206994057e-05
3,cpython,float_loop,compile,7,1.1458992958068848e-05
3,cpython,float_loop,compile,8,1.129199517890811e-05
3,cpython,float_loop,compile,9,1.1374999303370714e-05
3,cpython,float_loop,compile,10,1.1625001206994057e-05
3,cpython,float_loop,compile,11,1.1500000255182385e-05
3,cpython,float_loop,compile,12,1.1458003427833319e-05
3,cpython,float_loop,compile,13,1.1416006600484252e-05
3,cpython,float_loop,compile,14,1.1541997082531452e-05
3,cpython,float_loop,compile,15,1.1374999303370714e-05
3,cpython,float_loop,compile,16,1.1500000255182385e-05
3,cpython,float_loop,compile,17,1.1750002158805728e-05
3,cpython,float_loop,compile,18,1.158300437964499e-05
3,cpython,float_loop,compile,19,1.1416006600484252e-05
3,cpython,float_loop,compile,20,1.1708005331456661e-05
3,cpython,float_loop,compile,21,1.1458992958068848e-05
3,cpython,float_loop,compile,22,1.1416996130719781e-05
3,cpython,float_loop,compile,23,1.1500000255182385e-05
3,cpython,float_loop,compile,24,1.1458003427833319e-05
3,cpython,float_loop,compile,25,1.1458003427833319e-05
3,cpython,float_loop,compile,26,1.1374999303370714e-05
3,cpython,float_loop,compile,27,1.129199517890811e-05
3,cpython,float_loop,compile,28,1.129100564867258e-05
3,cpython,float_loop,compile,29,1.1916999937966466e-05
3,cpython,float_loop,warm_run,0,0.0004186249861959368
3,cpython,float_loop,warm_run,1,0.0004147500148974359
3,cpython,float_loop,warm_run,2,0.00041099998634308577
3,cpython,float_loop,warm_run,3,0.00042179098818451166
3,cpython,float_loop,warm_run,4,0.00041183302528224885
3,cpython,float_loop,warm_run,5,0.0004150829918216914
3,cpython,float_loop,warm_run,6,0.0004158749943599105
3,cpython,float_loop,warm_run,7,0.0004208750033285469
3,cpython,float_loop,warm_run,8,0.00041179099935106933
3,cpython,float_loop,warm_run,9,0.0004163330013398081
3,cpython,float_loop,warm_run,10,0.00041441599023528397
3,cpython,float_loop,warm_run,11,0.0004123750259168446
3,cpython,float_loop,warm_run,12,0.00041516701458022
3,cpython,float_loop,warm_run,13,0.0004175420035608113
3,cpython,float_loop,warm_run,14,0.00041641597636044025
3,cpython,float_loop,warm_run,15,0.0004148749867454171
3,cpython,float_loop,warm_run,16,0.0004127080028411001
3,cpython,float_loop,warm_run,17,0.0004251670034136623
3,cpython,float_loop,warm_run,18,0.00041849998524412513
3,cpython,float_loop,warm_run,19,0.00041962499381043017
3,cpython,float_loop,warm_run,20,0.00042554200626909733
3,cpython,float_loop,warm_run,21,0.00042279198532924056
3,cpython,float_loop,warm_run,22,0.0004138750082347542
3,cpython,float_loop,warm_run,23,0.0004174589994363487
3,cpython,float_loop,warm_run,24,0.00042216700967401266
3,cpython,float_loop,warm_run,25,0.0004189159953966737
3,cpython,float_loop,warm_run,26,0.0004232920182403177
3,cpython,float_loop,warm_run,27,0.00042183298501186073
3,cpython,float_loop,warm_run,28,0.0004217080131638795
3,cpython,float_loop,warm_run,29,0.0004199579998385161
3,cpython,integer_loop,compile,0,1.1041003745049238e-05
3,cpython,integer_loop,compile,1,1.120797242037952e-05
3,cpython,integer_loop,compile,2,1.1000025551766157e-05
3,cpython,integer_loop,compile,3,1.1041003745049238e-05
3,cpython,integer_loop,compile,4,1.1083000572398305e-05
3,cpython,integer_loop,compile,5,1.0916992323473096e-05
3,cpython,integer_loop,compile,6,1.1083990102633834e-05
3,cpython,integer_loop,compile,7,1.1166994227096438e-05
3,cpython,integer_loop,compile,8,1.1208001524209976e-05
3,cpython,integer_loop,compile,9,1.09999964479357e-05
3,cpython,integer_loop,compile,10,1.1041993275284767e-05
3,cpython,integer_loop,compile,11,1.1791009455919266e-05
3,cpython,integer_loop,compile,12,1.09999964479357e-05
3,cpython,integer_loop,compile,13,1.1000025551766157e-05
3,cpython,integer_loop,compile,14,1.1124997399747372e-05
3,cpython,integer_loop,compile,15,1.1208001524209976e-05
3,cpython,integer_loop,compile,16,1.1124997399747372e-05
3,cpython,integer_loop,compile,17,1.0916992323473096e-05
3,cpython,integer_loop,compile,18,1.1208991054445505e-05
3,cpython,integer_loop,compile,19,1.1041993275284767e-05
3,cpython,integer_loop,compile,20,1.09999964479357e-05
3,cpython,integer_loop,compile,21,1.0957999620586634e-05
3,cpython,integer_loop,compile,22,1.258301199413836e-05
3,cpython,integer_loop,compile,23,1.1083000572398305e-05
3,cpython,integer_loop,compile,24,1.1041003745049238e-05
3,cpython,integer_loop,compile,25,1.0957999620586634e-05
3,cpython,integer_loop,compile,26,1.1124997399747372e-05
3,cpython,integer_loop,compile,27,1.1083000572398305e-05
3,cpython,integer_loop,compile,28,1.1083000572398305e-05
3,cpython,integer_loop,compile,29,1.0957999620586634e-05
3,cpython,integer_loop,warm_run,0,0.004799832997377962
3,cpython,integer_loop,warm_run,1,0.00479149998864159
3,cpython,integer_loop,warm_run,2,0.0047916249895934016
3,cpython,integer_loop,warm_run,3,0.004793583007995039
3,cpython,integer_loop,warm_run,4,0.004887082992354408
3,cpython,integer_loop,warm_run,5,0.004779625014634803
3,cpython,integer_loop,warm_run,6,0.004780458024470136
3,cpython,integer_loop,warm_run,7,0.004868791991611943
3,cpython,integer_loop,warm_run,8,0.0048125409812200814
3,cpython,integer_loop,warm_run,9,0.004789041995536536
3,cpython,integer_loop,warm_run,10,0.004872917023021728
3,cpython,integer_loop,warm_run,11,0.004778709000675008
3,cpython,integer_loop,warm_run,12,0.004823166993446648
3,cpython,integer_loop,warm_run,13,0.004783750016940758
3,cpython,integer_loop,warm_run,14,0.004846833006013185
3,cpython,integer_loop,warm_run,15,0.004783875017892569
3,cpython,integer_loop,warm_run,16,0.004796083987457678
3,cpython,integer_loop,warm_run,17,0.004791166982613504
3,cpython,integer_loop,warm_run,18,0.004783125012181699
3,cpython,integer_loop,warm_run,19,0.004883834015345201
3,cpython,integer_loop,warm_run,20,0.004825124982744455
3,cpython,integer_loop,warm_run,21,0.0048643749905750155
3,cpython,integer_loop,warm_run,22,0.004914374992949888
3,cpython,integer_loop,warm_run,23,0.0048990419891197234
3,cpython,integer_loop,warm_run,24,0.004902167012915015
3,cpython,integer_loop,warm_run,25,0.004898790997685865
3,cpython,integer_loop,warm_run,26,0.004896791011560708
3,cpython,integer_loop,warm_run,27,0.004893457982689142
3,cpython,integer_loop,warm_run,28,0.00491895800223574
3,cpython,integer_loop,warm_run,29,0.004940042010275647
3,cpython,keyword_calls,compile,0,2.4500011932104826e-05
3,cpython,keyword_calls,compile,1,2.3041997337713838e-05
3,cpython,keyword_calls,compile,2,2.441700780764222e-05
3,cpython,keyword_calls,compile,3,2.28749995585531e-05
3,cpython,keyword_calls,compile,4,2.416601637378335e-05
3,cpython,keyword_calls,compile,5,2.4040986318141222e-05
3,cpython,keyword_calls,compile,6,2.3999979021027684e-05
3,cpython,keyword_calls,compile,7,2.274999860674143e-05
3,cpython,keyword_calls,compile,8,2.4500011932104826e-05
3,cpython,keyword_calls,compile,9,2.270800177939236e-05
3,cpython,keyword_calls,compile,10,2.5707995519042015e-05
3,cpython,keyword_calls,compile,11,2.4957989808171988e-05
3,cpython,keyword_calls,compile,12,2.3957982193678617e-05
3,cpython,keyword_calls,compile,13,2.429200685583055e-05
3,cpython,keyword_calls,compile,14,2.3125001462176442e-05
3,cpython,keyword_calls,compile,15,2.433298504911363e-05
3,cpython,keyword_calls,compile,16,2.4250010028481483e-05
3,cpython,keyword_calls,compile,17,2.2416003048419952e-05
3,cpython,keyword_calls,compile,18,2.5582994567230344e-05
3,cpython,keyword_calls,compile,19,2.2666994482278824e-05
3,cpython,keyword_calls,compile,20,2.391598536632955e-05
3,cpython,keyword_calls,compile,21,2.2666994482278824e-05
3,cpython,keyword_calls,compile,22,2.416700590401888e-05
3,cpython,keyword_calls,compile,23,2.274999860674143e-05
3,cpython,keyword_calls,compile,24,2.28749995585531e-05
3,cpython,keyword_calls,compile,25,2.2791995434090495e-05
3,cpython,keyword_calls,compile,26,2.3250002413988113e-05
3,cpython,keyword_calls,compile,27,2.28749995585531e-05
3,cpython,keyword_calls,compile,28,2.300000051036477e-05
3,cpython,keyword_calls,compile,29,2.270800177939236e-05
3,cpython,keyword_calls,warm_run,0,0.0008019590168260038
3,cpython,keyword_calls,warm_run,1,0.0008381249790545553
3,cpython,keyword_calls,warm_run,2,0.0008037910156417638
3,cpython,keyword_calls,warm_run,3,0.000830708013381809
3,cpython,keyword_calls,warm_run,4,0.0008054999925661832
3,cpython,keyword_calls,warm_run,5,0.0008297500025946647
3,cpython,keyword_calls,warm_run,6,0.0008276659937109798
3,cpython,keyword_calls,warm_run,7,0.0008239999879151583
3,cpython,keyword_calls,warm_run,8,0.0008015000203158706
3,cpython,keyword_calls,warm_run,9,0.0008532079809810966
3,cpython,keyword_calls,warm_run,10,0.0008260419999714941
3,cpython,keyword_calls,warm_run,11,0.0008375839970540255
3,cpython,keyword_calls,warm_run,12,0.0008302500064019114
3,cpython,keyword_calls,warm_run,13,0.0008347500115633011
3,cpython,keyword_calls,warm_run,14,0.0007990419981069863
3,cpython,keyword_calls,warm_run,15,0.000803542003268376
3,cpython,keyword_calls,warm_run,16,0.0008443339902441949
3,cpython,keyword_calls,warm_run,17,0.0008195839764084667
3,cpython,keyword_calls,warm_run,18,0.0007984580006450415
3,cpython,keyword_calls,warm_run,19,0.0008019579981919378
3,cpython,keyword_calls,warm_run,20,0.0008148750057443976
3,cpython,keyword_calls,warm_run,21,0.0008325419912580401
3,cpython,keyword_calls,warm_run,22,0.0008230000094044954
3,cpython,keyword_calls,warm_run,23,0.0008268329838756472
3,cpython,keyword_calls,warm_run,24,0.0008262500050477684
3,cpython,keyword_calls,warm_run,25,0.0008294589933939278
3,cpython,keyword_calls,warm_run,26,0.0007998750079423189
3,cpython,keyword_calls,warm_run,27,0.0008132499933708459
3,cpython,keyword_calls,warm_run,28,0.0008390829898416996
3,cpython,keyword_calls,warm_run,29,0.0008012079924810678
3,cpython,known_calls,compile,0,1.8708000425249338e-05
3,cpython,known_calls,compile,1,1.9791972590610385e-05
3,cpython,known_calls,compile,2,2.0166015019640326e-05
3,cpython,known_calls,compile,3,2.095801755785942e-05
3,cpython,known_calls,compile,4,1.8542021280154586e-05
3,cpython,known_calls,compile,5,1.86669931281358e-05
3,cpython,known_calls,compile,6,1.8624996300786734e-05
3,cpython,known_calls,compile,7,1.895800232887268e-05
3,cpython,known_calls,compile,8,1.8624996300786734e-05
3,cpython,known_calls,compile,9,1.8791004549711943e-05
3,cpython,known_calls,compile,10,1.8582999473437667e-05
3,cpython,known_calls,compile,11,1.8999999156221747e-05
3,cpython,known_calls,compile,12,1.8417020328342915e-05
3,cpython,known_calls,compile,13,1.8375023500993848e-05
3,cpython,known_calls,compile,14,1.8499995348975062e-05
3,cpython,known_calls,compile,15,1.95419997908175e-05
3,cpython,known_calls,compile,16,1.812499249354005e-05
3,cpython,known_calls,compile,17,1.8208986148238182e-05
3,cpython,known_calls,compile,18,1.8166989320889115e-05
3,cpython,known_calls,compile,19,1.9750004867091775e-05
3,cpython,known_calls,compile,20,1.8291990272700787e-05
3,cpython,known_calls,compile,21,1.850002445280552e-05
3,cpython,known_calls,compile,22,1.8250022549182177e-05
3,cpython,known_calls,compile,23,2.058298559859395e-05
3,cpython,known_calls,compile,24,1.8207996618002653e-05
3,cpython,known_calls,compile,25,1.8999999156221747e-05
3,cpython,known_calls,compile,26,1.837499439716339e-05
3,cpython,known_calls,compile,27,1.895800232887268e-05
3,cpython,known_calls,compile,28,1.824999344535172e-05
3,cpython,known_calls,compile,29,1.945797703228891e-05
3,cpython,known_calls,warm_run,0,0.0006667090055998415
3,cpython,known_calls,warm_run,1,0.0006705840060021728
3,cpython,known_calls,warm_run,2,0.0006667920097243041
3,cpython,known_calls,warm_run,3,0.000669625005684793
3,cpython,known_calls,warm_run,4,0.0006719999946653843
3,cpython,known_calls,warm_run,5,0.0006619159830734134
3,cpython,known_calls,warm_run,6,0.0006710420129820704
3,cpython,known_calls,warm_run,7,0.0006667499837931246
3,cpython,known_calls,warm_run,8,0.0006690000009257346
3,cpython,known_calls,warm_run,9,0.0006662500090897083
3,cpython,known_calls,warm_run,10,0.0006650830036960542
3,cpython,known_calls,warm_run,11,0.0006702909886371344
3,cpython,known_calls,warm_run,12,0.0006608330004382879
3,cpython,known_calls,warm_run,13,0.0006690000009257346
3,cpython,known_calls,warm_run,14,0.000659500015899539
3,cpython,known_calls,warm_run,15,0.0006719170196447521
3,cpython,known_calls,warm_run,16,0.0006666249828413129
3,cpython,known_calls,warm_run,17,0.00066562500433065
3,cpython,known_calls,warm_run,18,0.000670333014568314
3,cpython,known_calls,warm_run,19,0.0006671249866485596
3,cpython,known_calls,warm_run,20,0.0006653339951299131
3,cpython,known_calls,warm_run,21,0.000667041982524097
3,cpython,known_calls,warm_run,22,0.0006662920059170574
3,cpython,known_calls,warm_run,23,0.0006744589773006737
3,cpython,known_calls,warm_run,24,0.0006635840109083802
3,cpython,known_calls,warm_run,25,0.0006643340166192502
3,cpython,known_calls,warm_run,26,0.0006698749784845859
3,cpython,known_calls,warm_run,27,0.0006683749961666763
3,cpython,known_calls,warm_run,28,0.000663833023281768
3,cpython,known_calls,warm_run,29,0.0006723749975208193
3,cpython,list_iteration,compile,0,1.8708000425249338e-05
3,cpython,list_iteration,compile,1,1.8749997252598405e-05
3,cpython,list_iteration,compile,2,1.854199217632413e-05
3,cpython,list_iteration,compile,3,1.8583989003673196e-05
3,cpython,list_iteration,compile,4,2.145799226127565e-05
3,cpython,list_iteration,compile,5,2.0292005501687527e-05
3,cpython,list_iteration,compile,6,1.9458995666354895e-05
3,cpython,list_iteration,compile,7,2.0292005501687527e-05
3,cpython,list_iteration,compile,8,2.0374980522319674e-05
3,cpython,list_iteration,compile,9,1.983300899155438e-05
3,cpython,list_iteration,compile,10,1.854199217632413e-05
3,cpython,list_iteration,compile,11,1.8624996300786734e-05
3,cpython,list_iteration,compile,12,1.9708008039742708e-05
3,cpython,list_iteration,compile,13,2.008400042541325e-05
3,cpython,list_iteration,compile,14,1.8457998521625996e-05
3,cpython,list_iteration,compile,15,1.86669931281358e-05
3,cpython,list_iteration,compile,16,2.0208011846989393e-05
3,cpython,list_iteration,compile,17,1.8416991224512458e-05
3,cpython,list_iteration,compile,18,1.8457998521625996e-05
3,cpython,list_iteration,compile,19,1.8499995348975062e-05
3,cpython,list_iteration,compile,20,2.037500962615013e-05
3,cpython,list_iteration,compile,21,1.8416991224512458e-05
3,cpython,list_iteration,compile,22,1.8499995348975062e-05
3,cpython,list_iteration,compile,23,1.8499995348975062e-05
3,cpython,list_iteration,compile,24,2.1417014067992568e-05
3,cpython,list_iteration,compile,25,1.8624996300786734e-05
3,cpython,list_iteration,compile,26,1.8749997252598405e-05
3,cpython,list_iteration,compile,27,1.8749997252598405e-05
3,cpython,list_iteration,compile,28,1.9166007405146956e-05
3,cpython,list_iteration,compile,29,1.837499439716339e-05
3,cpython,list_iteration,warm_run,0,0.00020662500173784792
3,cpython,list_iteration,warm_run,1,0.00020633300300687551
3,cpython,list_iteration,warm_run,2,0.00020716700237244368
3,cpython,list_iteration,warm_run,3,0.00020450001466087997
3,cpython,list_iteration,warm_run,4,0.00020320899784564972
3,cpython,list_iteration,warm_run,5,0.00020641597802750766
3,cpython,list_iteration,warm_run,6,0.00020783301442861557
3,cpython,list_iteration,warm_run,7,0.00020629199570976198
3,cpython,list_iteration,warm_run,8,0.00020741700427606702
3,cpython,list_iteration,warm_run,9,0.00020787498215213418
3,cpython,list_iteration,warm_run,10,0.00021475000539794564
3,cpython,list_iteration,warm_run,11,0.00020637499983422458
3,cpython,list_iteration,warm_run,12,0.00020670800586231053
3,cpython,list_iteration,warm_run,13,0.00020504198619164526
3,cpython,list_iteration,warm_run,14,0.00020416697952896357
3,cpython,list_iteration,warm_run,15,0.00020462501561269164
3,cpython,list_iteration,warm_run,16,0.00020687500364147127
3,cpython,list_iteration,warm_run,17,0.0002063340216409415
3,cpython,list_iteration,warm_run,18,0.00020520802354440093
3,cpython,list_iteration,warm_run,19,0.00020512499031610787
3,cpython,list_iteration,warm_run,20,0.00020524999126791954
3,cpython,list_iteration,warm_run,21,0.00020662500173784792
3,cpython,list_iteration,warm_run,22,0.00020404200768098235
3,cpython,list_iteration,warm_run,23,0.0002047079906333238
3,cpython,list_iteration,warm_run,24,0.00020495799253694713
3,cpython,list_iteration,warm_run,25,0.0002051659976132214
3,cpython,list_iteration,warm_run,26,0.00020695902639999986
3,cpython,list_iteration,warm_run,27,0.00020450001466087997
3,cpython,list_iteration,warm_run,28,0.00020437498460523784
3,cpython,list_iteration,warm_run,29,0.00020595898968167603
3,cpython,super_calls,compile,0,4.1665975004434586e-05
3,cpython,super_calls,compile,1,4.1624996811151505e-05
3,cpython,super_calls,compile,2,3.841597936116159e-05
3,cpython,super_calls,compile,3,4.0624989196658134e-05
3,cpython,super_calls,compile,4,4.0207989513874054e-05
3,cpython,super_calls,compile,5,4.020900814794004e-05
3,cpython,super_calls,compile,6,4.0332990465685725e-05
3,cpython,super_calls,compile,7,3.845800529234111e-05
3,cpython,super_calls,compile,8,3.854100941680372e-05
3,cpython,super_calls,compile,9,4.070799332112074e-05
3,cpython,super_calls,compile,10,3.908301005139947e-05
3,cpython,super_calls,compile,11,3.933301195502281e-05
3,cpython,super_calls,compile,12,3.8875004975125194e-05
3,cpython,super_calls,compile,13,3.954197745770216e-05
3,cpython,super_calls,compile,14,3.925000783056021e-05
3,cpython,super_calls,compile,15,3.979200846515596e-05
3,cpython,super_calls,compile,16,3.937500878237188e-05
3,cpython,super_calls,compile,17,4.1417020838707685e-05
3,cpython,super_calls,compile,18,3.875000402331352e-05
3,cpython,super_calls,compile,19,4.054201417602599e-05
3,cpython,super_calls,compile,20,3.9834005292505026e-05
3,cpython,super_calls,compile,21,4.008301766589284e-05
3,cpython,super_calls,compile,22,4.229199839755893e-05
3,cpython,super_calls,compile,23,4.037498729303479e-05
3,cpython,super_calls,compile,24,4.0916987927630544e-05
3,cpython,super_calls,compile,25,4.087499110028148e-05
3,cpython,super_calls,compile,26,4.124999395571649e-05
3,cpython,super_calls,compile,27,4.108299617655575e-05
3,cpython,super_calls,compile,28,3.883300814777613e-05
3,cpython,super_calls,compile,29,4.266700125299394e-05
3,cpython,super_calls,warm_run,0,0.0010204999998677522
3,cpython,super_calls,warm_run,1,0.0011486249859444797
3,cpython,super_calls,warm_run,2,0.001031250023515895
3,cpython,super_calls,warm_run,3,0.001033333013765514
3,cpython,super_calls,warm_run,4,0.0010178750089835376
3,cpython,super_calls,warm_run,5,0.0010258749825879931
3,cpython,super_calls,warm_run,6,0.0010342919849790633
3,cpython,super_calls,warm_run,7,0.00102466598036699
3,cpython,super_calls,warm_run,8,0.0010299590067006648
3,cpython,super_calls,warm_run,9,0.001026791986078024
3,cpython,super_calls,warm_run,10,0.0010227079910691828
3,cpython,super_calls,warm_run,11,0.001013834000332281
3,cpython,super_calls,warm_run,12,0.0010269159974996
3,cpython,super_calls,warm_run,13,0.0010277499968651682
3,cpython,super_calls,warm_run,14,0.0010204589925706387
3,cpython,super_calls,warm_run,15,0.0010255420056637377
3,cpython,super_calls,warm_run,16,0.0010229169856756926
3,cpython,super_calls,warm_run,17,0.001013792003504932
3,cpython,super_calls,warm_run,18,0.0010233749926555902
3,cpython,super_calls,warm_run,19,0.0010295000101905316
3,cpython,super_calls,warm_run,20,0.0010312919912394136
3,cpython,super_calls,warm_run,21,0.0010083749948535115
3,cpython,super_calls,warm_run,22,0.0010168339940719306
3,cpython,super_calls,warm_run,23,0.0010273339867126197
3,cpython,super_calls,warm_run,24,0.0010297079861629754
3,cpython,super_calls,warm_run,25,0.0010194579954259098
3,cpython,super_calls,warm_run,26,0.0010274999949615449
3,cpython,super_calls,warm_run,27,0.00102862500352785
3,cpython,super_calls,warm_run,28,0.0010167909786105156
3,cpython,super_calls,warm_run,29,0.0010205840226262808
3,cpython,attribute_load,cold_cli,0,0.01501379199908115
3,tonic,attribute_load,cold_cli,0,0.002987082989420742
3,tonic,attribute_load,cold_cli,1,0.0028284169966354966
3,cpython,attribute_load,cold_cli,1,0.015087542007677257
3,cpython,attribute_load,cold_cli,2,0.014872707979520783
3,tonic,attribute_load,cold_cli,2,0.0030392910121008754
3,tonic,attribute_load,cold_cli,3,0.0028149169811513275
3,cpython,attribute_load,cold_cli,3,0.014810874999966472
3,cpython,attribute_load,cold_cli,4,0.014922791015123948
3,tonic,attribute_load,cold_cli,4,0.0030468329787254333
3,tonic,attribute_load,cold_cli,5,0.002728124993154779
3,cpython,attribute_load,cold_cli,5,0.014625250012613833
3,cpython,attribute_load,cold_cli,6,0.015467290999367833
3,tonic,attribute_load,cold_cli,6,0.0032375830051023513
3,tonic,attribute_load,cold_cli,7,0.0028660410025622696
3,cpython,attribute_load,cold_cli,7,0.015226540999719873
3,cpython,attribute_load,cold_cli,8,0.014797624986385927
3,tonic,attribute_load,cold_cli,8,0.0029963330016471446
3,tonic,attribute_load,cold_cli,9,0.002784124983008951
3,cpython,attribute_load,cold_cli,9,0.014994375000242144
3,cpython,attribute_load,cold_cli,10,0.015022416977444664
3,tonic,attribute_load,cold_cli,10,0.0029792499844916165
3,tonic,attribute_load,cold_cli,11,0.0028095000016037375
3,cpython,attribute_load,cold_cli,11,0.015231500001391396
3,cpython,attribute_load,cold_cli,12,0.015271125012077391
3,tonic,attribute_load,cold_cli,12,0.0029759159951936454
3,tonic,attribute_load,cold_cli,13,0.002856583014363423
3,cpython,attribute_load,cold_cli,13,0.014859415998216718
3,cpython,attribute_load,cold_cli,14,0.014860041992506012
3,tonic,attribute_load,cold_cli,14,0.0030421249975916
3,cpython,bound_method_calls,cold_cli,0,0.015251999982865527
3,tonic,bound_method_calls,cold_cli,0,0.0039920000126585364
3,tonic,bound_method_calls,cold_cli,1,0.0036147499922662973
3,cpython,bound_method_calls,cold_cli,1,0.01527112498297356
3,cpython,bound_method_calls,cold_cli,2,0.015341791993705556
3,tonic,bound_method_calls,cold_cli,2,0.0038526669959537685
3,tonic,bound_method_calls,cold_cli,3,0.0038200829876586795
3,cpython,bound_method_calls,cold_cli,3,0.015104874997632578
3,cpython,bound_method_calls,cold_cli,4,0.015312833013013005
3,tonic,bound_method_calls,cold_cli,4,0.003901124990079552
3,tonic,bound_method_calls,cold_cli,5,0.003660125017631799
3,cpython,bound_method_calls,cold_cli,5,0.015033333998871967
3,cpython,bound_method_calls,cold_cli,6,0.015231583005515859
3,tonic,bound_method_calls,cold_cli,6,0.003926832985598594
3,tonic,bound_method_calls,cold_cli,7,0.0036408340092748404
3,cpython,bound_method_calls,cold_cli,7,0.015161207993514836
3,cpython,bound_method_calls,cold_cli,8,0.015499708009883761
3,tonic,bound_method_calls,cold_cli,8,0.0039025000005494803
3,tonic,bound_method_calls,cold_cli,9,0.003588708001188934
3,cpython,bound_method_calls,cold_cli,9,0.014997374993981794
3,cpython,bound_method_calls,cold_cli,10,0.01518195797689259
3,tonic,bound_method_calls,cold_cli,10,0.003857625008095056
3,tonic,bound_method_calls,cold_cli,11,0.003708125004777685
3,cpython,bound_method_calls,cold_cli,11,0.015060833015013486
3,cpython,bound_method_calls,cold_cli,12,0.015291083982447162
3,tonic,bound_method_calls,cold_cli,12,0.003875708003761247
3,tonic,bound_method_calls,cold_cli,13,0.003656374989077449
3,cpython,bound_method_calls,cold_cli,13,0.01506891701137647
3,cpython,bound_method_calls,cold_cli,14,0.015050459012854844
3,tonic,bound_method_calls,cold_cli,14,0.00388812500750646
3,cpython,closure_calls,cold_cli,0,0.01526820898288861
3,tonic,closure_calls,cold_cli,0,0.0030928750056773424
3,tonic,closure_calls,cold_cli,1,0.002989333006553352
3,cpython,closure_calls,cold_cli,1,0.015129667008295655
3,cpython,closure_calls,cold_cli,2,0.01528533297823742
3,tonic,closure_calls,cold_cli,2,0.0032200830173678696
3,tonic,closure_calls,cold_cli,3,0.003001000004587695
3,cpython,closure_calls,cold_cli,3,0.01477229199372232
3,cpython,closure_calls,cold_cli,4,0.015215624996926636
3,tonic,closure_calls,cold_cli,4,0.003273374983109534
3,tonic,closure_calls,cold_cli,5,0.0029593750077765435
3,cpython,closure_calls,cold_cli,5,0.015046208020066842
3,cpython,closure_calls,cold_cli,6,0.015041000006021932
3,tonic,closure_calls,cold_cli,6,0.0031945829978212714
3,tonic,closure_calls,cold_cli,7,0.0029323750059120357
3,cpython,closure_calls,cold_cli,7,0.014995125005953014
3,cpython,closure_calls,cold_cli,8,0.014953665988286957
3,tonic,closure_calls,cold_cli,8,0.0031043330091051757
3,tonic,closure_calls,cold_cli,9,0.0029034169856458902
3,cpython,closure_calls,cold_cli,9,0.01511862501502037
3,cpython,closure_calls,cold_cli,10,0.01515337498858571
3,tonic,closure_calls,cold_cli,10,0.0031502500060014427
3,tonic,closure_calls,cold_cli,11,0.0030039580014999956
3,cpython,closure_calls,cold_cli,11,0.015031291026389226
3,cpython,closure_calls,cold_cli,12,0.015167542005656287
3,tonic,closure_calls,cold_cli,12,0.0032271670061163604
3,tonic,closure_calls,cold_cli,13,0.00292958298814483
3,cpython,closure_calls,cold_cli,13,0.014842499978840351
3,cpython,closure_calls,cold_cli,14,0.015067707980051637
3,tonic,closure_calls,cold_cli,14,0.003339291986776516
3,cpython,descriptor_load,cold_cli,0,0.015097916009835899
3,tonic,descriptor_load,cold_cli,0,0.004102166974917054
3,tonic,descriptor_load,cold_cli,1,0.004057792015373707
3,cpython,descriptor_load,cold_cli,1,0.015099374984856695
3,cpython,descriptor_load,cold_cli,2,0.015495667001232505
3,tonic,descriptor_load,cold_cli,2,0.004222749994369224
3,tonic,descriptor_load,cold_cli,3,0.0039790410082787275
3,cpython,descriptor_load,cold_cli,3,0.015159625007072464
3,cpython,descriptor_load,cold_cli,4,0.015353124996181577
3,tonic,descriptor_load,cold_cli,4,0.0042672089766711
3,tonic,descriptor_load,cold_cli,5,0.0038733330147806555
3,cpython,descriptor_load,cold_cli,5,0.015119958989089355
3,cpython,descriptor_load,cold_cli,6,0.016041374998167157
3,tonic,descriptor_load,cold_cli,6,0.004292583005735651
3,tonic,descriptor_load,cold_cli,7,0.004031541990116239
3,cpython,descriptor_load,cold_cli,7,0.015459874994121492
3,cpython,descriptor_load,cold_cli,8,0.015730707993498072
3,tonic,descriptor_load,cold_cli,8,0.0043297079973854125
3,tonic,descriptor_load,cold_cli,9,0.003935124987037852
3,cpython,descriptor_load,cold_cli,9,0.015156083012698218
3,cpython,descriptor_load,cold_cli,10,0.01542425001389347
3,tonic,descriptor_load,cold_cli,10,0.004335000005085021
3,tonic,descriptor_load,cold_cli,11,0.003938457986805588
3,cpython,descriptor_load,cold_cli,11,0.015351582987932488
3,cpython,descriptor_load,cold_cli,12,0.015315791999455541
3,tonic,descriptor_load,cold_cli,12,0.0041657499969005585
3,tonic,descriptor_load,cold_cli,13,0.003979541012085974
3,cpython,descriptor_load,cold_cli,13,0.01544408401241526
3,cpython,descriptor_load,cold_cli,14,0.01540929201291874
3,tonic,descriptor_load,cold_cli,14,0.004515624983469024
3,cpython,dict_insert,cold_cli,0,0.0153167910175398
3,tonic,dict_insert,cold_cli,0,0.00333874998614192
3,tonic,dict_insert,cold_cli,1,0.0030907920154277235
3,cpython,dict_insert,cold_cli,1,0.01522370899328962
3,cpython,dict_insert,cold_cli,2,0.01547637500334531
3,tonic,dict_insert,cold_cli,2,0.0032649579807184637
3,tonic,dict_insert,cold_cli,3,0.0031991660071071237
3,cpython,dict_insert,cold_cli,3,0.015390582993859425
3,cpython,dict_insert,cold_cli,4,0.015509582997765392
3,tonic,dict_insert,cold_cli,4,0.004193542001303285
3,tonic,dict_insert,cold_cli,5,0.0033168749941978604
3,cpython,dict_insert,cold_cli,5,0.01559733401518315
3,cpython,dict_insert,cold_cli,6,0.01609137500054203
3,tonic,dict_insert,cold_cli,6,0.0037205419794190675
3,tonic,dict_insert,cold_cli,7,0.0031048330129124224
3,cpython,dict_insert,cold_cli,7,0.015778375003719702
3,cpython,dict_insert,cold_cli,8,0.01609137500054203
3,tonic,dict_insert,cold_cli,8,0.003424249996896833
3,tonic,dict_insert,cold_cli,9,0.003276417002780363
3,cpython,dict_insert,cold_cli,9,0.015299708000384271
3,cpython,dict_insert,cold_cli,10,0.015728624974144623
3,tonic,dict_insert,cold_cli,10,0.0034972499997820705
3,tonic,dict_insert,cold_cli,11,0.003156791004585102
3,cpython,dict_insert,cold_cli,11,0.01544033398386091
3,cpython,dict_insert,cold_cli,12,0.016260000003967434
3,tonic,dict_insert,cold_cli,12,0.004072458017617464
3,tonic,dict_insert,cold_cli,13,0.0034255830105394125
3,cpython,dict_insert,cold_cli,13,0.01570437499321997
3,cpython,dict_insert,cold_cli,14,0.015722874988568947
3,tonic,dict_insert,cold_cli,14,0.0034763749863486737
3,cpython,dict_lookup,cold_cli,0,0.015506083000218496
3,tonic,dict_lookup,cold_cli,0,0.0032617079850751907
3,tonic,dict_lookup,cold_cli,1,0.003023917000973597
3,cpython,dict_lookup,cold_cli,1,0.015126958023756742
3,cpython,dict_lookup,cold_cli,2,0.015724125027190894
3,tonic,dict_lookup,cold_cli,2,0.0035112909972667694
3,tonic,dict_lookup,cold_cli,3,0.0031085000082384795
3,cpython,dict_lookup,cold_cli,3,0.015607374982209876
3,cpython,dict_lookup,cold_cli,4,0.015727207995951176
3,tonic,dict_lookup,cold_cli,4,0.003137416992103681
3,tonic,dict_lookup,cold_cli,5,0.003000166005222127
3,cpython,dict_lookup,cold_cli,5,0.015237500017974526
3,cpython,dict_lookup,cold_cli,6,0.015817999985301867
3,tonic,dict_lookup,cold_cli,6,0.003367042023455724
3,tonic,dict_lookup,cold_cli,7,0.0030039580014999956
3,cpython,dict_lookup,cold_cli,7,0.015490332996705547
3,cpython,dict_lookup,cold_cli,8,0.015726624988019466
3,tonic,dict_lookup,cold_cli,8,0.003351624996867031
3,tonic,dict_lookup,cold_cli,9,0.002969209017464891
3,cpython,dict_lookup,cold_cli,9,0.014930874982383102
3,cpython,dict_lookup,cold_cli,10,0.015636666998034343
3,tonic,dict_lookup,cold_cli,10,0.0034761249844450504
3,tonic,dict_lookup,cold_cli,11,0.0030149169906508178
3,cpython,dict_lookup,cold_cli,11,0.01564291599788703
3,cpython,dict_lookup,cold_cli,12,0.015985500009264797
3,tonic,dict_lookup,cold_cli,12,0.003306500002508983
3,tonic,dict_lookup,cold_cli,13,0.002983874990604818
3,cpython,dict_lookup,cold_cli,13,0.015217209002003074
3,cpython,dict_lookup,cold_cli,14,0.01550050001242198
3,tonic,dict_lookup,cold_cli,14,0.003361125010997057
3,cpython,fib_calls,cold_cli,0,0.015346292027970776
3,tonic,fib_calls,cold_cli,0,0.004562000016449019
3,tonic,fib_calls,cold_cli,1,0.004417582997120917
3,cpython,fib_calls,cold_cli,1,0.015215374995023012
3,cpython,fib_calls,cold_cli,2,0.015292416996089742
3,tonic,fib_calls,cold_cli,2,0.004693666996899992
3,tonic,fib_calls,cold_cli,3,0.00440383399836719
3,cpython,fib_calls,cold_cli,3,0.015348458022344857
3,cpython,fib_calls,cold_cli,4,0.01524741598404944
3,tonic,fib_calls,cold_cli,4,0.0050712910015136
3,tonic,fib_calls,cold_cli,5,0.004649540991522372
3,cpython,fib_calls,cold_cli,5,0.01577645802171901
3,cpython,fib_calls,cold_cli,6,0.015679917007219046
3,tonic,fib_calls,cold_cli,6,0.0046146250097081065
3,tonic,fib_calls,cold_cli,7,0.0043460830056574196
3,cpython,fib_calls,cold_cli,7,0.015108666993910447
3,cpython,fib_calls,cold_cli,8,0.015378415992017835
3,tonic,fib_calls,cold_cli,8,0.004622041014954448
3,tonic,fib_calls,cold_cli,9,0.004360957973403856
3,cpython,fib_calls,cold_cli,9,0.015204708004603162
3,cpython,fib_calls,cold_cli,10,0.015279459010343999
3,tonic,fib_calls,cold_cli,10,0.0046261249808594584
3,tonic,fib_calls,cold_cli,11,0.0043612910085357726
3,cpython,fib_calls,cold_cli,11,0.015159583010245115
3,cpython,fib_calls,cold_cli,12,0.015282290987670422
3,tonic,fib_calls,cold_cli,12,0.0047706250043120235
3,tonic,fib_calls,cold_cli,13,0.004412375012179837
3,cpython,fib_calls,cold_cli,13,0.01515041699167341
3,cpython,fib_calls,cold_cli,14,0.015227666997816414
3,tonic,fib_calls,cold_cli,14,0.004560625005979091
3,cpython,float_loop,cold_cli,0,0.015038374986033887
3,tonic,float_loop,cold_cli,0,0.002863875008188188
3,tonic,float_loop,cold_cli,1,0.0026156670064665377
3,cpython,float_loop,cold_cli,1,0.015016916993772611
3,cpython,float_loop,cold_cli,2,0.01568458299152553
3,tonic,float_loop,cold_cli,2,0.0030714159947820008
3,tonic,float_loop,cold_cli,3,0.002809291996527463
3,cpython,float_loop,cold_cli,3,0.015201000001979992
3,cpython,float_loop,cold_cli,4,0.015346915984991938
3,tonic,float_loop,cold_cli,4,0.0029799590120092034
3,tonic,float_loop,cold_cli,5,0.00267483398783952
3,cpython,float_loop,cold_cli,5,0.01493395899888128
3,cpython,float_loop,cold_cli,6,0.01495641699875705
3,tonic,float_loop,cold_cli,6,0.002912665979238227
3,tonic,float_loop,cold_cli,7,0.0026714580017141998
3,cpython,float_loop,cold_cli,7,0.014922208996722475
3,cpython,float_loop,cold_cli,8,0.0149737500178162
3,tonic,float_loop,cold_cli,8,0.0029205000028014183
3,tonic,float_loop,cold_cli,9,0.0026603330043144524
3,cpython,float_loop,cold_cli,9,0.015062374994158745
3,cpython,float_loop,cold_cli,10,0.014768749999348074
3,tonic,float_loop,cold_cli,10,0.002829375007422641
3,tonic,float_loop,cold_cli,11,0.002690041990717873
3,cpython,float_loop,cold_cli,11,0.014827167004114017
3,cpython,float_loop,cold_cli,12,0.014711958006955683
3,tonic,float_loop,cold_cli,12,0.002810584002872929
3,tonic,float_loop,cold_cli,13,0.002622708008857444
3,cpython,float_loop,cold_cli,13,0.014993582997703925
3,cpython,float_loop,cold_cli,14,0.014823375007836148
3,tonic,float_loop,cold_cli,14,0.002783917007036507
3,cpython,integer_loop,cold_cli,0,0.019999041978735477
3,tonic,integer_loop,cold_cli,0,0.0074469170067459345
3,tonic,integer_loop,cold_cli,1,0.0071736669924575835
3,cpython,integer_loop,cold_cli,1,0.019577750004827976
3,cpython,integer_loop,cold_cli,2,0.01975462501286529
3,tonic,integer_loop,cold_cli,2,0.007437291991664097
3,tonic,integer_loop,cold_cli,3,0.007087000005412847
3,cpython,integer_loop,cold_cli,3,0.019589042000006884
3,cpython,integer_loop,cold_cli,4,0.01928341598249972
3,tonic,integer_loop,cold_cli,4,0.007279249985003844
3,tonic,integer_loop,cold_cli,5,0.0070013750228099525
3,cpython,integer_loop,cold_cli,5,0.019373958988580853
3,cpython,integer_loop,cold_cli,6,0.019673749979119748
3,tonic,integer_loop,cold_cli,6,0.007200124993687496
3,tonic,integer_loop,cold_cli,7,0.007332792010856792
3,cpython,integer_loop,cold_cli,7,0.019375500007299706
3,cpython,integer_loop,cold_cli,8,0.01943570902221836
3,tonic,integer_loop,cold_cli,8,0.0073079589928966016
3,tonic,integer_loop,cold_cli,9,0.00705395799013786
3,cpython,integer_loop,cold_cli,9,0.019532999984221533
3,cpython,integer_loop,cold_cli,10,0.019471833016723394
3,tonic,integer_loop,cold_cli,10,0.007473499979823828
3,tonic,integer_loop,cold_cli,11,0.007084875018335879
3,cpython,integer_loop,cold_cli,11,0.01970858298591338
3,cpython,integer_loop,cold_cli,12,0.019454291003057733
3,tonic,integer_loop,cold_cli,12,0.0073199170001316816
3,tonic,integer_loop,cold_cli,13,0.0071175420016516
3,cpython,integer_loop,cold_cli,13,0.02003149999654852
3,cpython,integer_loop,cold_cli,14,0.019809833000181243
3,tonic,integer_loop,cold_cli,14,0.007568166998680681
3,cpython,keyword_calls,cold_cli,0,0.01542349997907877
3,tonic,keyword_calls,cold_cli,0,0.0036219999892637134
3,tonic,keyword_calls,cold_cli,1,0.003334791021188721
3,cpython,keyword_calls,cold_cli,1,0.015382499987026677
3,cpython,keyword_calls,cold_cli,2,0.015262624976458028
3,tonic,keyword_calls,cold_cli,2,0.003579999989597127
3,tonic,keyword_calls,cold_cli,3,0.00332158399396576
3,cpython,keyword_calls,cold_cli,3,0.015256625018082559
3,cpython,keyword_calls,cold_cli,4,0.015342166007030755
3,tonic,keyword_calls,cold_cli,4,0.003550833003828302
3,tonic,keyword_calls,cold_cli,5,0.0034101659839507192
3,cpython,keyword_calls,cold_cli,5,0.015257916995324194
3,cpython,keyword_calls,cold_cli,6,0.015258915984304622
3,tonic,keyword_calls,cold_cli,6,0.0036954999959561974
3,tonic,keyword_calls,cold_cli,7,0.0033826669969130307
3,cpython,keyword_calls,cold_cli,7,0.015434084023581818
3,cpython,keyword_calls,cold_cli,8,0.015274250006768852
3,tonic,keyword_calls,cold_cli,8,0.0035986669827252626
3,tonic,keyword_calls,cold_cli,9,0.0033230830158572644
3,cpython,keyword_calls,cold_cli,9,0.01544908300274983
3,cpython,keyword_calls,cold_cli,10,0.015472875005798414
3,tonic,keyword_calls,cold_cli,10,0.003579082986107096
3,tonic,keyword_calls,cold_cli,11,0.0033171249961014837
3,cpython,keyword_calls,cold_cli,11,0.015371540997875854
3,cpython,keyword_calls,cold_cli,12,0.015751291997730732
3,tonic,keyword_calls,cold_cli,12,0.0035998339881189167
3,tonic,keyword_calls,cold_cli,13,0.003316957998322323
3,cpython,keyword_calls,cold_cli,13,0.015356667019659653
3,cpython,keyword_calls,cold_cli,14,0.015548666997347027
3,tonic,keyword_calls,cold_cli,14,0.0037212919851299375
3,cpython,known_calls,cold_cli,0,0.016987542010610923
3,tonic,known_calls,cold_cli,0,0.0034824169997591525
3,tonic,known_calls,cold_cli,1,0.0032372919959016144
3,cpython,known_calls,cold_cli,1,0.017390166991390288
3,cpython,known_calls,cold_cli,2,0.015811041987035424
3,tonic,known_calls,cold_cli,2,0.003547457978129387
3,tonic,known_calls,cold_cli,3,0.003148084011627361
3,cpython,known_calls,cold_cli,3,0.015479333000257611
3,cpython,known_calls,cold_cli,4,0.01555491698672995
3,tonic,known_calls,cold_cli,4,0.00354925001738593
3,tonic,known_calls,cold_cli,5,0.003048084006877616
3,cpython,known_calls,cold_cli,5,0.015283499989891425
3,cpython,known_calls,cold_cli,6,0.015296541998395696
3,tonic,known_calls,cold_cli,6,0.0033787909778766334
3,tonic,known_calls,cold_cli,7,0.003124042006675154
3,cpython,known_calls,cold_cli,7,0.015762875002110377
3,cpython,known_calls,cold_cli,8,0.015509291988564655
3,tonic,known_calls,cold_cli,8,0.0034006659989245236
3,tonic,known_calls,cold_cli,9,0.0031369169882964343
3,cpython,known_calls,cold_cli,9,0.015405291982460767
3,cpython,known_calls,cold_cli,10,0.015318165998905897
3,tonic,known_calls,cold_cli,10,0.0035529169836081564
3,tonic,known_calls,cold_cli,11,0.003141791996313259
3,cpython,known_calls,cold_cli,11,0.01543245802167803
3,cpython,known_calls,cold_cli,12,0.01551712499349378
3,tonic,known_calls,cold_cli,12,0.003389292018255219
3,tonic,known_calls,cold_cli,13,0.003137041989248246
3,cpython,known_calls,cold_cli,13,0.015157791000092402
3,cpython,known_calls,cold_cli,14,0.015418416005559266
3,tonic,known_calls,cold_cli,14,0.0033387909934390336
3,cpython,list_iteration,cold_cli,0,0.015147333004279062
3,tonic,list_iteration,cold_cli,0,0.002398459007963538
3,tonic,list_iteration,cold_cli,1,0.002315041987458244
3,cpython,list_iteration,cold_cli,1,0.014878459012834355
3,cpython,list_iteration,cold_cli,2,0.015073332993779331
3,tonic,list_iteration,cold_cli,2,0.002411708002910018
3,tonic,list_iteration,cold_cli,3,0.0022836670104879886
3,cpython,list_iteration,cold_cli,3,0.014873874984914437
3,cpython,list_iteration,cold_cli,4,0.014922458998626098
3,tonic,list_iteration,cold_cli,4,0.0025320830172859132
3,tonic,list_iteration,cold_cli,5,0.0023048339935485274
3,cpython,list_iteration,cold_cli,5,0.015073334012413397
3,cpython,list_iteration,cold_cli,6,0.01508983300300315
3,tonic,list_iteration,cold_cli,6,0.0029674579855054617
3,tonic,list_iteration,cold_cli,7,0.0031058329914230853
3,cpython,list_iteration,cold_cli,7,0.022053874999983236
3,cpython,list_iteration,cold_cli,8,0.02538479198119603
3,tonic,list_iteration,cold_cli,8,0.0034935419971589
3,tonic,list_iteration,cold_cli,9,0.003134708007564768
3,cpython,list_iteration,cold_cli,9,0.018876290996558964
3,cpython,list_iteration,cold_cli,10,0.017756667017238215
3,tonic,list_iteration,cold_cli,10,0.0030098330171313137
3,tonic,list_iteration,cold_cli,11,0.0026165000163018703
3,cpython,list_iteration,cold_cli,11,0.01616033399477601
3,cpython,list_iteration,cold_cli,12,0.0409225829935167
3,tonic,list_iteration,cold_cli,12,0.003276041999924928
3,tonic,list_iteration,cold_cli,13,0.0024307089915964752
3,cpython,list_iteration,cold_cli,13,0.0157865000073798
3,cpython,list_iteration,cold_cli,14,0.015832166012842208
3,tonic,list_iteration,cold_cli,14,0.0024852089991327375
3,cpython,super_calls,cold_cli,0,0.016446583002107218
3,tonic,super_calls,cold_cli,0,0.005666333017870784
3,tonic,super_calls,cold_cli,1,0.005454582977108657
3,cpython,super_calls,cold_cli,1,0.016169957991223782
3,cpython,super_calls,cold_cli,2,0.01602125001954846
3,tonic,super_calls,cold_cli,2,0.005624332989100367
3,tonic,super_calls,cold_cli,3,0.005222875013714656
3,cpython,super_calls,cold_cli,3,0.016313291009282693
3,cpython,super_calls,cold_cli,4,0.015694250003434718
3,tonic,super_calls,cold_cli,4,0.005472124990774319
3,tonic,super_calls,cold_cli,5,0.005391666985815391
3,cpython,super_calls,cold_cli,5,0.016037207999033853
3,cpython,super_calls,cold_cli,6,0.01587083298363723
3,tonic,super_calls,cold_cli,6,0.005480583989992738
3,tonic,super_calls,cold_cli,7,0.005272000009426847
3,cpython,super_calls,cold_cli,7,0.016000291012460366
3,cpython,super_calls,cold_cli,8,0.016160667000804096
3,tonic,super_calls,cold_cli,8,0.005561666999710724
3,tonic,super_calls,cold_cli,9,0.0052277919894549996
3,cpython,super_calls,cold_cli,9,0.015909459005342796
3,cpython,super_calls,cold_cli,10,0.016193499992368743
3,tonic,super_calls,cold_cli,10,0.005966583004919812
3,tonic,super_calls,cold_cli,11,0.00543729099445045
3,cpython,super_calls,cold_cli,11,0.016941500012762845
3,cpython,super_calls,cold_cli,12,0.016774125018855557
3,tonic,super_calls,cold_cli,12,0.005664166004862636
3,tonic,super_calls,cold_cli,13,0.005447375006042421
3,cpython,super_calls,cold_cli,13,0.01601154200034216
3,cpython,super_calls,cold_cli,14,0.01595529101905413
3,tonic,super_calls,cold_cli,14,0.005525250016944483
4,tonic,integer_loop,compile,0,1.35e-05
4,tonic,integer_loop,compile,1,1.4542e-05
4,tonic,integer_loop,compile,2,1.6542e-05
4,tonic,integer_loop,compile,3,1.6625e-05
4,tonic,integer_loop,compile,4,1.6042e-05
4,tonic,integer_loop,compile,5,1.375e-05
4,tonic,integer_loop,compile,6,1.3375e-05
4,tonic,integer_loop,compile,7,1.3458e-05
4,tonic,integer_loop,compile,8,1.4e-05
4,tonic,integer_loop,compile,9,1.1583e-05
4,tonic,integer_loop,compile,10,1.3458e-05
4,tonic,integer_loop,compile,11,1.4125e-05
4,tonic,integer_loop,compile,12,1.3292e-05
4,tonic,integer_loop,compile,13,1.3125e-05
4,tonic,integer_loop,compile,14,1.225e-05
4,tonic,integer_loop,compile,15,1.3042e-05
4,tonic,integer_loop,compile,16,1.2166e-05
4,tonic,integer_loop,compile,17,1.2959e-05
4,tonic,integer_loop,compile,18,1.1584e-05
4,tonic,integer_loop,compile,19,1.4084e-05
4,tonic,integer_loop,compile,20,1.2167e-05
4,tonic,integer_loop,compile,21,1.3125e-05
4,tonic,integer_loop,compile,22,1.075e-05
4,tonic,integer_loop,compile,23,1.2625e-05
4,tonic,integer_loop,compile,24,1.1125e-05
4,tonic,integer_loop,compile,25,1.2875e-05
4,tonic,integer_loop,compile,26,1.1083e-05
4,tonic,integer_loop,compile,27,1.2583e-05
4,tonic,integer_loop,compile,28,1.1e-05
4,tonic,integer_loop,compile,29,1.2584e-05
4,tonic,integer_loop,warm_run,0,0.004774458
4,tonic,integer_loop,warm_run,1,0.004781791
4,tonic,integer_loop,warm_run,2,0.004795958
4,tonic,integer_loop,warm_run,3,0.004752875
4,tonic,integer_loop,warm_run,4,0.004737375
4,tonic,integer_loop,warm_run,5,0.004760709
4,tonic,integer_loop,warm_run,6,0.004732459
4,tonic,integer_loop,warm_run,7,0.004745292
4,tonic,integer_loop,warm_run,8,0.004760666
4,tonic,integer_loop,warm_run,9,0.004724916
4,tonic,integer_loop,warm_run,10,0.00473125
4,tonic,integer_loop,warm_run,11,0.004738709
4,tonic,integer_loop,warm_run,12,0.004759875
4,tonic,integer_loop,warm_run,13,0.004746666
4,tonic,integer_loop,warm_run,14,0.004912458
4,tonic,integer_loop,warm_run,15,0.005002083
4,tonic,integer_loop,warm_run,16,0.004921458
4,tonic,integer_loop,warm_run,17,0.004867292
4,tonic,integer_loop,warm_run,18,0.004851167
4,tonic,integer_loop,warm_run,19,0.004871417
4,tonic,integer_loop,warm_run,20,0.004862
4,tonic,integer_loop,warm_run,21,0.004870791
4,tonic,integer_loop,warm_run,22,0.004881209
4,tonic,integer_loop,warm_run,23,0.004880792
4,tonic,integer_loop,warm_run,24,0.00486125
4,tonic,integer_loop,warm_run,25,0.004867042
4,tonic,integer_loop,warm_run,26,0.004849875
4,tonic,integer_loop,warm_run,27,0.004974917
4,tonic,integer_loop,warm_run,28,0.0048605
4,tonic,integer_loop,warm_run,29,0.004874167
4,tonic,fib_calls,compile,0,2.6375e-05
4,tonic,fib_calls,compile,1,3.0167e-05
4,tonic,fib_calls,compile,2,2.8541e-05
4,tonic,fib_calls,compile,3,3.125e-05
4,tonic,fib_calls,compile,4,2.8542e-05
4,tonic,fib_calls,compile,5,2.8208e-05
4,tonic,fib_calls,compile,6,3.125e-05
4,tonic,fib_calls,compile,7,2.825e-05
4,tonic,fib_calls,compile,8,2.7917e-05
4,tonic,fib_calls,compile,9,2.7875e-05
4,tonic,fib_calls,compile,10,2.775e-05
4,tonic,fib_calls,compile,11,2.8708e-05
4,tonic,fib_calls,compile,12,2.7959e-05
4,tonic,fib_calls,compile,13,2.7875e-05
4,tonic,fib_calls,compile,14,2.7791e-05
4,tonic,fib_calls,compile,15,2.8041e-05
4,tonic,fib_calls,compile,16,2.8875e-05
4,tonic,fib_calls,compile,17,2.8959e-05
4,tonic,fib_calls,compile,18,2.7584e-05
4,tonic,fib_calls,compile,19,2.7958e-05
4,tonic,fib_calls,compile,20,2.7833e-05
4,tonic,fib_calls,compile,21,2.7792e-05
4,tonic,fib_calls,compile,22,2.775e-05
4,tonic,fib_calls,compile,23,2.7916e-05
4,tonic,fib_calls,compile,24,2.7916e-05
4,tonic,fib_calls,compile,25,2.775e-05
4,tonic,fib_calls,compile,26,2.7625e-05
4,tonic,fib_calls,compile,27,2.775e-05
4,tonic,fib_calls,compile,28,2.7625e-05
4,tonic,fib_calls,compile,29,2.7583e-05
4,tonic,fib_calls,warm_run,0,0.002406083
4,tonic,fib_calls,warm_run,1,0.002496042
4,tonic,fib_calls,warm_run,2,0.002467917
4,tonic,fib_calls,warm_run,3,0.002438875
4,tonic,fib_calls,warm_run,4,0.002445792
4,tonic,fib_calls,warm_run,5,0.002440459
4,tonic,fib_calls,warm_run,6,0.002413959
4,tonic,fib_calls,warm_run,7,0.002418625
4,tonic,fib_calls,warm_run,8,0.002402833
4,tonic,fib_calls,warm_run,9,0.002407959
4,tonic,fib_calls,warm_run,10,0.002409375
4,tonic,fib_calls,warm_run,11,0.002417416
4,tonic,fib_calls,warm_run,12,0.002405834
4,tonic,fib_calls,warm_run,13,0.002418959
4,tonic,fib_calls,warm_run,14,0.00241325
4,tonic,fib_calls,warm_run,15,0.002404625
4,tonic,fib_calls,warm_run,16,0.002400625
4,tonic,fib_calls,warm_run,17,0.002395208
4,tonic,fib_calls,warm_run,18,0.002408958
4,tonic,fib_calls,warm_run,19,0.002413792
4,tonic,fib_calls,warm_run,20,0.002421125
4,tonic,fib_calls,warm_run,21,0.002408584
4,tonic,fib_calls,warm_run,22,0.002433417
4,tonic,fib_calls,warm_run,23,0.0024255
4,tonic,fib_calls,warm_run,24,0.002418084
4,tonic,fib_calls,warm_run,25,0.002422375
4,tonic,fib_calls,warm_run,26,0.002418083
4,tonic,fib_calls,warm_run,27,0.002428917
4,tonic,fib_calls,warm_run,28,0.002410834
4,tonic,fib_calls,warm_run,29,0.002421083
4,tonic,known_calls,compile,0,1.5209e-05
4,tonic,known_calls,compile,1,1.9542e-05
4,tonic,known_calls,compile,2,1.9209e-05
4,tonic,known_calls,compile,3,2.1542e-05
4,tonic,known_calls,compile,4,1.9584e-05
4,tonic,known_calls,compile,5,1.9042e-05
4,tonic,known_calls,compile,6,1.9333e-05
4,tonic,known_calls,compile,7,1.8917e-05
4,tonic,known_calls,compile,8,1.9167e-05
4,tonic,known_calls,compile,9,1.9167e-05
4,tonic,known_calls,compile,10,1.7e-05
4,tonic,known_calls,compile,11,1.925e-05
4,tonic,known_calls,compile,12,2.1042e-05
4,tonic,known_calls,compile,13,1.9208e-05
4,tonic,known_calls,compile,14,1.9208e-05
4,tonic,known_calls,compile,15,2.05e-05
4,tonic,known_calls,compile,16,1.9625e-05
4,tonic,known_calls,compile,17,1.9166e-05
4,tonic,known_calls,compile,18,1.9167e-05
4,tonic,known_calls,compile,19,1.9166e-05
4,tonic,known_calls,compile,20,1.7708e-05
4,tonic,known_calls,compile,21,1.9125e-05
4,tonic,known_calls,compile,22,1.9125e-05
4,tonic,known_calls,compile,23,1.8875e-05
4,tonic,known_calls,compile,24,1.9125e-05
4,tonic,known_calls,compile,25,1.8958e-05
4,tonic,known_calls,compile,26,1.7e-05
4,tonic,known_calls,compile,27,1.9125e-05
4,tonic,known_calls,compile,28,1.9e-05
4,tonic,known_calls,compile,29,1.9042e-05
4,tonic,known_calls,warm_run,0,0.001121125
4,tonic,known_calls,warm_run,1,0.001139708
4,tonic,known_calls,warm_run,2,0.001134375
4,tonic,known_calls,warm_run,3,0.001124417
4,tonic,known_calls,warm_run,4,0.001132208
4,tonic,known_calls,warm_run,5,0.001124833
4,tonic,known_calls,warm_run,6,0.001149542
4,tonic,known_calls,warm_run,7,0.00115675
4,tonic,known_calls,warm_run,8,0.001150584
4,tonic,known_calls,warm_run,9,0.001139959
4,tonic,known_calls,warm_run,10,0.001162084
4,tonic,known_calls,warm_run,11,0.001141291
4,tonic,known_calls,warm_run,12,0.00113325
4,tonic,known_calls,warm_run,13,0.001161042
4,tonic,known_calls,warm_run,14,0.001133834
4,tonic,known_calls,warm_run,15,0.00112825
4,tonic,known_calls,warm_run,16,0.001149708
4,tonic,known_calls,warm_run,17,0.00113325
4,tonic,known_calls,warm_run,18,0.001134833
4,tonic,known_calls,warm_run,19,0.001139916
4,tonic,known_calls,warm_run,20,0.001140959
4,tonic,known_calls,warm_run,21,0.001131125
4,tonic,known_calls,warm_run,22,0.001144625
4,tonic,known_calls,warm_run,23,0.001134125
4,tonic,known_calls,warm_run,24,0.001139834
4,tonic,known_calls,warm_run,25,0.001126792
4,tonic,known_calls,warm_run,26,0.001136167
4,tonic,known_calls,warm_run,27,0.001127333
4,tonic,known_calls,warm_run,28,0.001138375
4,tonic,known_calls,warm_run,29,0.001128333
4,tonic,float_loop,compile,0,9.916e-06
4,tonic,float_loop,compile,1,1.2541e-05
4,tonic,float_loop,compile,2,1.2125e-05
4,tonic,float_loop,compile,3,1.2542e-05
4,tonic,float_loop,compile,4,1.2041e-05
4,tonic,float_loop,compile,5,1.2625e-05
4,tonic,float_loop,compile,6,1.2083e-05
4,tonic,float_loop,compile,7,1.2458e-05
4,tonic,float_loop,compile,8,1.1959e-05
4,tonic,float_loop,compile,9,1.2417e-05
4,tonic,float_loop,compile,10,1.2167e-05
4,tonic,float_loop,compile,11,1.2458e-05
4,tonic,float_loop,compile,12,1.2e-05
4,tonic,float_loop,compile,13,1.2625e-05
4,tonic,float_loop,compile,14,1.2458e-05
4,tonic,float_loop,compile,15,1.1708e-05
4,tonic,float_loop,compile,16,1.2542e-05
4,tonic,float_loop,compile,17,1.1958e-05
4,tonic,float_loop,compile,18,1.2125e-05
4,tonic,float_loop,compile,19,1.2417e-05
4,tonic,float_loop,compile,20,1.2042e-05
4,tonic,float_loop,compile,21,1.2583e-05
4,tonic,float_loop,compile,22,1.225e-05
4,tonic,float_loop,compile,23,1.2375e-05
4,tonic,float_loop,compile,24,1.2e-05
4,tonic,float_loop,compile,25,1.2459e-05
4,tonic,float_loop,compile,26,1.1875e-05
4,tonic,float_loop,compile,27,1.2459e-05
4,tonic,float_loop,compile,28,1.1959e-05
4,tonic,float_loop,compile,29,1.2459e-05
4,tonic,float_loop,warm_run,0,0.000716875
4,tonic,float_loop,warm_run,1,0.000721291
4,tonic,float_loop,warm_run,2,0.000723958
4,tonic,float_loop,warm_run,3,0.000726667
4,tonic,float_loop,warm_run,4,0.000724959
4,tonic,float_loop,warm_run,5,0.000722875
4,tonic,float_loop,warm_run,6,0.000723375
4,tonic,float_loop,warm_run,7,0.000723792
4,tonic,float_loop,warm_run,8,0.000722875
4,tonic,float_loop,warm_run,9,0.000722125
4,tonic,float_loop,warm_run,10,0.000724917
4,tonic,float_loop,warm_run,11,0.000721
4,tonic,float_loop,warm_run,12,0.0007205
4,tonic,float_loop,warm_run,13,0.000686334
4,tonic,float_loop,warm_run,14,0.000687208
4,tonic,float_loop,warm_run,15,0.000682625
4,tonic,float_loop,warm_run,16,0.000681167
4,tonic,float_loop,warm_run,17,0.000694125
4,tonic,float_loop,warm_run,18,0.000686584
4,tonic,float_loop,warm_run,19,0.000685542
4,tonic,float_loop,warm_run,20,0.000687208
4,tonic,float_loop,warm_run,21,0.000685458
4,tonic,float_loop,warm_run,22,0.000685709
4,tonic,float_loop,warm_run,23,0.000688666
4,tonic,float_loop,warm_run,24,0.00068875
4,tonic,float_loop,warm_run,25,0.000685875
4,tonic,float_loop,warm_run,26,0.000690875
4,tonic,float_loop,warm_run,27,0.000692125
4,tonic,float_loop,warm_run,28,0.000687959
4,tonic,float_loop,warm_run,29,0.000682792
4,tonic,list_iteration,compile,0,1.8333e-05
4,tonic,list_iteration,compile,1,2.2125e-05
4,tonic,list_iteration,compile,2,2.2e-05
4,tonic,list_iteration,compile,3,2.1792e-05
4,tonic,list_iteration,compile,4,2.1834e-05
4,tonic,list_iteration,compile,5,2.2042e-05
4,tonic,list_iteration,compile,6,2.3458e-05
4,tonic,list_iteration,compile,7,2.2083e-05
4,tonic,list_iteration,compile,8,2.1458e-05
4,tonic,list_iteration,compile,9,2.1875e-05
4,tonic,list_iteration,compile,10,2.175e-05
4,tonic,list_iteration,compile,11,2.2042e-05
4,tonic,list_iteration,compile,12,2.0125e-05
4,tonic,list_iteration,compile,13,2.175e-05
4,tonic,list_iteration,compile,14,2.1875e-05
4,tonic,list_iteration,compile,15,2.1792e-05
4,tonic,list_iteration,compile,16,2.2083e-05
4,tonic,list_iteration,compile,17,2.15e-05
4,tonic,list_iteration,compile,18,2.1667e-05
4,tonic,list_iteration,compile,19,2.2208e-05
4,tonic,list_iteration,compile,20,2.1917e-05
4,tonic,list_iteration,compile,21,2.175e-05
4,tonic,list_iteration,compile,22,2.1958e-05
4,tonic,list_iteration,compile,23,2.1666e-05
4,tonic,list_iteration,compile,24,2.1584e-05
4,tonic,list_iteration,compile,25,2.1875e-05
4,tonic,list_iteration,compile,26,2.1666e-05
4,tonic,list_iteration,compile,27,2.1708e-05
4,tonic,list_iteration,compile,28,2.175e-05
4,tonic,list_iteration,compile,29,2.1917e-05
4,tonic,list_iteration,warm_run,0,0.000255542
4,tonic,list_iteration,warm_run,1,0.000258041
4,tonic,list_iteration,warm_run,2,0.00025825
4,tonic,list_iteration,warm_run,3,0.000259083
4,tonic,list_iteration,warm_run,4,0.000257917
4,tonic,list_iteration,warm_run,5,0.00025775
4,tonic,list_iteration,warm_run,6,0.000258292
4,tonic,list_iteration,warm_run,7,0.000256875
4,tonic,list_iteration,warm_run,8,0.000258542
4,tonic,list_iteration,warm_run,9,0.000258458
4,tonic,list_iteration,warm_run,10,0.000260667
4,tonic,list_iteration,warm_run,11,0.000258167
4,tonic,list_iteration,warm_run,12,0.000258667
4,tonic,list_iteration,warm_run,13,0.000260333
4,tonic,list_iteration,warm_run,14,0.000258625
4,tonic,list_iteration,warm_run,15,0.000259375
4,tonic,list_iteration,warm_run,16,0.000257708
4,tonic,list_iteration,warm_run,17,0.000259208
4,tonic,list_iteration,warm_run,18,0.000259208
4,tonic,list_iteration,warm_run,19,0.000257458
4,tonic,list_iteration,warm_run,20,0.00025825
4,tonic,list_iteration,warm_run,21,0.000258417
4,tonic,list_iteration,warm_run,22,0.000265417
4,tonic,list_iteration,warm_run,23,0.000257833
4,tonic,list_iteration,warm_run,24,0.000258042
4,tonic,list_iteration,warm_run,25,0.000257375
4,tonic,list_iteration,warm_run,26,0.000258791
4,tonic,list_iteration,warm_run,27,0.000257375
4,tonic,list_iteration,warm_run,28,0.000257875
4,tonic,list_iteration,warm_run,29,0.000257833
4,tonic,closure_calls,compile,0,1.8875e-05
4,tonic,closure_calls,compile,1,2.3959e-05
4,tonic,closure_calls,compile,2,2.3667e-05
4,tonic,closure_calls,compile,3,2.3625e-05
4,tonic,closure_calls,compile,4,2.3292e-05
4,tonic,closure_calls,compile,5,2.35e-05
4,tonic,closure_calls,compile,6,2.3541e-05
4,tonic,closure_calls,compile,7,2.3458e-05
4,tonic,closure_calls,compile,8,2.3417e-05
4,tonic,closure_calls,compile,9,2.3458e-05
4,tonic,closure_calls,compile,10,2.35e-05
4,tonic,closure_calls,compile,11,2.325e-05
4,tonic,closure_calls,compile,12,2.3584e-05
4,tonic,closure_calls,compile,13,2.3625e-05
4,tonic,closure_calls,compile,14,2.3375e-05
4,tonic,closure_calls,compile,15,2.3334e-05
4,tonic,closure_calls,compile,16,2.325e-05
4,tonic,closure_calls,compile,17,2.35e-05
4,tonic,closure_calls,compile,18,2.3458e-05
4,tonic,closure_calls,compile,19,2.3333e-05
4,tonic,closure_calls,compile,20,2.3333e-05
4,tonic,closure_calls,compile,21,2.4875e-05
4,tonic,closure_calls,compile,22,2.4e-05
4,tonic,closure_calls,compile,23,2.3334e-05
4,tonic,closure_calls,compile,24,2.3375e-05
4,tonic,closure_calls,compile,25,2.35e-05
4,tonic,closure_calls,compile,26,2.35e-05
4,tonic,closure_calls,compile,27,2.3292e-05
4,tonic,closure_calls,compile,28,2.3334e-05
4,tonic,closure_calls,compile,29,2.3166e-05
4,tonic,closure_calls,warm_run,0,0.0011025
4,tonic,closure_calls,warm_run,1,0.001100625
4,tonic,closure_calls,warm_run,2,0.001097375
4,tonic,closure_calls,warm_run,3,0.001091667
4,tonic,closure_calls,warm_run,4,0.001077208
4,tonic,closure_calls,warm_run,5,0.001061792
4,tonic,closure_calls,warm_run,6,0.001109042
4,tonic,closure_calls,warm_run,7,0.001070334
4,tonic,closure_calls,warm_run,8,0.001089458
4,tonic,closure_calls,warm_run,9,0.001110958
4,tonic,closure_calls,warm_run,10,0.001063459
4,tonic,closure_calls,warm_run,11,0.001100417
4,tonic,closure_calls,warm_run,12,0.0010695
4,tonic,closure_calls,warm_run,13,0.001073458
4,tonic,closure_calls,warm_run,14,0.001109375
4,tonic,closure_calls,warm_run,15,0.001093958
4,tonic,closure_calls,warm_run,16,0.00109675
4,tonic,closure_calls,warm_run,17,0.00111225
4,tonic,closure_calls,warm_run,18,0.001086417
4,tonic,closure_calls,warm_run,19,0.001097125
4,tonic,closure_calls,warm_run,20,0.001097084
4,tonic,closure_calls,warm_run,21,0.001090375
4,tonic,closure_calls,warm_run,22,0.001089083
4,tonic,closure_calls,warm_run,23,0.0010915
4,tonic,closure_calls,warm_run,24,0.001083333
4,tonic,closure_calls,warm_run,25,0.001094708
4,tonic,closure_calls,warm_run,26,0.001087
4,tonic,closure_calls,warm_run,27,0.001096208
4,tonic,closure_calls,warm_run,28,0.001106
4,tonic,closure_calls,warm_run,29,0.001058333
4,tonic,keyword_calls,compile,0,1.8917e-05
4,tonic,keyword_calls,compile,1,2.4042e-05
4,tonic,keyword_calls,compile,2,2.3875e-05
4,tonic,keyword_calls,compile,3,2.3667e-05
4,tonic,keyword_calls,compile,4,2.3666e-05
4,tonic,keyword_calls,compile,5,2.3667e-05
4,tonic,keyword_calls,compile,6,2.3625e-05
4,tonic,keyword_calls,compile,7,2.3666e-05
4,tonic,keyword_calls,compile,8,2.3416e-05
4,tonic,keyword_calls,compile,9,2.3583e-05
4,tonic,keyword_calls,compile,10,2.3666e-05
4,tonic,keyword_calls,compile,11,2.3583e-05
4,tonic,keyword_calls,compile,12,2.375e-05
4,tonic,keyword_calls,compile,13,2.3375e-05
4,tonic,keyword_calls,compile,14,2.35e-05
4,tonic,keyword_calls,compile,15,2.3791e-05
4,tonic,keyword_calls,compile,16,2.35e-05
4,tonic,keyword_calls,compile,17,2.3666e-05
4,tonic,keyword_calls,compile,18,2.3333e-05
4,tonic,keyword_calls,compile,19,2.3625e-05
4,tonic,keyword_calls,compile,20,2.3583e-05
4,tonic,keyword_calls,compile,21,2.3625e-05
4,tonic,keyword_calls,compile,22,2.3333e-05
4,tonic,keyword_calls,compile,23,2.3625e-05
4,tonic,keyword_calls,compile,24,2.3666e-05
4,tonic,keyword_calls,compile,25,2.375e-05
4,tonic,keyword_calls,compile,26,2.3625e-05
4,tonic,keyword_calls,compile,27,2.3625e-05
4,tonic,keyword_calls,compile,28,2.3625e-05
4,tonic,keyword_calls,compile,29,2.3625e-05
4,tonic,keyword_calls,warm_run,0,0.001390834
4,tonic,keyword_calls,warm_run,1,0.001394416
4,tonic,keyword_calls,warm_run,2,0.001405458
4,tonic,keyword_calls,warm_run,3,0.001399166
4,tonic,keyword_calls,warm_run,4,0.001407
4,tonic,keyword_calls,warm_run,5,0.0013965
4,tonic,keyword_calls,warm_run,6,0.001414375
4,tonic,keyword_calls,warm_run,7,0.001408875
4,tonic,keyword_calls,warm_run,8,0.0014075
4,tonic,keyword_calls,warm_run,9,0.001410166
4,tonic,keyword_calls,warm_run,10,0.001414875
4,tonic,keyword_calls,warm_run,11,0.001408333
4,tonic,keyword_calls,warm_run,12,0.001407458
4,tonic,keyword_calls,warm_run,13,0.001422375
4,tonic,keyword_calls,warm_run,14,0.001373083
4,tonic,keyword_calls,warm_run,15,0.00139175
4,tonic,keyword_calls,warm_run,16,0.001394042
4,tonic,keyword_calls,warm_run,17,0.001397459
4,tonic,keyword_calls,warm_run,18,0.0013905
4,tonic,keyword_calls,warm_run,19,0.00140525
4,tonic,keyword_calls,warm_run,20,0.001408333
4,tonic,keyword_calls,warm_run,21,0.001403917
4,tonic,keyword_calls,warm_run,22,0.001404791
4,tonic,keyword_calls,warm_run,23,0.001387875
4,tonic,keyword_calls,warm_run,24,0.00138725
4,tonic,keyword_calls,warm_run,25,0.001387334
4,tonic,keyword_calls,warm_run,26,0.001387334
4,tonic,keyword_calls,warm_run,27,0.00138525
4,tonic,keyword_calls,warm_run,28,0.0013875
4,tonic,keyword_calls,warm_run,29,0.001386166
4,tonic,dict_lookup,compile,0,1.6292e-05
4,tonic,dict_lookup,compile,1,2.1834e-05
4,tonic,dict_lookup,compile,2,2.1292e-05
4,tonic,dict_lookup,compile,3,2.0916e-05
4,tonic,dict_lookup,compile,4,2.0708e-05
4,tonic,dict_lookup,compile,5,2.0667e-05
4,tonic,dict_lookup,compile,6,2.0667e-05
4,tonic,dict_lookup,compile,7,2.0708e-05
4,tonic,dict_lookup,compile,8,2.0792e-05
4,tonic,dict_lookup,compile,9,2.0459e-05
4,tonic,dict_lookup,compile,10,2.0792e-05
4,tonic,dict_lookup,compile,11,2.0584e-05
4,tonic,dict_lookup,compile,12,2.0542e-05
4,tonic,dict_lookup,compile,13,2.0709e-05
4,tonic,dict_lookup,compile,14,2.0667e-05
4,tonic,dict_lookup,compile,15,2.0417e-05
4,tonic,dict_lookup,compile,16,2.0875e-05
4,tonic,dict_lookup,compile,17,2.0667e-05
4,tonic,dict_lookup,compile,18,2.0542e-05
4,tonic,dict_lookup,compile,19,2.075e-05
4,tonic,dict_lookup,compile,20,2.0625e-05
4,tonic,dict_lookup,compile,21,2.05e-05
4,tonic,dict_lookup,compile,22,2.0625e-05
4,tonic,dict_lookup,compile,23,2.0417e-05
4,tonic,dict_lookup,compile,24,2.0459e-05
4,tonic,dict_lookup,compile,25,2.0208e-05
4,tonic,dict_lookup,compile,26,2.0625e-05
4,tonic,dict_lookup,compile,27,2.0625e-05
4,tonic,dict_lookup,compile,28,2.0625e-05
4,tonic,dict_lookup,compile,29,2.0584e-05
4,tonic,dict_lookup,warm_run,0,0.000955709
4,tonic,dict_lookup,warm_run,1,0.000948709
4,tonic,dict_lookup,warm_run,2,0.000958833
4,tonic,dict_lookup,warm_run,3,0.000959417
4,tonic,dict_lookup,warm_run,4,0.0009565
4,tonic,dict_lookup,warm_run,5,0.000954375
4,tonic,dict_lookup,warm_run,6,0.00095275
4,tonic,dict_lookup,warm_run,7,0.000982708
4,tonic,dict_lookup,warm_run,8,0.001017542
4,tonic,dict_lookup,warm_run,9,0.000985834
4,tonic,dict_lookup,warm_run,10,0.000956167
4,tonic,dict_lookup,warm_run,11,0.000946291
4,tonic,dict_lookup,warm_run,12,0.000982959
4,tonic,dict_lookup,warm_run,13,0.000939458
4,tonic,dict_lookup,warm_run,14,0.000942625
4,tonic,dict_lookup,warm_run,15,0.000941541
4,tonic,dict_lookup,warm_run,16,0.0009345
4,tonic,dict_lookup,warm_run,17,0.000959625
4,tonic,dict_lookup,warm_run,18,0.000939041
4,tonic,dict_lookup,warm_run,19,0.000942792
4,tonic,dict_lookup,warm_run,20,0.0009315
4,tonic,dict_lookup,warm_run,21,0.000938792
4,tonic,dict_lookup,warm_run,22,0.000941291
4,tonic,dict_lookup,warm_run,23,0.000937292
4,tonic,dict_lookup,warm_run,24,0.000945875
4,tonic,dict_lookup,warm_run,25,0.000944541
4,tonic,dict_lookup,warm_run,26,0.000939875
4,tonic,dict_lookup,warm_run,27,0.00094225
4,tonic,dict_lookup,warm_run,28,0.000935125
4,tonic,dict_lookup,warm_run,29,0.000940375
4,tonic,dict_insert,compile,0,1.2041e-05
4,tonic,dict_insert,compile,1,1.5209e-05
4,tonic,dict_insert,compile,2,1.25e-05
4,tonic,dict_insert,compile,3,1.4584e-05
4,tonic,dict_insert,compile,4,1.5166e-05
4,tonic,dict_insert,compile,5,1.275e-05
4,tonic,dict_insert,compile,6,1.5125e-05
4,tonic,dict_insert,compile,7,1.4084e-05
4,tonic,dict_insert,compile,8,1.5166e-05
4,tonic,dict_insert,compile,9,1.5083e-05
4,tonic,dict_insert,compile,10,1.2458e-05
4,tonic,dict_insert,compile,11,1.4958e-05
4,tonic,dict_insert,compile,12,1.425e-05
4,tonic,dict_insert,compile,13,1.5125e-05
4,tonic,dict_insert,compile,14,1.4542e-05
4,tonic,dict_insert,compile,15,1.4959e-05
4,tonic,dict_insert,compile,16,1.4042e-05
4,tonic,dict_insert,compile,17,1.5125e-05
4,tonic,dict_insert,compile,18,1.4959e-05
4,tonic,dict_insert,compile,19,1.2542e-05
4,tonic,dict_insert,compile,20,1.5041e-05
4,tonic,dict_insert,compile,21,1.4084e-05
4,tonic,dict_insert,compile,22,1.4916e-05
4,tonic,dict_insert,compile,23,1.4875e-05
4,tonic,dict_insert,compile,24,1.2584e-05
4,tonic,dict_insert,compile,25,1.5083e-05
4,tonic,dict_insert,compile,26,1.4208e-05
4,tonic,dict_insert,compile,27,1.5e-05
4,tonic,dict_insert,compile,28,1.4833e-05
4,tonic,dict_insert,compile,29,1.2708e-05
4,tonic,dict_insert,warm_run,0,0.001091792
4,tonic,dict_insert,warm_run,1,0.001099584
4,tonic,dict_insert,warm_run,2,0.001095167
4,tonic,dict_insert,warm_run,3,0.0010905
4,tonic,dict_insert,warm_run,4,0.001101208
4,tonic,dict_insert,warm_run,5,0.001087792
4,tonic,dict_insert,warm_run,6,0.001103667
4,tonic,dict_insert,warm_run,7,0.0010945
4,tonic,dict_insert,warm_run,8,0.001105667
4,tonic,dict_insert,warm_run,9,0.001114042
4,tonic,dict_insert,warm_run,10,0.00108975
4,tonic,dict_insert,warm_run,11,0.001100916
4,tonic,dict_insert,warm_run,12,0.001099292
4,tonic,dict_insert,warm_run,13,0.001097875
4,tonic,dict_insert,warm_run,14,0.001102291
4,tonic,dict_insert,warm_run,15,0.001097042
4,tonic,dict_insert,warm_run,16,0.001107292
4,tonic,dict_insert,warm_run,17,0.001091541
4,tonic,dict_insert,warm_run,18,0.001102875
4,tonic,dict_insert,warm_run,19,0.001102125
4,tonic,dict_insert,warm_run,20,0.001081666
4,tonic,dict_insert,warm_run,21,0.00110525
4,tonic,dict_insert,warm_run,22,0.001107875
4,tonic,dict_insert,warm_run,23,0.001103125
4,tonic,dict_insert,warm_run,24,0.001091667
4,tonic,dict_insert,warm_run,25,0.001093041
4,tonic,dict_insert,warm_run,26,0.0010915
4,tonic,dict_insert,warm_run,27,0.001110167
4,tonic,dict_insert,warm_run,28,0.001083792
4,tonic,dict_insert,warm_run,29,0.001101542
4,tonic,attribute_load,compile,0,1.4875e-05
4,tonic,attribute_load,compile,1,1.9416e-05
4,tonic,attribute_load,compile,2,1.9042e-05
4,tonic,attribute_load,compile,3,1.925e-05
4,tonic,attribute_load,compile,4,1.9042e-05
4,tonic,attribute_load,compile,5,1.8958e-05
4,tonic,attribute_load,compile,6,1.9083e-05
4,tonic,attribute_load,compile,7,1.9083e-05
4,tonic,attribute_load,compile,8,1.825e-05
4,tonic,attribute_load,compile,9,1.9e-05
4,tonic,attribute_load,compile,10,1.9e-05
4,tonic,attribute_load,compile,11,1.9041e-05
4,tonic,attribute_load,compile,12,1.8917e-05
4,tonic,attribute_load,compile,13,1.8834e-05
4,tonic,attribute_load,compile,14,1.6666e-05
4,tonic,attribute_load,compile,15,1.9291e-05
4,tonic,attribute_load,compile,16,1.9e-05
4,tonic,attribute_load,compile,17,1.9e-05
4,tonic,attribute_load,compile,18,1.8916e-05
4,tonic,attribute_load,compile,19,1.9e-05
4,tonic,attribute_load,compile,20,1.6959e-05
4,tonic,attribute_load,compile,21,1.8958e-05
4,tonic,attribute_load,compile,22,1.9042e-05
4,tonic,attribute_load,compile,23,1.9167e-05
4,tonic,attribute_load,compile,24,1.8875e-05
4,tonic,attribute_load,compile,25,1.8875e-05
4,tonic,attribute_load,compile,26,1.6833e-05
4,tonic,attribute_load,compile,27,1.9e-05
4,tonic,attribute_load,compile,28,1.8833e-05
4,tonic,attribute_load,compile,29,1.9e-05
4,tonic,attribute_load,warm_run,0,0.000863167
4,tonic,attribute_load,warm_run,1,0.000896042
4,tonic,attribute_load,warm_run,2,0.000893292
4,tonic,attribute_load,warm_run,3,0.000873834
4,tonic,attribute_load,warm_run,4,0.000896125
4,tonic,attribute_load,warm_run,5,0.000866
4,tonic,attribute_load,warm_run,6,0.000892083
4,tonic,attribute_load,warm_run,7,0.0008935
4,tonic,attribute_load,warm_run,8,0.000878459
4,tonic,attribute_load,warm_run,9,0.000870583
4,tonic,attribute_load,warm_run,10,0.000890125
4,tonic,attribute_load,warm_run,11,0.000896041
4,tonic,attribute_load,warm_run,12,0.000862458
4,tonic,attribute_load,warm_run,13,0.000896334
4,tonic,attribute_load,warm_run,14,0.000866583
4,tonic,attribute_load,warm_run,15,0.000892417
4,tonic,attribute_load,warm_run,16,0.000892666
4,tonic,attribute_load,warm_run,17,0.000860458
4,tonic,attribute_load,warm_run,18,0.000891542
4,tonic,attribute_load,warm_run,19,0.000869917
4,tonic,attribute_load,warm_run,20,0.00089275
4,tonic,attribute_load,warm_run,21,0.000868333
4,tonic,attribute_load,warm_run,22,0.00089375
4,tonic,attribute_load,warm_run,23,0.000866375
4,tonic,attribute_load,warm_run,24,0.000895666
4,tonic,attribute_load,warm_run,25,0.000888167
4,tonic,attribute_load,warm_run,26,0.000868959
4,tonic,attribute_load,warm_run,27,0.000901542
4,tonic,attribute_load,warm_run,28,0.000865834
4,tonic,attribute_load,warm_run,29,0.000886917
4,tonic,bound_method_calls,compile,0,1.7875e-05
4,tonic,bound_method_calls,compile,1,2.2791e-05
4,tonic,bound_method_calls,compile,2,2.25e-05
4,tonic,bound_method_calls,compile,3,2.2583e-05
4,tonic,bound_method_calls,compile,4,2.2417e-05
4,tonic,bound_method_calls,compile,5,2.2542e-05
4,tonic,bound_method_calls,compile,6,2.25e-05
4,tonic,bound_method_calls,compile,7,2.25e-05
4,tonic,bound_method_calls,compile,8,2.2333e-05
4,tonic,bound_method_calls,compile,9,2.2416e-05
4,tonic,bound_method_calls,compile,10,2.2458e-05
4,tonic,bound_method_calls,compile,11,2.225e-05
4,tonic,bound_method_calls,compile,12,2.2583e-05
4,tonic,bound_method_calls,compile,13,2.225e-05
4,tonic,bound_method_calls,compile,14,2.2292e-05
4,tonic,bound_method_calls,compile,15,2.2416e-05
4,tonic,bound_method_calls,compile,16,2.2416e-05
4,tonic,bound_method_calls,compile,17,2.25e-05
4,tonic,bound_method_calls,compile,18,2.25e-05
4,tonic,bound_method_calls,compile,19,2.225e-05
4,tonic,bound_method_calls,compile,20,2.2375e-05
4,tonic,bound_method_calls,compile,21,2.2458e-05
4,tonic,bound_method_calls,compile,22,2.2417e-05
4,tonic,bound_method_calls,compile,23,2.2041e-05
4,tonic,bound_method_calls,compile,24,2.2416e-05
4,tonic,bound_method_calls,compile,25,2.2458e-05
4,tonic,bound_method_calls,compile,26,2.25e-05
4,tonic,bound_method_calls,compile,27,2.2541e-05
4,tonic,bound_method_calls,compile,28,2.225e-05
4,tonic,bound_method_calls,compile,29,2.2333e-05
4,tonic,bound_method_calls,warm_run,0,0.001790542
4,tonic,bound_method_calls,warm_run,1,0.001771583
4,tonic,bound_method_calls,warm_run,2,0.001796083
4,tonic,bound_method_calls,warm_run,3,0.001775041
4,tonic,bound_method_calls,warm_run,4,0.001785084
4,tonic,bound_method_calls,warm_run,5,0.001821375
4,tonic,bound_method_calls,warm_run,6,0.001791292
4,tonic,bound_method_calls,warm_run,7,0.001774625
4,tonic,bound_method_calls,warm_run,8,0.001765167
4,tonic,bound_method_calls,warm_run,9,0.001780875
4,tonic,bound_method_calls,warm_run,10,0.001783375
4,tonic,bound_method_calls,warm_run,11,0.001779458
4,tonic,bound_method_calls,warm_run,12,0.001760916
4,tonic,bound_method_calls,warm_run,13,0.001777083
4,tonic,bound_method_calls,warm_run,14,0.001786375
4,tonic,bound_method_calls,warm_run,15,0.001774334
4,tonic,bound_method_calls,warm_run,16,0.001774708
4,tonic,bound_method_calls,warm_run,17,0.001763833
4,tonic,bound_method_calls,warm_run,18,0.001792166
4,tonic,bound_method_calls,warm_run,19,0.001771625
4,tonic,bound_method_calls,warm_run,20,0.001793666
4,tonic,bound_method_calls,warm_run,21,0.001791375
4,tonic,bound_method_calls,warm_run,22,0.001772875
4,tonic,bound_method_calls,warm_run,23,0.001798375
4,tonic,bound_method_calls,warm_run,24,0.001804542
4,tonic,bound_method_calls,warm_run,25,0.001758666
4,tonic,bound_method_calls,warm_run,26,0.001763084
4,tonic,bound_method_calls,warm_run,27,0.001800958
4,tonic,bound_method_calls,warm_run,28,0.001759625
4,tonic,bound_method_calls,warm_run,29,0.001785834
4,tonic,descriptor_load,compile,0,2.2458e-05
4,tonic,descriptor_load,compile,1,2.8458e-05
4,tonic,descriptor_load,compile,2,2.7959e-05
4,tonic,descriptor_load,compile,3,2.7583e-05
4,tonic,descriptor_load,compile,4,2.7084e-05
4,tonic,descriptor_load,compile,5,2.7292e-05
4,tonic,descriptor_load,compile,6,2.7291e-05
4,tonic,descriptor_load,compile,7,2.7125e-05
4,tonic,descriptor_load,compile,8,2.6958e-05
4,tonic,descriptor_load,compile,9,2.6917e-05
4,tonic,descriptor_load,compile,10,2.7333e-05
4,tonic,descriptor_load,compile,11,2.7166e-05
4,tonic,descriptor_load,compile,12,2.7125e-05
4,tonic,descriptor_load,compile,13,2.7041e-05
4,tonic,descriptor_load,compile,14,2.7e-05
4,tonic,descriptor_load,compile,15,2.6917e-05
4,tonic,descriptor_load,compile,16,2.7042e-05
4,tonic,descriptor_load,compile,17,2.6958e-05
4,tonic,descriptor_load,compile,18,2.7042e-05
4,tonic,descriptor_load,compile,19,2.6916e-05
4,tonic,descriptor_load,compile,20,2.7042e-05
4,tonic,descriptor_load,compile,21,2.7417e-05
4,tonic,descriptor_load,compile,22,2.6917e-05
4,tonic,descriptor_load,compile,23,2.6958e-05
4,tonic,descriptor_load,compile,24,2.7042e-05
4,tonic,descriptor_load,compile,25,2.7042e-05
4,tonic,descriptor_load,compile,26,2.7167e-05
4,tonic,descriptor_load,compile,27,2.7209e-05
4,tonic,descriptor_load,compile,28,2.6959e-05
4,tonic,descriptor_load,compile,29,2.6792e-05
4,tonic,descriptor_load,warm_run,0,0.002148416
4,tonic,descriptor_load,warm_run,1,0.002160459
4,tonic,descriptor_load,warm_run,2,0.002152625
4,tonic,descriptor_load,warm_run,3,0.002151459
4,tonic,descriptor_load,warm_run,4,0.002167458
4,tonic,descriptor_load,warm_run,5,0.002146125
4,tonic,descriptor_load,warm_run,6,0.002196167
4,tonic,descriptor_load,warm_run,7,0.002193875
4,tonic,descriptor_load,warm_run,8,0.002204417
4,tonic,descriptor_load,warm_run,9,0.002192583
4,tonic,descriptor_load,warm_run,10,0.002198458
4,tonic,descriptor_load,warm_run,11,0.002195416
4,tonic,descriptor_load,warm_run,12,0.002199834
4,tonic,descriptor_load,warm_run,13,0.002203833
4,tonic,descriptor_load,warm_run,14,0.002189666
4,tonic,descriptor_load,warm_run,15,0.002187708
4,tonic,descriptor_load,warm_run,16,0.002209375
4,tonic,descriptor_load,warm_run,17,0.002170583
4,tonic,descriptor_load,warm_run,18,0.00217175
4,tonic,descriptor_load,warm_run,19,0.002176292
4,tonic,descriptor_load,warm_run,20,0.002172416
4,tonic,descriptor_load,warm_run,21,0.002167083
4,tonic,descriptor_load,warm_run,22,0.002172625
4,tonic,descriptor_load,warm_run,23,0.002177959
4,tonic,descriptor_load,warm_run,24,0.002165834
4,tonic,descriptor_load,warm_run,25,0.002169375
4,tonic,descriptor_load,warm_run,26,0.002175625
4,tonic,descriptor_load,warm_run,27,0.002171292
4,tonic,descriptor_load,warm_run,28,0.0021645
4,tonic,descriptor_load,warm_run,29,0.002168792
4,tonic,super_calls,compile,0,2.5292e-05
4,tonic,super_calls,compile,1,3.05e-05
4,tonic,super_calls,compile,2,3.0208e-05
4,tonic,super_calls,compile,3,3.0458e-05
4,tonic,super_calls,compile,4,3.025e-05
4,tonic,super_calls,compile,5,3.0208e-05
4,tonic,super_calls,compile,6,3.0042e-05
4,tonic,super_calls,compile,7,3.025e-05
4,tonic,super_calls,compile,8,3.0083e-05
4,tonic,super_calls,compile,9,3.0125e-05
4,tonic,super_calls,compile,10,3.0292e-05
4,tonic,super_calls,compile,11,3.0208e-05
4,tonic,super_calls,compile,12,3.025e-05
4,tonic,super_calls,compile,13,3.05e-05
4,tonic,super_calls,compile,14,3.0292e-05
4,tonic,super_calls,compile,15,3.0208e-05
4,tonic,super_calls,compile,16,3.0083e-05
4,tonic,super_calls,compile,17,3.0291e-05
4,tonic,super_calls,compile,18,3.0041e-05
4,tonic,super_calls,compile,19,3.0292e-05
4,tonic,super_calls,compile,20,2.9917e-05
4,tonic,super_calls,compile,21,3.0125e-05
4,tonic,super_calls,compile,22,3e-05
4,tonic,super_calls,compile,23,2.9834e-05
4,tonic,super_calls,compile,24,2.9875e-05
4,tonic,super_calls,compile,25,3.0125e-05
4,tonic,super_calls,compile,26,2.9958e-05
4,tonic,super_calls,compile,27,3.0209e-05
4,tonic,super_calls,compile,28,3.0167e-05
4,tonic,super_calls,compile,29,3.1833e-05
4,tonic,super_calls,warm_run,0,0.00353475
4,tonic,super_calls,warm_run,1,0.003621125
4,tonic,super_calls,warm_run,2,0.003613167
4,tonic,super_calls,warm_run,3,0.003437291
4,tonic,super_calls,warm_run,4,0.003458583
4,tonic,super_calls,warm_run,5,0.003554958
4,tonic,super_calls,warm_run,6,0.003501125
4,tonic,super_calls,warm_run,7,0.003490625
4,tonic,super_calls,warm_run,8,0.003554416
4,tonic,super_calls,warm_run,9,0.00358675
4,tonic,super_calls,warm_run,10,0.003570459
4,tonic,super_calls,warm_run,11,0.003514792
4,tonic,super_calls,warm_run,12,0.0034685
4,tonic,super_calls,warm_run,13,0.003536292
4,tonic,super_calls,warm_run,14,0.00353875
4,tonic,super_calls,warm_run,15,0.003405
4,tonic,super_calls,warm_run,16,0.003764167
4,tonic,super_calls,warm_run,17,0.0035665
4,tonic,super_calls,warm_run,18,0.003580792
4,tonic,super_calls,warm_run,19,0.003530667
4,tonic,super_calls,warm_run,20,0.003544667
4,tonic,super_calls,warm_run,21,0.003587709
4,tonic,super_calls,warm_run,22,0.003519917
4,tonic,super_calls,warm_run,23,0.003612667
4,tonic,super_calls,warm_run,24,0.003453667
4,tonic,super_calls,warm_run,25,0.003642417
4,tonic,super_calls,warm_run,26,0.003592458
4,tonic,super_calls,warm_run,27,0.003532541
4,tonic,super_calls,warm_run,28,0.003587792
4,tonic,super_calls,warm_run,29,0.003671834
4,cpython,attribute_load,compile,0,1.908399281091988e-05
4,cpython,attribute_load,compile,1,1.983300899155438e-05
4,cpython,attribute_load,compile,2,1.9333005184307694e-05
4,cpython,attribute_load,compile,3,1.908399281091988e-05
4,cpython,attribute_load,compile,4,1.895800232887268e-05
4,cpython,attribute_load,compile,5,1.895800232887268e-05
4,cpython,attribute_load,compile,6,1.8874998204410076e-05
4,cpython,attribute_load,compile,7,1.8999999156221747e-05
4,cpython,attribute_load,compile,8,1.8999999156221747e-05
4,cpython,attribute_load,compile,9,1.8749997252598405e-05
4,cpython,attribute_load,compile,10,1.8916995031759143e-05
4,cpython,attribute_load,compile,11,1.895800232887268e-05
4,cpython,attribute_load,compile,12,1.8791004549711943e-05
4,cpython,attribute_load,compile,13,1.8749997252598405e-05
4,cpython,attribute_load,compile,14,1.879199407994747e-05
4,cpython,attribute_load,compile,15,1.733301905915141e-05
4,cpython,attribute_load,compile,16,1.6915990272536874e-05
4,cpython,attribute_load,compile,17,1.6958016203716397e-05
4,cpython,attribute_load,compile,18,1.8291000742465258e-05
4,cpython,attribute_load,compile,19,1.8624996300786734e-05
4,cpython,attribute_load,compile,20,1.866600359790027e-05
4,cpython,attribute_load,compile,21,1.8874998204410076e-05
4,cpython,attribute_load,compile,22,1.8708000425249338e-05
4,cpython,attribute_load,compile,23,1.8582999473437667e-05
4,cpython,attribute_load,compile,24,1.8709019059315324e-05
4,cpython,attribute_load,compile,25,1.862502540461719e-05
4,cpython,attribute_load,compile,26,1.879199407994747e-05
4,cpython,attribute_load,compile,27,1.8583989003673196e-05
4,cpython,attribute_load,compile,28,1.8583989003673196e-05
4,cpython,attribute_load,compile,29,1.8582999473437667e-05
4,cpython,attribute_load,warm_run,0,0.0005344590172171593
4,cpython,attribute_load,warm_run,1,0.0005326670070644468
4,cpython,attribute_load,warm_run,2,0.0005321250064298511
4,cpython,attribute_load,warm_run,3,0.0005322090000845492
4,cpython,attribute_load,warm_run,4,0.0005325830134097487
4,cpython,attribute_load,warm_run,5,0.0005647919897455722
4,cpython,attribute_load,warm_run,6,0.0005643339827656746
4,cpython,attribute_load,warm_run,7,0.0005792500160168856
4,cpython,attribute_load,warm_run,8,0.0005304160004016012
4,cpython,attribute_load,warm_run,9,0.0005526669847313315
4,cpython,attribute_load,warm_run,10,0.0005480829859152436
4,cpython,attribute_load,warm_run,11,0.000551999983144924
4,cpython,attribute_load,warm_run,12,0.0005378750211093575
4,cpython,attribute_load,warm_run,13,0.0005334159941412508
4,cpython,attribute_load,warm_run,14,0.0005383749958127737
4,cpython,attribute_load,warm_run,15,0.0005352500011213124
4,cpython,attribute_load,warm_run,16,0.0005366669793147594
4,cpython,attribute_load,warm_run,17,0.0005329170089680701
4,cpython,attribute_load,warm_run,18,0.000539334025233984
4,cpython,attribute_load,warm_run,19,0.0005396670021582395
4,cpython,attribute_load,warm_run,20,0.0005372909945435822
4,cpython,attribute_load,warm_run,21,0.0005327920080162585
4,cpython,attribute_load,warm_run,22,0.0005390000005718321
4,cpython,attribute_load,warm_run,23,0.0005329169798642397
4,cpython,attribute_load,warm_run,24,0.0005492079944815487
4,cpython,attribute_load,warm_run,25,0.0005362499796319753
4,cpython,attribute_load,warm_run,26,0.0005460829997900873
4,cpython,attribute_load,warm_run,27,0.0005358339985832572
4,cpython,attribute_load,warm_run,28,0.0005379579961299896
4,cpython,attribute_load,warm_run,29,0.0005394170002546161
4,cpython,bound_method_calls,compile,0,2.549999044276774e-05
4,cpython,bound_method_calls,compile,1,2.5416986318305135e-05
4,cpython,bound_method_calls,compile,2,2.5374989490956068e-05
4,cpython,bound_method_calls,compile,3,2.500001573935151e-05
4,cpython,bound_method_calls,compile,4,2.4999986635521054e-05
4,cpython,bound_method_calls,compile,5,2.5125016691163182e-05
4,cpython,bound_method_calls,compile,6,2.5042012566700578e-05
4,cpython,bound_method_calls,compile,7,2.4874985683709383e-05
4,cpython,bound_method_calls,compile,8,2.4707987904548645e-05
4,cpython,bound_method_calls,compile,9,2.475001383572817e-05
4,cpython,bound_method_calls,compile,10,2.479198155924678e-05
4,cpython,bound_method_calls,compile,11,2.4500011932104826e-05
4,cpython,bound_method_calls,compile,12,2.4665991077199578e-05
4,cpython,bound_method_calls,compile,13,2.4917011614888906e-05
4,cpython,bound_method_calls,compile,14,2.4749984731897712e-05
4,cpython,bound_method_calls,compile,15,2.4625012883916497e-05
4,cpython,bound_method_calls,compile,16,2.4832988856360316e-05
4,cpython,bound_method_calls,compile,17,2.4792010663077235e-05
4,cpython,bound_method_calls,compile,18,2.491698251105845e-05
4,cpython,bound_method_calls,compile,19,2.458301605656743e-05
4,cpython,bound_method_calls,compile,20,2.4666980607435107e-05
4,cpython,bound_method_calls,compile,21,2.5582994567230344e-05
4,cpython,bound_method_calls,compile,22,2.4833978386595845e-05
4,cpython,bound_method_calls,compile,23,2.4792010663077235e-05
4,cpython,bound_method_calls,compile,24,2.54589831456542e-05
4,cpython,bound_method_calls,compile,25,2.5042012566700578e-05
4,cpython,bound_method_calls,compile,26,2.6833004085347056e-05
4,cpython,bound_method_calls,compile,27,2.4958018912002444e-05
4,cpython,bound_method_calls,compile,28,2.487501478753984e-05
4,cpython,bound_method_calls,compile,29,2.4625012883916497e-05
4,cpython,bound_method_calls,warm_run,0,0.0006864170136395842
4,cpython,bound_method_calls,warm_run,1,0.0007096659974195063
4,cpython,bound_method_calls,warm_run,2,0.0007099170179571956
4,cpython,bound_method_calls,warm_run,3,0.0007064169913064688
4,cpython,bound_method_calls,warm_run,4,0.0007102910021785647
4,cpython,bound_method_calls,warm_run,5,0.000758624984882772
4,cpython,bound_method_calls,warm_run,6,0.001992083009099588
4,cpython,bound_method_calls,warm_run,7,0.0007046669779811054
4,cpython,bound_method_calls,warm_run,8,0.0007015830196905881
4,cpython,bound_method_calls,warm_run,9,0.0007052079890854657
4,cpython,bound_method_calls,warm_run,10,0.0006792079948354512
4,cpython,bound_method_calls,warm_run,11,0.00070616599987261
4,cpython,bound_method_calls,warm_run,12,0.0006895000115036964
4,cpython,bound_method_calls,warm_run,13,0.0007129579898901284
4,cpython,bound_method_calls,warm_run,14,0.0006972500123083591
4,cpython,bound_method_calls,warm_run,15,0.000707624974893406
4,cpython,bound_method_calls,warm_run,16,0.0006895840051583946
4,cpython,bound_method_calls,warm_run,17,0.0007009999826550484
4,cpython,bound_method_calls,warm_run,18,0.0006955829740036279
4,cpython,bound_method_calls,warm_run,19,0.0007055830210447311
4,cpython,bound_method_calls,warm_run,20,0.0006827500183135271
4,cpython,bound_method_calls,warm_run,21,0.000683374993968755
4,cpython,bound_method_calls,warm_run,22,0.0006887500057928264
4,cpython,bound_method_calls,warm_run,23,0.0007044169760774821
4,cpython,bound_method_calls,warm_run,24,0.0006839580019004643
4,cpython,bound_method_calls,warm_run,25,0.0006829159974586219
4,cpython,bound_method_calls,warm_run,26,0.0006932080141268671
4,cpython,bound_method_calls,warm_run,27,0.0006932079850230366
4,cpython,bound_method_calls,warm_run,28,0.0006900000153109431
4,cpython,bound_method_calls,warm_run,29,0.0006892500096000731
4,cpython,closure_calls,compile,0,2.62079993262887e-05
4,cpython,closure_calls,compile,1,2.6125024305656552e-05
4,cpython,closure_calls,compile,2,2.912498894147575e-05
4,cpython,closure_calls,compile,3,2.608299837447703e-05
4,cpython,closure_calls,compile,4,2.6124995201826096e-05
4,cpython,closure_calls,compile,5,2.90420139208436e-05
4,cpython,closure_calls,compile,6,2.5749992346391082e-05
4,cpython,closure_calls,compile,7,2.579099964350462e-05
4,cpython,closure_calls,compile,8,2.5749992346391082e-05
4,cpython,closure_calls,compile,9,2.566599869169295e-05
4,cpython,closure_calls,compile,10,2.562499139457941e-05
4,cpython,closure_calls,compile,11,2.579198917374015e-05
4,cpython,closure_calls,compile,12,2.8999987989664078e-05
4,cpython,closure_calls,compile,13,2.8332986403256655e-05
4,cpython,closure_calls,compile,14,3.0499999411404133e-05
4,cpython,closure_calls,compile,15,2.558401320129633e-05
4,cpython,closure_calls,compile,16,2.541701542213559e-05
4,cpython,closure_calls,compile,17,2.549999044276774e-05
4,cpython,closure_calls,compile,18,2.5540997739881277e-05
4,cpython,closure_calls,compile,19,2.545802271924913e-05
4,cpython,closure_calls,compile,20,2.5457993615418673e-05
4,cpython,closure_calls,compile,21,2.5374989490956068e-05
4,cpython,closure_calls,compile,22,2.5333021767437458e-05
4,cpython,closure_calls,compile,23,2.5541987270116806e-05
4,cpython,closure_calls,compile,24,2.5666988221928477e-05
4,cpython,closure_calls,compile,25,2.5707995519042015e-05
4,cpython,closure_calls,compile,26,2.5666988221928477e-05
4,cpython,closure_calls,compile,27,2.5374989490956068e-05
4,cpython,closure_calls,compile,28,2.5540997739881277e-05
4,cpython,closure_calls,compile,29,2.541701542213559e-05
4,cpython,closure_calls,warm_run,0,0.0005863749829586595
4,cpython,closure_calls,warm_run,1,0.0005897500086575747
4,cpython,closure_calls,warm_run,2,0.0005948329926468432
4,cpython,closure_calls,warm_run,3,0.0005832090100739151
4,cpython,closure_calls,warm_run,4,0.0006010000070091337
4,cpython,closure_calls,warm_run,5,0.0005985829920973629
4,cpython,closure_calls,warm_run,6,0.0006026250193826854
4,cpython,closure_calls,warm_run,7,0.0006052090029697865
4,cpython,closure_calls,warm_run,8,0.0006345419969875365
4,cpython,closure_calls,warm_run,9,0.000574042001971975
4,cpython,closure_calls,warm_run,10,0.0005901669792365283
4,cpython,closure_calls,warm_run,11,0.0005559170094784349
4,cpython,closure_calls,warm_run,12,0.0005544159794226289
4,cpython,closure_calls,warm_run,13,0.00057516701053828
4,cpython,closure_calls,warm_run,14,0.0005706250085495412
4,cpython,closure_calls,warm_run,15,0.0005760419880971313
4,cpython,closure_calls,warm_run,16,0.0005948329926468432
4,cpython,closure_calls,warm_run,17,0.0005888330051675439
4,cpython,closure_calls,warm_run,18,0.0005725829978473485
4,cpython,closure_calls,warm_run,19,0.0005952499923296273
4,cpython,closure_calls,warm_run,20,0.0005998330016154796
4,cpython,closure_calls,warm_run,21,0.0005848330038134009
4,cpython,closure_calls,warm_run,22,0.0005818750069011003
4,cpython,closure_calls,warm_run,23,0.0005844999977853149
4,cpython,closure_calls,warm_run,24,0.0005850830057170242
4,cpython,closure_calls,warm_run,25,0.0005671249818988144
4,cpython,closure_calls,warm_run,26,0.0005757920152973384
4,cpython,closure_calls,warm_run,27,0.0005660000024363399
4,cpython,closure_calls,warm_run,28,0.0005915840156376362
4,cpython,closure_calls,warm_run,29,0.0005801660008728504
4,cpython,descriptor_load,compile,0,3.2750016544014215e-05
4,cpython,descriptor_load,compile,1,3.241698141209781e-05
4,cpython,descriptor_load,compile,2,3.23750136885792e-05
4,cpython,descriptor_load,compile,3,3.270799061283469e-05
4,cpython,descriptor_load,compile,4,3.250001464039087e-05
4,cpython,descriptor_load,compile,5,3.229198046028614e-05
4,cpython,descriptor_load,compile,6,3.241602098569274e-05
4,cpython,descriptor_load,compile,7,3.233298775739968e-05
4,cpython,descriptor_load,compile,8,3.300001844763756e-05
4,cpython,descriptor_load,compile,9,3.270799061283469e-05
4,cpython,descriptor_load,compile,10,3.2459007343277335e-05
4,cpython,descriptor_load,compile,11,3.2249983632937074e-05
4,cpython,descriptor_load,compile,12,3.212501178495586e-05
4,cpython,descriptor_load,compile,13,3.287498839199543e-05
4,cpython,descriptor_load,compile,14,3.23750136885792e-05
4,cpython,descriptor_load,compile,15,3.2167008612304926e-05
4,cpython,descriptor_load,compile,16,3.258301876485348e-05
4,cpython,descriptor_load,compile,17,3.225001273676753e-05
4,cpython,descriptor_load,compile,18,3.254201146773994e-05
4,cpython,descriptor_load,compile,19,3.241701051592827e-05
4,cpython,descriptor_load,compile,20,3.23750136885792e-05
4,cpython,descriptor_load,compile,21,3.2249983632937074e-05
4,cpython,descriptor_load,compile,22,3.250001464039087e-05
4,cpython,descriptor_load,compile,23,3.225001273676753e-05
4,cpython,descriptor_load,compile,24,3.2333016861230135e-05
4,cpython,descriptor_load,compile,25,3.2167008612304926e-05
4,cpython,descriptor_load,compile,26,3.233298775739968e-05
4,cpython,descriptor_load,compile,27,3.225001273676753e-05
4,cpython,descriptor_load,compile,28,3.229099093005061e-05
4,cpython,descriptor_load,compile,29,3.208301495760679e-05
4,cpython,descriptor_load,warm_run,0,0.0007930830179248005
4,cpython,descriptor_load,warm_run,1,0.0008015000203158706
4,cpython,descriptor_load,warm_run,2,0.0007913329754956067
4,cpython,descriptor_load,warm_run,3,0.0007993750041350722
4,cpython,descriptor_load,warm_run,4,0.0007842500053811818
4,cpython,descriptor_load,warm_run,5,0.0008062499982770532
4,cpython,descriptor_load,warm_run,6,0.0008080420084297657
4,cpython,descriptor_load,warm_run,7,0.0008110829803626984
4,cpython,descriptor_load,warm_run,8,0.0007781250169500709
4,cpython,descriptor_load,warm_run,9,0.0008130409987643361
4,cpython,descriptor_load,warm_run,10,0.000785457988968119
4,cpython,descriptor_load,warm_run,11,0.0007949580030981451
4,cpython,descriptor_load,warm_run,12,0.0008275000145658851
4,cpython,descriptor_load,warm_run,13,0.0008078340033534914
4,cpython,descriptor_load,warm_run,14,0.0007997920038178563
4,cpython,descriptor_load,warm_run,15,0.0007858749886509031
4,cpython,descriptor_load,warm_run,16,0.0007845830114092678
4,cpython,descriptor_load,warm_run,17,0.0008147080079652369
4,cpython,descriptor_load,warm_run,18,0.0008487080049235374
4,cpython,descriptor_load,warm_run,19,0.0007960000075399876
4,cpython,descriptor_load,warm_run,20,0.0007916660106275231
4,cpython,descriptor_load,warm_run,21,0.0007883749785833061
4,cpython,descriptor_load,warm_run,22,0.0007978750218171626
4,cpython,descriptor_load,warm_run,23,0.0007877500029280782
4,cpython,descriptor_load,warm_run,24,0.0008095000230241567
4,cpython,descriptor_load,warm_run,25,0.0008099170227069408
4,cpython,descriptor_load,warm_run,26,0.0008334580052178353
4,cpython,descriptor_load,warm_run,27,0.0008023330010473728
4,cpython,descriptor_load,warm_run,28,0.0008309580152854323
4,cpython,descriptor_load,warm_run,29,0.0007927919796202332
4,cpython,dict_insert,compile,0,1.4291988918557763e-05
4,cpython,dict_insert,compile,1,1.4041026588529348e-05
4,cpython,dict_insert,compile,2,1.4208984794095159e-05
4,cpython,dict_insert,compile,3,1.3999990187585354e-05
4,cpython,dict_insert,compile,4,1.3999990187585354e-05
4,cpython,dict_insert,compile,5,1.3957993360236287e-05
4,cpython,dict_insert,compile,6,1.391599653288722e-05
4,cpython,dict_insert,compile,7,1.3958022464066744e-05
4,cpython,dict_insert,compile,8,1.391599653288722e-05
4,cpython,dict_insert,compile,9,1.3999990187585354e-05
4,cpython,dict_insert,compile,10,1.4125020243227482e-05
4,cpython,dict_insert,compile,11,1.3749988283962011e-05
4,cpython,dict_insert,compile,12,1.404198701493442e-05
4,cpython,dict_insert,compile,13,1.5249999705702066e-05
4,cpython,dict_insert,compile,14,1.4541990822181106e-05
4,cpython,dict_insert,compile,15,1.4209013897925615e-05
4,cpython,dict_insert,compile,16,1.4040997484698892e-05
4,cpython,dict_insert,compile,17,1.3999990187585354e-05
4,cpython,dict_insert,compile,18,1.3959011994302273e-05
4,cpython,dict_insert,compile,19,1.3874989235773683e-05
4,cpython,dict_insert,compile,20,1.3833981938660145e-05
4,cpython,dict_insert,compile,21,1.3917015166953206e-05
4,cpython,dict_insert,compile,22,1.3832992408424616e-05
4,cpython,dict_insert,compile,23,1.4040997484698892e-05
4,cpython,dict_insert,compile,24,1.4040997484698892e-05
4,cpython,dict_insert,compile,25,1.3749988283962011e-05
4,cpython,dict_insert,compile,26,1.3999990187585354e-05
4,cpython,dict_insert,compile,27,1.387501833960414e-05
4,cpython,dict_insert,compile,28,1.3958982890471816e-05
4,cpython,dict_insert,compile,29,1.3874989235773683e-05
4,cpython,dict_insert,warm_run,0,0.0005357079789973795
4,cpython,dict_insert,warm_run,1,0.0005335409950930625
4,cpython,dict_insert,warm_run,2,0.0005360420036595315
4,cpython,dict_insert,warm_run,3,0.0005423749971669167
4,cpython,dict_insert,warm_run,4,0.0005655419954564422
4,cpython,dict_insert,warm_run,5,0.0005525000160560012
4,cpython,dict_insert,warm_run,6,0.0005494169890880585
4,cpython,dict_insert,warm_run,7,0.0005217500147409737
4,cpython,dict_insert,warm_run,8,0.000525208015460521
4,cpython,dict_insert,warm_run,9,0.0005216670106165111
4,cpython,dict_insert,warm_run,10,0.0005334169836714864
4,cpython,dict_insert,warm_run,11,0.000538624997716397
4,cpython,dict_insert,warm_run,12,0.0005322500073816627
4,cpython,dict_insert,warm_run,13,0.0005382920207921416
4,cpython,dict_insert,warm_run,14,0.0005520409904420376
4,cpython,dict_insert,warm_run,15,0.0005274589930195361
4,cpython,dict_insert,warm_run,16,0.0005394159816205502
4,cpython,dict_insert,warm_run,17,0.0005521669809240848
4,cpython,dict_insert,warm_run,18,0.0005235830030869693
4,cpython,dict_insert,warm_run,19,0.0005232080002315342
4,cpython,dict_insert,warm_run,20,0.0005560829886235297
4,cpython,dict_insert,warm_run,21,0.0005316659808158875
4,cpython,dict_insert,warm_run,22,0.0005403329851105809
4,cpython,dict_insert,warm_run,23,0.0005362920055631548
4,cpython,dict_insert,warm_run,24,0.0005428750009741634
4,cpython,dict_insert,warm_run,25,0.0005357079789973795
4,cpython,dict_insert,warm_run,26,0.0005336249887477607
4,cpython,dict_insert,warm_run,27,0.0005419999943114817
4,cpython,dict_insert,warm_run,28,0.0005323750083334744
4,cpython,dict_insert,warm_run,29,0.0005336669855751097
4,cpython,dict_lookup,compile,0,1.754099503159523e-05
4,cpython,dict_lookup,compile,1,1.7250014934688807e-05
4,cpython,dict_lookup,compile,2,1.7165992176160216e-05
4,cpython,dict_lookup,compile,3,1.7292011762037873e-05
4,cpython,dict_lookup,compile,4,1.7291982658207417e-05
4,cpython,dict_lookup,compile,5,1.733400858938694e-05
4,cpython,dict_lookup,compile,6,1.7332989955320954e-05
4,cpython,dict_lookup,compile,7,1.7082988051697612e-05
4,cpython,dict_lookup,compile,8,1.7165992176160216e-05
4,cpython,dict_lookup,compile,9,1.7082988051697612e-05
4,cpython,dict_lookup,compile,10,1.7290993127971888e-05
4,cpython,dict_lookup,compile,11,1.7167010810226202e-05
4,cpython,dict_lookup,compile,12,1.7250014934688807e-05
4,cpython,dict_lookup,compile,13,1.7000013031065464e-05
4,cpython,dict_lookup,compile,14,1.7125013982877135e-05
4,cpython,dict_lookup,compile,15,1.712498487904668e-05
4,cpython,dict_lookup,compile,16,1.7165992176160216e-05
4,cpython,dict_lookup,compile,17,1.7082988051697612e-05
4,cpython,dict_lookup,compile,18,1.7167010810226202e-05
4,cpython,dict_lookup,compile,19,1.712498487904668e-05
4,cpython,dict_lookup,compile,20,1.724998583085835e-05
4,cpython,dict_lookup,compile,21,1.6915990272536874e-05
4,cpython,dict_lookup,compile,22,1.704200985841453e-05
4,cpython,dict_lookup,compile,23,1.6959005733951926e-05
4,cpython,dict_lookup,compile,24,1.704200985841453e-05
4,cpython,dict_lookup,compile,25,1.7000013031065464e-05
4,cpython,dict_lookup,compile,26,1.7125013982877135e-05
4,cpython,dict_lookup,compile,27,1.7082988051697612e-05
4,cpython,dict_lookup,compile,28,1.7082988051697612e-05
4,cpython,dict_lookup,compile,29,1.7084006685763597e-05
4,cpython,dict_lookup,warm_run,0,0.0005467079754453152
4,cpython,dict_lookup,warm_run,1,0.000529208016814664
4,cpython,dict_lookup,warm_run,2,0.0005279159813653678
4,cpython,dict_lookup,warm_run,3,0.0005305829981807619
4,cpython,dict_lookup,warm_run,4,0.0005259999888949096
4,cpython,dict_lookup,warm_run,5,0.0005297079915180802
4,cpython,dict_lookup,warm_run,6,0.0005314160080160946
4,cpython,dict_lookup,warm_run,7,0.0005291250126902014
4,cpython,dict_lookup,warm_run,8,0.0005310420237947255
4,cpython,dict_lookup,warm_run,9,0.0005292499845381826
4,cpython,dict_lookup,warm_run,10,0.000532083009602502
4,cpython,dict_lookup,warm_run,11,0.0005330829881131649
4,cpython,dict_lookup,warm_run,12,0.0005298330215737224
4,cpython,dict_lookup,warm_run,13,0.0005280409823171794
4,cpython,dict_lookup,warm_run,14,0.0005299170152284205
4,cpython,dict_lookup,warm_run,15,0.0005286250088829547
4,cpython,dict_lookup,warm_run,16,0.000546583003597334
4,cpython,dict_lookup,warm_run,17,0.0005607499915640801
4,cpython,dict_lookup,warm_run,18,0.0005279169999994338
4,cpython,dict_lookup,warm_run,19,0.000530958001036197
4,cpython,dict_lookup,warm_run,20,0.0005427910073194653
4,cpython,dict_lookup,warm_run,21,0.0005299999902490526
4,cpython,dict_lookup,warm_run,22,0.0005285410152282566
4,cpython,dict_lookup,warm_run,23,0.0005283329810481519
4,cpython,dict_lookup,warm_run,24,0.0005292500136420131
4,cpython,dict_lookup,warm_run,25,0.0005528329929802567
4,cpython,dict_lookup,warm_run,26,0.0007023329962976277
4,cpython,dict_lookup,warm_run,27,0.000548332987818867
4,cpython,dict_lookup,warm_run,28,0.0005352919979486614
4,cpython,dict_lookup,warm_run,29,0.0005303339858073741
4,cpython,fib_calls,compile,0,2.6416993932798505e-05
4,cpython,fib_calls,compile,1,2.6375026209279895e-05
4,cpython,fib_calls,compile,2,2.6249996153637767e-05
4,cpython,fib_calls,compile,3,2.579099964350462e-05
4,cpython,fib_calls,compile,4,2.6166002498939633e-05
4,cpython,fib_calls,compile,5,2.5874993298202753e-05
4,cpython,fib_calls,compile,6,2.5999994250014424e-05
4,cpython,fib_calls,compile,7,2.441700780764222e-05
4,cpython,fib_calls,compile,8,2.3416010662913322e-05
4,cpython,fib_calls,compile,9,2.3375003365799785e-05
4,cpython,fib_calls,compile,10,2.3415981559082866e-05
4,cpython,fib_calls,compile,11,2.4833017960190773e-05
4,cpython,fib_calls,compile,12,2.5999994250014424e-05
4,cpython,fib_calls,compile,13,2.5832996470853686e-05
4,cpython,fib_calls,compile,14,2.5959016056731343e-05
4,cpython,fib_calls,compile,15,2.5999994250014424e-05
4,cpython,fib_calls,compile,16,2.579198917374015e-05
4,cpython,fib_calls,compile,17,2.579198917374015e-05
4,cpython,fib_calls,compile,18,2.579099964350462e-05
4,cpython,fib_calls,compile,19,2.591600059531629e-05
4,cpython,fib_calls,compile,20,2.591699012555182e-05
4,cpython,fib_calls,compile,21,2.5749992346391082e-05
4,cpython,fib_calls,compile,22,2.562499139457941e-05
4,cpython,fib_calls,compile,23,2.579099964350462e-05
4,cpython,fib_calls,compile,24,2.5457993615418673e-05
4,cpython,fib_calls,compile,25,3.312499029561877e-05
4,cpython,fib_calls,compile,26,2.5459012249484658e-05
4,cpython,fib_calls,compile,27,2.320797648280859e-05
4,cpython,fib_calls,compile,28,2.345800749026239e-05
4,cpython,fib_calls,compile,29,2.3333006538450718e-05
4,cpython,fib_calls,warm_run,0,0.0006327499868348241
4,cpython,fib_calls,warm_run,1,0.0006213329907041043
4,cpython,fib_calls,warm_run,2,0.0006242919771466404
4,cpython,fib_calls,warm_run,3,0.0006171250133775175
4,cpython,fib_calls,warm_run,4,0.000635207979939878
4,cpython,fib_calls,warm_run,5,0.0006270830053836107
4,cpython,fib_calls,warm_run,6,0.0006353750068228692
4,cpython,fib_calls,warm_run,7,0.000642167025944218
4,cpython,fib_calls,warm_run,8,0.0006364159926306456
4,cpython,fib_calls,warm_run,9,0.0006194169982336462
4,cpython,fib_calls,warm_run,10,0.0006195830064825714
4,cpython,fib_calls,warm_run,11,0.0006187500257510692
4,cpython,fib_calls,warm_run,12,0.000614624994341284
4,cpython,fib_calls,warm_run,13,0.0006287499854806811
4,cpython,fib_calls,warm_run,14,0.0006362500134855509
4,cpython,fib_calls,warm_run,15,0.0006382920255418867
4,cpython,fib_calls,warm_run,16,0.0006161670025903732
4,cpython,fib_calls,warm_run,17,0.0006192089931573719
4,cpython,fib_calls,warm_run,18,0.0006397920078597963
4,cpython,fib_calls,warm_run,19,0.0006403750157915056
4,cpython,fib_calls,warm_run,20,0.0006452499947044998
4,cpython,fib_calls,warm_run,21,0.0006291249883361161
4,cpython,fib_calls,warm_run,22,0.000629082991508767
4,cpython,fib_calls,warm_run,23,0.000631207978585735
4,cpython,fib_calls,warm_run,24,0.0006503750046249479
4,cpython,fib_calls,warm_run,25,0.0006578339962288737
4,cpython,fib_calls,warm_run,26,0.0006370419869199395
4,cpython,fib_calls,warm_run,27,0.0006564999930560589
4,cpython,fib_calls,warm_run,28,0.0006491660024039447
4,cpython,fib_calls,warm_run,29,0.0006295410275924951
4,cpython,float_loop,compile,0,1.1916010407730937e-05
4,cpython,float_loop,compile,1,1.1750002158805728e-05
4,cpython,float_loop,compile,2,1.1874974006786942e-05
4,cpython,float_loop,compile,3,1.1750002158805728e-05
4,cpython,float_loop,compile,4,1.158300437964499e-05
4,cpython,float_loop,compile,5,1.1666998034343123e-05
4,cpython,float_loop,compile,6,1.1625001206994057e-05
4,cpython,float_loop,compile,7,1.1458003427833319e-05
4,cpython,float_loop,compile,8,1.1625001206994057e-05
4,cpython,float_loop,compile,9,1.158300437964499e-05
4,cpython,float_loop,compile,10,1.1750002158805728e-05
4,cpython,float_loop,compile,11,1.158300437964499e-05
4,cpython,float_loop,compile,12,1.1666008504107594e-05
4,cpython,float_loop,compile,13,1.158300437964499e-05
4,cpython,float_loop,compile,14,1.158300437964499e-05
4,cpython,float_loop,compile,15,1.1583993909880519e-05
4,cpython,float_loop,compile,16,1.1541997082531452e-05
4,cpython,float_loop,compile,17,1.1500000255182385e-05
4,cpython,float_loop,compile,18,1.158300437964499e-05
4,cpython,float_loop,compile,19,1.1541007552295923e-05
4,cpython,float_loop,compile,20,1.1500000255182385e-05
4,cpython,float_loop,compile,21,1.1500000255182385e-05
4,cpython,float_loop,compile,22,1.158300437964499e-05
4,cpython,float_loop,compile,23,1.1458003427833319e-05
4,cpython,float_loop,compile,24,1.1541997082531452e-05
4,cpython,float_loop,compile,25,1.1582975275814533e-05
4,cpython,float_loop,compile,26,1.1625001206994057e-05
4,cpython,float_loop,compile,27,1.1500000255182385e-05
4,cpython,float_loop,compile,28,1.1541997082531452e-05
4,cpython,float_loop,compile,29,1.1500000255182385e-05
4,cpython,float_loop,warm_run,0,0.00041245800093747675
4,cpython,float_loop,warm_run,1,0.000416583992773667
4,cpython,float_loop,warm_run,2,0.0004232079954817891
4,cpython,float_loop,warm_run,3,0.0004192090127617121
4,cpython,float_loop,warm_run,4,0.00041454200982116163
4,cpython,float_loop,warm_run,5,0.0004114159964956343
4,cpython,float_loop,warm_run,6,0.00041570799658074975
4,cpython,float_loop,warm_run,7,0.00042404202395118773
4,cpython,float_loop,warm_run,8,0.00041433400474488735
4,cpython,float_loop,warm_run,9,0.0004362920008134097
4,cpython,float_loop,warm_run,10,0.0005651249957736582
4,cpython,float_loop,warm_run,11,0.000415540998801589
4,cpython,float_loop,warm_run,12,0.00041708399658091366
4,cpython,float_loop,warm_run,13,0.00041237499681301415
4,cpython,float_loop,warm_run,14,0.00041445798706263304
4,cpython,float_loop,warm_run,15,0.0004165419959463179
4,cpython,float_loop,warm_run,16,0.0004144169797655195
4,cpython,float_loop,warm_run,17,0.00042079100967384875
4,cpython,float_loop,warm_run,18,0.0004064170061610639
4,cpython,float_loop,warm_run,19,0.00041433298611082137
4,cpython,float_loop,warm_run,20,0.00040904199704527855
4,cpython,float_loop,warm_run,21,0.0004083749954588711
4,cpython,float_loop,warm_run,22,0.0004127910069655627
4,cpython,float_loop,warm_run,23,0.0004175830108579248
4,cpython,float_loop,warm_run,24,0.00041762497858144343
4,cpython,float_loop,warm_run,25,0.00041699997382238507
4,cpython,float_loop,warm_run,26,0.0004074170137755573
4,cpython,float_loop,warm_run,27,0.00040670798625797033
4,cpython,float_loop,warm_run,28,0.0004199999966658652
4,cpython,float_loop,warm_run,29,0.0004113329923711717
4,cpython,integer_loop,compile,0,1.1458003427833319e-05
4,cpython,integer_loop,compile,1,1.1333002476021647e-05
4,cpython,integer_loop,compile,2,1.1208991054445505e-05
4,cpython,integer_loop,compile,3,1.1374999303370714e-05
4,cpython,integer_loop,compile,4,1.1458992958068848e-05
4,cpython,integer_loop,compile,5,1.1166994227096438e-05
4,cpython,integer_loop,compile,6,1.1249998351559043e-05
4,cpython,integer_loop,compile,7,1.129199517890811e-05
4,cpython,integer_loop,compile,8,1.1333992006257176e-05
4,cpython,integer_loop,compile,9,1.1374999303370714e-05
4,cpython,integer_loop,compile,10,1.1083990102633834e-05
4,cpython,integer_loop,compile,11,1.1416996130719781e-05
4,cpython,integer_loop,compile,12,1.1416996130719781e-05
4,cpython,integer_loop,compile,13,1.1416996130719781e-05
4,cpython,integer_loop,compile,14,1.1458003427833319e-05
4,cpython,integer_loop,compile,15,1.1249998351559043e-05
4,cpython,integer_loop,compile,16,1.129100564867258e-05
4,cpython,integer_loop,compile,17,1.116600469686091e-05
4,cpython,integer_loop,compile,18,1.1249998351559043e-05
4,cpython,integer_loop,compile,19,1.1167023330926895e-05
4,cpython,integer_loop,compile,20,1.09999964479357e-05
4,cpython,integer_loop,compile,21,1.1249998351559043e-05
4,cpython,integer_loop,compile,22,1.1041993275284767e-05
4,cpython,integer_loop,compile,23,1.1083000572398305e-05
4,cpython,integer_loop,compile,24,1.1124997399747372e-05
4,cpython,integer_loop,compile,25,1.1124997399747372e-05
4,cpython,integer_loop,compile,26,1.129199517890811e-05
4,cpython,integer_loop,compile,27,1.1166994227096438e-05
4,cpython,integer_loop,compile,28,1.1249998351559043e-05
4,cpython,integer_loop,compile,29,1.1166994227096438e-05
4,cpython,integer_loop,warm_run,0,0.004835125000681728
4,cpython,integer_loop,warm_run,1,0.0048682909982744604
4,cpython,integer_loop,warm_run,2,0.004920708015561104
4,cpython,integer_loop,warm_run,3,0.004785917000845075
4,cpython,integer_loop,warm_run,4,0.004843625007197261
4,cpython,integer_loop,warm_run,5,0.005024750018492341
4,cpython,integer_loop,warm_run,6,0.004843625007197261
4,cpython,integer_loop,warm_run,7,0.0048582080053165555
4,cpython,integer_loop,warm_run,8,0.004841415997361764
4,cpython,integer_loop,warm_run,9,0.005000750010367483
4,cpython,integer_loop,warm_run,10,0.004862292000325397
4,cpython,integer_loop,warm_run,11,0.004859250009758398
4,cpython,integer_loop,warm_run,12,0.00497562499367632
4,cpython,integer_loop,warm_run,13,0.004910167015623301
4,cpython,integer_loop,warm_run,14,0.004872457997407764
4,cpython,integer_loop,warm_run,15,0.0048350419965572655
4,cpython,integer_loop,warm_run,16,0.004926833003992215
4,cpython,integer_loop,warm_run,17,0.0049631659931037575
4,cpython,integer_loop,warm_run,18,0.004752499982714653
4,cpython,integer_loop,warm_run,19,0.004924792010569945
4,cpython,integer_loop,warm_run,20,0.004810750018805265
4,cpython,integer_loop,warm_run,21,0.0048042920243460685
4,cpython,integer_loop,warm_run,22,0.0047999590169638395
4,cpython,integer_loop,warm_run,23,0.004816875007236376
4,cpython,integer_loop,warm_run,24,0.0048418749938718975
4,cpython,integer_loop,warm_run,25,0.004851250007050112
4,cpython,integer_loop,warm_run,26,0.004990499990526587
4,cpython,integer_loop,warm_run,27,0.0048744590021669865
4,cpython,integer_loop,warm_run,28,0.004875541984802112
4,cpython,integer_loop,warm_run,29,0.004861333000008017
4,cpython,keyword_calls,compile,0,2.3500004317611456e-05
4,cpython,keyword_calls,compile,1,2.329199924133718e-05
4,cpython,keyword_calls,compile,2,2.345800749026239e-05
4,cpython,keyword_calls,compile,3,2.316699828952551e-05
4,cpython,keyword_calls,compile,4,2.3125001462176442e-05
4,cpython,keyword_calls,compile,5,2.3083004634827375e-05
4,cpython,keyword_calls,compile,6,2.3208005586639047e-05
4,cpython,keyword_calls,compile,7,2.300000051036477e-05
4,cpython,keyword_calls,compile,8,2.3083004634827375e-05
4,cpython,keyword_calls,compile,9,2.3083994165062904e-05
4,cpython,keyword_calls,compile,10,2.274999860674143e-05
4,cpython,keyword_calls,compile,11,2.274999860674143e-05
4,cpython,keyword_calls,compile,12,2.2958003683015704e-05
4,cpython,keyword_calls,compile,13,2.2833002731204033e-05
4,cpython,keyword_calls,compile,14,2.3041997337713838e-05
4,cpython,keyword_calls,compile,15,2.2791995434090495e-05
4,cpython,keyword_calls,compile,16,2.2791995434090495e-05
4,cpython,keyword_calls,compile,17,2.2833002731204033e-05
4,cpython,keyword_calls,compile,18,2.2958003683015704e-05
4,cpython,keyword_calls,compile,19,2.28749995585531e-05
4,cpython,keyword_calls,compile,20,2.2666994482278824e-05
4,cpython,keyword_calls,compile,21,2.274999860674143e-05
4,cpython,keyword_calls,compile,22,2.2958003683015704e-05
4,cpython,keyword_calls,compile,23,2.270899130962789e-05
4,cpython,keyword_calls,compile,24,2.300000051036477e-05
4,cpython,keyword_calls,compile,25,2.2833002731204033e-05
4,cpython,keyword_calls,compile,26,2.2958003683015704e-05
4,cpython,keyword_calls,compile,27,2.28749995585531e-05
4,cpython,keyword_calls,compile,28,2.3041997337713838e-05
4,cpython,keyword_calls,compile,29,2.258300082758069e-05
4,cpython,keyword_calls,warm_run,0,0.0008340420026797801
4,cpython,keyword_calls,warm_run,1,0.0008331249991897494
4,cpython,keyword_calls,warm_run,2,0.0007996670028660446
4,cpython,keyword_calls,warm_run,3,0.0007974999898578972
4,cpython,keyword_calls,warm_run,4,0.0008235420100390911
4,cpython,keyword_calls,warm_run,5,0.0008114170050248504
4,cpython,keyword_calls,warm_run,6,0.0008131250215228647
4,cpython,keyword_calls,warm_run,7,0.0008122079889290035
4,cpython,keyword_calls,warm_run,8,0.0008284579962491989
4,cpython,keyword_calls,warm_run,9,0.0008345420064870268
4,cpython,keyword_calls,warm_run,10,0.0008270829857792705
4,cpython,keyword_calls,warm_run,11,0.0009667080012150109
4,cpython,keyword_calls,warm_run,12,0.000818750006146729
4,cpython,keyword_calls,warm_run,13,0.0008229169761762023
4,cpython,keyword_calls,warm_run,14,0.000820916990051046
4,cpython,keyword_calls,warm_run,15,0.0008130409987643361
4,cpython,keyword_calls,warm_run,16,0.000822375004645437
4,cpython,keyword_calls,warm_run,17,0.0008332919969689101
4,cpython,keyword_calls,warm_run,18,0.0008192920067813247
4,cpython,keyword_calls,warm_run,19,0.000826000003144145
4,cpython,keyword_calls,warm_run,20,0.0008539169793948531
4,cpython,keyword_calls,warm_run,21,0.0008193750109057873
4,cpython,keyword_calls,warm_run,22,0.0008221249736379832
4,cpython,keyword_calls,warm_run,23,0.0008266249787993729
4,cpython,keyword_calls,warm_run,24,0.0008142500009853393
4,cpython,keyword_calls,warm_run,25,0.0008359999919775873
4,cpython,keyword_calls,warm_run,26,0.0008219169976655394
4,cpython,keyword_calls,warm_run,27,0.000819875014713034
4,cpython,keyword_calls,warm_run,28,0.0007987499993760139
4,cpython,keyword_calls,warm_run,29,0.0008202499884646386
4,cpython,known_calls,compile,0,1.9083003280684352e-05
4,cpython,known_calls,compile,1,1.9041006453335285e-05
4,cpython,known_calls,compile,2,1.883300137706101e-05
4,cpython,known_calls,compile,3,1.883300137706101e-05
4,cpython,known_calls,compile,4,1.8624996300786734e-05
4,cpython,known_calls,compile,5,1.8582999473437667e-05
4,cpython,known_calls,compile,6,1.8584018107503653e-05
4,cpython,known_calls,compile,7,1.8667022231966257e-05
4,cpython,known_calls,compile,8,1.8624996300786734e-05
4,cpython,known_calls,compile,9,1.8874998204410076e-05
4,cpython,known_calls,compile,10,1.8624996300786734e-05
4,cpython,known_calls,compile,11,1.85410026460886e-05
4,cpython,known_calls,compile,12,1.8499995348975062e-05
4,cpython,known_calls,compile,13,1.8582999473437667e-05
4,cpython,known_calls,compile,14,1.8416991224512458e-05
4,cpython,known_calls,compile,15,1.8582999473437667e-05
4,cpython,known_calls,compile,16,1.8624996300786734e-05
4,cpython,known_calls,compile,17,1.8416991224512458e-05
4,cpython,known_calls,compile,18,1.8332997569814324e-05
4,cpython,known_calls,compile,19,1.854199217632413e-05
4,cpython,known_calls,compile,20,1.8291990272700787e-05
4,cpython,known_calls,compile,21,1.8624996300786734e-05
4,cpython,known_calls,compile,22,1.8375023500993848e-05
4,cpython,known_calls,compile,23,1.866600359790027e-05
4,cpython,known_calls,compile,24,1.8332997569814324e-05
4,cpython,known_calls,compile,25,1.9917002646252513e-05
4,cpython,known_calls,compile,26,1.8582999473437667e-05
4,cpython,known_calls,compile,27,1.8457998521625996e-05
4,cpython,known_calls,compile,28,1.8332997569814324e-05
4,cpython,known_calls,compile,29,1.837499439716339e-05
4,cpython,known_calls,warm_run,0,0.0006613750010728836
4,cpython,known_calls,warm_run,1,0.000660625024465844
4,cpython,known_calls,warm_run,2,0.0006619579799007624
4,cpython,known_calls,warm_run,3,0.000663458020426333
4,cpython,known_calls,warm_run,4,0.0006650000286754221
4,cpython,known_calls,warm_run,5,0.0006672080198768526
4,cpython,known_calls,warm_run,6,0.0006815409869886935
4,cpython,known_calls,warm_run,7,0.0006668340065516531
4,cpython,known_calls,warm_run,8,0.000666750012896955
4,cpython,known_calls,warm_run,9,0.0006618750048801303
4,cpython,known_calls,warm_run,10,0.0006687499990221113
4,cpython,known_calls,warm_run,11,0.0006639159983024001
4,cpython,known_calls,warm_run,12,0.0006804160075262189
4,cpython,known_calls,warm_run,13,0.0006662080122623593
4,cpython,known_calls,warm_run,14,0.0006701249803882092
4,cpython,known_calls,warm_run,15,0.0006684580002911389
4,cpython,known_calls,warm_run,16,0.0006685420230496675
4,cpython,known_calls,warm_run,17,0.0006644170207437128
4,cpython,known_calls,warm_run,18,0.0006548329838551581
4,cpython,known_calls,warm_run,19,0.0007937079935800284
4,cpython,known_calls,warm_run,20,0.0006755419890396297
4,cpython,known_calls,warm_run,21,0.000663875020109117
4,cpython,known_calls,warm_run,22,0.0006657089979853481
4,cpython,known_calls,warm_run,23,0.000659500015899539
4,cpython,known_calls,warm_run,24,0.0006647080008406192
4,cpython,known_calls,warm_run,25,0.0006662499799858779
4,cpython,known_calls,warm_run,26,0.0006668750138487667
4,cpython,known_calls,warm_run,27,0.0006706249841954559
4,cpython,known_calls,warm_run,28,0.0006655000033788383
4,cpython,known_calls,warm_run,29,0.0006633340090047568
4,cpython,list_iteration,compile,0,1.912500010803342e-05
4,cpython,list_iteration,compile,1,1.9083003280684352e-05
4,cpython,list_iteration,compile,2,1.8874998204410076e-05
4,cpython,list_iteration,compile,3,1.9083003280684352e-05
4,cpython,list_iteration,compile,4,1.9208004232496023e-05
4,cpython,list_iteration,compile,5,1.895899185910821e-05
4,cpython,list_iteration,compile,6,1.895800232887268e-05
4,cpython,list_iteration,compile,7,1.9083003280684352e-05
4,cpython,list_iteration,compile,8,1.8916995031759143e-05
4,cpython,list_iteration,compile,9,1.9083003280684352e-05
4,cpython,list_iteration,compile,10,1.908399281091988e-05
4,cpython,list_iteration,compile,11,1.8874998204410076e-05
4,cpython,list_iteration,compile,12,1.8874998204410076e-05
4,cpython,list_iteration,compile,13,1.883300137706101e-05
4,cpython,list_iteration,compile,14,1.8999999156221747e-05
4,cpython,list_iteration,compile,15,1.895800232887268e-05
4,cpython,list_iteration,compile,16,1.8749997252598405e-05
4,cpython,list_iteration,compile,17,1.8874998204410076e-05
4,cpython,list_iteration,compile,18,1.86669931281358e-05
4,cpython,list_iteration,compile,19,1.8874998204410076e-05
4,cpython,list_iteration,compile,20,1.883300137706101e-05
4,cpython,list_iteration,compile,21,1.9083003280684352e-05
4,cpython,list_iteration,compile,22,1.883399090729654e-05
4,cpython,list_iteration,compile,23,1.8999999156221747e-05
4,cpython,list_iteration,compile,24,1.879199407994747e-05
4,cpython,list_iteration,compile,25,1.8749997252598405e-05
4,cpython,list_iteration,compile,26,1.883300137706101e-05
4,cpython,list_iteration,compile,27,1.8624996300786734e-05
4,cpython,list_iteration,compile,28,1.8874998204410076e-05
4,cpython,list_iteration,compile,29,1.879202318377793e-05
4,cpython,list_iteration,warm_run,0,0.0002017499937210232
4,cpython,list_iteration,warm_run,1,0.0002011250180657953
4,cpython,list_iteration,warm_run,2,0.00020412501180544496
4,cpython,list_iteration,warm_run,3,0.0002038750099018216
4,cpython,list_iteration,warm_run,4,0.0002032499760389328
4,cpython,list_iteration,warm_run,5,0.00020537502132356167
4,cpython,list_iteration,warm_run,6,0.00020337500609457493
4,cpython,list_iteration,warm_run,7,0.00020383301307447255
4,cpython,list_iteration,warm_run,8,0.00020287500228732824
4,cpython,list_iteration,warm_run,9,0.00020349997794255614
4,cpython,list_iteration,warm_run,10,0.00020391700672917068
4,cpython,list_iteration,warm_run,11,0.00020141698769293725
4,cpython,list_iteration,warm_run,12,0.00020366700482554734
4,cpython,list_iteration,warm_run,13,0.00020445798872970045
4,cpython,list_iteration,warm_run,14,0.00021295799524523318
4,cpython,list_iteration,warm_run,15,0.00020162499276921153
4,cpython,list_iteration,warm_run,16,0.00020158401457592845
4,cpython,list_iteration,warm_run,17,0.00020108299213461578
4,cpython,list_iteration,warm_run,18,0.0002035000070463866
4,cpython,list_iteration,warm_run,19,0.00020266597857698798
4,cpython,list_iteration,warm_run,20,0.00020479201339185238
4,cpython,list_iteration,warm_run,21,0.00020354200387373567
4,cpython,list_iteration,warm_run,22,0.00020391700672917068
4,cpython,list_iteration,warm_run,23,0.00020245800260454416
4,cpython,list_iteration,warm_run,24,0.00020454099285416305
4,cpython,list_iteration,warm_run,25,0.00020433301688171923
4,cpython,list_iteration,warm_run,26,0.0002050829934887588
4,cpython,list_iteration,warm_run,27,0.0002049999893642962
4,cpython,list_iteration,warm_run,28,0.00020504201529547572
4,cpython,list_iteration,warm_run,29,0.00020366697572171688
4,cpython,super_calls,compile,0,3.9292004657909274e-05
4,cpython,super_calls,compile,1,3.89580090995878e-05
4,cpython,super_calls,compile,2,3.8875004975125194e-05
4,cpython,super_calls,compile,3,3.8833997678011656e-05
4,cpython,super_calls,compile,4,3.883402678184211e-05
4,cpython,super_calls,compile,5,3.908301005139947e-05
4,cpython,super_calls,compile,6,3.9125006878748536e-05
4,cpython,super_calls,compile,7,3.858399577438831e-05
4,cpython,super_calls,compile,8,3.879200085066259e-05
4,cpython,super_calls,compile,9,3.850000211969018e-05
4,cpython,super_calls,compile,10,3.849997301585972e-05
4,cpython,super_calls,compile,11,3.8833997678011656e-05
4,cpython,super_calls,compile,12,3.845800529234111e-05
4,cpython,super_calls,compile,13,3.875000402331352e-05
4,cpython,super_calls,compile,14,3.879200085066259e-05
4,cpython,super_calls,compile,15,3.862500307150185e-05
4,cpython,super_calls,compile,16,3.8541998947039247e-05
4,cpython,super_calls,compile,17,3.862500307150185e-05
4,cpython,super_calls,compile,18,3.866598126478493e-05
4,cpython,super_calls,compile,19,3.833300434052944e-05
4,cpython,super_calls,compile,20,3.850000211969018e-05
4,cpython,super_calls,compile,21,3.8541998947039247e-05
4,cpython,super_calls,compile,22,3.837500116787851e-05
4,cpython,super_calls,compile,23,3.875000402331352e-05
4,cpython,super_calls,compile,24,3.8541998947039247e-05
4,cpython,super_calls,compile,25,3.8583006244152784e-05
4,cpython,super_calls,compile,26,3.845800529234111e-05
4,cpython,super_calls,compile,27,3.85420280508697e-05
4,cpython,super_calls,compile,28,3.862500307150185e-05
4,cpython,super_calls,compile,29,3.8416997995227575e-05
4,cpython,super_calls,warm_run,0,0.001025000005029142
4,cpython,super_calls,warm_run,1,0.0011715000146068633
4,cpython,super_calls,warm_run,2,0.000984499987680465
4,cpython,super_calls,warm_run,3,0.0010097089980263263
4,cpython,super_calls,warm_run,4,0.0009980829781852663
4,cpython,super_calls,warm_run,5,0.0010267080215271562
4,cpython,super_calls,warm_run,6,0.0009857919940259308
4,cpython,super_calls,warm_run,7,0.0010112079908140004
4,cpython,super_calls,warm_run,8,0.0009875420073512942
4,cpython,super_calls,warm_run,9,0.001004416000796482
4,cpython,super_calls,warm_run,10,0.001194833981571719
4,cpython,super_calls,warm_run,11,0.0010332079837098718
4,cpython,super_calls,warm_run,12,0.001010959007544443
4,cpython,super_calls,warm_run,13,0.0009967919904738665
4,cpython,super_calls,warm_run,14,0.0010003329953178763
4,cpython,super_calls,warm_run,15,0.0009984589996747673
4,cpython,super_calls,warm_run,16,0.0010081250220537186
4,cpython,super_calls,warm_run,17,0.0010020000045187771
4,cpython,super_calls,warm_run,18,0.0009931249951478094
4,cpython,super_calls,warm_run,19,0.0010026670061051846
4,cpython,super_calls,warm_run,20,0.0010034170118160546
4,cpython,super_calls,warm_run,21,0.001035250024870038
4,cpython,super_calls,warm_run,22,0.0009992079867515713
4,cpython,super_calls,warm_run,23,0.0010006249940488487
4,cpython,super_calls,warm_run,24,0.0010028750111814588
4,cpython,super_calls,warm_run,25,0.0010170830064453185
4,cpython,super_calls,warm_run,26,0.0010700840211939067
4,cpython,super_calls,warm_run,27,0.0010088339913636446
4,cpython,super_calls,warm_run,28,0.0010320419969502836
4,cpython,super_calls,warm_run,29,0.001020416006213054
4,cpython,attribute_load,cold_cli,0,0.016224958992097527
4,tonic,attribute_load,cold_cli,0,0.0032627500186208636
4,tonic,attribute_load,cold_cli,1,0.003031083004316315
4,cpython,attribute_load,cold_cli,1,0.016028541984269395
4,cpython,attribute_load,cold_cli,2,0.01596087499638088
4,tonic,attribute_load,cold_cli,2,0.003442332992563024
4,tonic,attribute_load,cold_cli,3,0.00282004100154154
4,cpython,attribute_load,cold_cli,3,0.01565366701106541
4,cpython,attribute_load,cold_cli,4,0.016376584011595696
4,tonic,attribute_load,cold_cli,4,0.0032640840217936784
4,tonic,attribute_load,cold_cli,5,0.002830791985616088
4,cpython,attribute_load,cold_cli,5,0.01579679097631015
4,cpython,attribute_load,cold_cli,6,0.016561583994189277
4,tonic,attribute_load,cold_cli,6,0.003376040986040607
4,tonic,attribute_load,cold_cli,7,0.0028676250076387078
4,cpython,attribute_load,cold_cli,7,0.015990499989129603
4,cpython,attribute_load,cold_cli,8,0.016042665985878557
4,tonic,attribute_load,cold_cli,8,0.003385292016901076
4,tonic,attribute_load,cold_cli,9,0.00319912499981001
4,cpython,attribute_load,cold_cli,9,0.016025958000682294
4,cpython,attribute_load,cold_cli,10,0.016084250004496425
4,tonic,attribute_load,cold_cli,10,0.0032557499944232404
4,tonic,attribute_load,cold_cli,11,0.003050166997127235
4,cpython,attribute_load,cold_cli,11,0.01597620898974128
4,cpython,attribute_load,cold_cli,12,0.01599024998722598
4,tonic,attribute_load,cold_cli,12,0.0033219580072909594
4,tonic,attribute_load,cold_cli,13,0.0028737079992424697
4,cpython,attribute_load,cold_cli,13,0.015937166986986995
4,cpython,attribute_load,cold_cli,14,0.016221458005020395
4,tonic,attribute_load,cold_cli,14,0.003292624984169379
4,cpython,bound_method_calls,cold_cli,0,0.016531875007785857
4,tonic,bound_method_calls,cold_cli,0,0.004156415991019458
4,tonic,bound_method_calls,cold_cli,1,0.0038027080008760095
4,cpython,bound_method_calls,cold_cli,1,0.01593645801767707
4,cpython,bound_method_calls,cold_cli,2,0.016334874992026016
4,tonic,bound_method_calls,cold_cli,2,0.003999207983724773
4,tonic,bound_method_calls,cold_cli,3,0.0036757079942617565
4,cpython,bound_method_calls,cold_cli,3,0.016265374986687675
4,cpython,bound_method_calls,cold_cli,4,0.016329499980201945
4,tonic,bound_method_calls,cold_cli,4,0.004175165988272056
4,tonic,bound_method_calls,cold_cli,5,0.003752292017452419
4,cpython,bound_method_calls,cold_cli,5,0.01591487499536015
4,cpython,bound_method_calls,cold_cli,6,0.016307540994603187
4,tonic,bound_method_calls,cold_cli,6,0.004333958000643179
4,tonic,bound_method_calls,cold_cli,7,0.003810082998825237
4,cpython,bound_method_calls,cold_cli,7,0.01663570900564082
4,cpython,bound_method_calls,cold_cli,8,0.016797083982964978
4,tonic,bound_method_calls,cold_cli,8,0.004225457989377901
4,tonic,bound_method_calls,cold_cli,9,0.0038699159922543913
4,cpython,bound_method_calls,cold_cli,9,0.016084875009255484
4,cpython,bound_method_calls,cold_cli,10,0.016449499991722405
4,tonic,bound_method_calls,cold_cli,10,0.004230124992318451
4,tonic,bound_method_calls,cold_cli,11,0.003957415989134461
4,cpython,bound_method_calls,cold_cli,11,0.0164844160026405
4,cpython,bound_method_calls,cold_cli,12,0.016497000004164875
4,tonic,bound_method_calls,cold_cli,12,0.004096916003618389
4,tonic,bound_method_calls,cold_cli,13,0.0038946670247241855
4,cpython,bound_method_calls,cold_cli,13,0.01649104099487886
4,cpython,bound_method_calls,cold_cli,14,0.016540124983293936
4,tonic,bound_method_calls,cold_cli,14,0.004225457989377901
4,cpython,closure_calls,cold_cli,0,0.015952166984789073
4,tonic,closure_calls,cold_cli,0,0.003240291989641264
4,tonic,closure_calls,cold_cli,1,0.0029975830111652613
4,cpython,closure_calls,cold_cli,1,0.015509374992689118
4,cpython,closure_calls,cold_cli,2,0.01546554098604247
4,tonic,closure_calls,cold_cli,2,0.0032174999942071736
4,tonic,closure_calls,cold_cli,3,0.0031922089983709157
4,cpython,closure_calls,cold_cli,3,0.015094082977157086
4,cpython,closure_calls,cold_cli,4,0.015223541995510459
4,tonic,closure_calls,cold_cli,4,0.003225749998819083
4,tonic,closure_calls,cold_cli,5,0.0030356660136021674
4,cpython,closure_calls,cold_cli,5,0.015395082999020815
4,cpython,closure_calls,cold_cli,6,0.015051583002787083
4,tonic,closure_calls,cold_cli,6,0.0031052500125952065
4,tonic,closure_calls,cold_cli,7,0.0029903340036980808
4,cpython,closure_calls,cold_cli,7,0.015308292000554502
4,cpython,closure_calls,cold_cli,8,0.0147735410137102
4,tonic,closure_calls,cold_cli,8,0.003117165993899107
4,tonic,closure_calls,cold_cli,9,0.0029731249960605055
4,cpython,closure_calls,cold_cli,9,0.015007167006842792
4,cpython,closure_calls,cold_cli,10,0.014954375015804544
4,tonic,closure_calls,cold_cli,10,0.0031612090242560953
4,tonic,closure_calls,cold_cli,11,0.0029852919979020953
4,cpython,closure_calls,cold_cli,11,0.015303124993806705
4,cpython,closure_calls,cold_cli,12,0.015129959007026628
4,tonic,closure_calls,cold_cli,12,0.003092499973718077
4,tonic,closure_calls,cold_cli,13,0.0029636249819304794
4,cpython,closure_calls,cold_cli,13,0.01505449999240227
4,cpython,closure_calls,cold_cli,14,0.015193750004982576
4,tonic,closure_calls,cold_cli,14,0.0031115829769987613
4,cpython,descriptor_load,cold_cli,0,0.015230499993776903
4,tonic,descriptor_load,cold_cli,0,0.004305124981328845
4,tonic,descriptor_load,cold_cli,1,0.004038167011458427
4,cpython,descriptor_load,cold_cli,1,0.015095500013558194
4,cpython,descriptor_load,cold_cli,2,0.015298958984203637
4,tonic,descriptor_load,cold_cli,2,0.004207916994346306
4,tonic,descriptor_load,cold_cli,3,0.003900917014107108
4,cpython,descriptor_load,cold_cli,3,0.016278708004392684
4,cpython,descriptor_load,cold_cli,4,0.015588542009936646
4,tonic,descriptor_load,cold_cli,4,0.00439895800082013
4,tonic,descriptor_load,cold_cli,5,0.004041042004246265
4,cpython,descriptor_load,cold_cli,5,0.015435459004947916
4,cpython,descriptor_load,cold_cli,6,0.015323041996452957
4,tonic,descriptor_load,cold_cli,6,0.004225541983032599
4,tonic,descriptor_load,cold_cli,7,0.004088542016688734
4,cpython,descriptor_load,cold_cli,7,0.015371958987088874
4,cpython,descriptor_load,cold_cli,8,0.015352250018622726
4,tonic,descriptor_load,cold_cli,8,0.004262666974682361
4,tonic,descriptor_load,cold_cli,9,0.004053958022268489
4,cpython,descriptor_load,cold_cli,9,0.015322249993914738
4,cpython,descriptor_load,cold_cli,10,0.015086332976352423
4,tonic,descriptor_load,cold_cli,10,0.004097249999176711
4,tonic,descriptor_load,cold_cli,11,0.0040857499989215285
4,cpython,descriptor_load,cold_cli,11,0.015441083000041544
4,cpython,descriptor_load,cold_cli,12,0.01549845898989588
4,tonic,descriptor_load,cold_cli,12,0.004262667003786191
4,tonic,descriptor_load,cold_cli,13,0.004032917000586167
4,cpython,descriptor_load,cold_cli,13,0.015123541001230478
4,cpython,descriptor_load,cold_cli,14,0.01531862499541603
4,tonic,descriptor_load,cold_cli,14,0.004197792004561052
4,cpython,dict_insert,cold_cli,0,0.015062624996062368
4,tonic,dict_insert,cold_cli,0,0.0032033330062404275
4,tonic,dict_insert,cold_cli,1,0.00303912500385195
4,cpython,dict_insert,cold_cli,1,0.015067750005982816
4,cpython,dict_insert,cold_cli,2,0.014982332999352366
4,tonic,dict_insert,cold_cli,2,0.003262791986344382
4,tonic,dict_insert,cold_cli,3,0.003171042015310377
4,cpython,dict_insert,cold_cli,3,0.01506370899733156
4,cpython,dict_insert,cold_cli,4,0.015204958996037021
4,tonic,dict_insert,cold_cli,4,0.0033500839781481773
4,tonic,dict_insert,cold_cli,5,0.003148624993627891
4,cpython,dict_insert,cold_cli,5,0.015136457979679108
4,cpython,dict_insert,cold_cli,6,0.015105041005881503
4,tonic,dict_insert,cold_cli,6,0.0032392079883720726
4,tonic,dict_insert,cold_cli,7,0.003045582998311147
4,cpython,dict_insert,cold_cli,7,0.015298749989597127
4,cpython,dict_insert,cold_cli,8,0.01493954099714756
4,tonic,dict_insert,cold_cli,8,0.003245166997658089
4,tonic,dict_insert,cold_cli,9,0.0030722089868504554
4,cpython,dict_insert,cold_cli,9,0.015266041998984292
4,cpython,dict_insert,cold_cli,10,0.015142958000069484
4,tonic,dict_insert,cold_cli,10,0.003279625001596287
4,tonic,dict_insert,cold_cli,11,0.0030289590067695826
4,cpython,dict_insert,cold_cli,11,0.015022625011624768
4,cpython,dict_insert,cold_cli,12,0.015205707983113825
4,tonic,dict_insert,cold_cli,12,0.0032427920086774975
4,tonic,dict_insert,cold_cli,13,0.0030662080098409206
4,cpython,dict_insert,cold_cli,13,0.015206791984383017
4,cpython,dict_insert,cold_cli,14,0.015206707990728319
4,tonic,dict_insert,cold_cli,14,0.0033164999913424253
4,cpython,dict_lookup,cold_cli,0,0.014783792023081332
4,tonic,dict_lookup,cold_cli,0,0.003205582994269207
4,tonic,dict_lookup,cold_cli,1,0.002943374973256141
4,cpython,dict_lookup,cold_cli,1,0.014971416996559128
4,cpython,dict_lookup,cold_cli,2,0.015189792000455782
4,tonic,dict_lookup,cold_cli,2,0.0031841669988352805
4,tonic,dict_lookup,cold_cli,3,0.002878957981010899
4,cpython,dict_lookup,cold_cli,3,0.014790290995733812
4,cpython,dict_lookup,cold_cli,4,0.014939208020223305
4,tonic,dict_lookup,cold_cli,4,0.0031677499937359244
4,tonic,dict_lookup,cold_cli,5,0.002978957985760644
4,cpython,dict_lookup,cold_cli,5,0.014985166024416685
4,cpython,dict_lookup,cold_cli,6,0.015046791988424957
4,tonic,dict_lookup,cold_cli,6,0.0030968750070314854
4,tonic,dict_lookup,cold_cli,7,0.0029486249841284007
4,cpython,dict_lookup,cold_cli,7,0.015248582989443094
4,cpython,dict_lookup,cold_cli,8,0.015023292013211176
4,tonic,dict_lookup,cold_cli,8,0.003080291993683204
4,tonic,dict_lookup,cold_cli,9,0.0029291249811649323
4,cpython,dict_lookup,cold_cli,9,0.015230374992825091
4,cpython,dict_lookup,cold_cli,10,0.015098333009518683
4,tonic,dict_lookup,cold_cli,10,0.0031099169864319265
4,tonic,dict_lookup,cold_cli,11,0.0028560410137288272
4,cpython,dict_lookup,cold_cli,11,0.015067291999002919
4,cpython,dict_lookup,cold_cli,12,0.015058290999149904
4,tonic,dict_lookup,cold_cli,12,0.0031392079836223274
4,tonic,dict_lookup,cold_cli,13,0.0029519159870687872
4,cpython,dict_lookup,cold_cli,13,0.015223584021441638
4,cpython,dict_lookup,cold_cli,14,0.014870083978166804
4,tonic,dict_lookup,cold_cli,14,0.0031422080064658076
4,cpython,fib_calls,cold_cli,0,0.015044458006741479
4,tonic,fib_calls,cold_cli,0,0.004637625010218471
4,tonic,fib_calls,cold_cli,1,0.004399833007482812
4,cpython,fib_calls,cold_cli,1,0.015321584010962397
4,cpython,fib_calls,cold_cli,2,0.015053167007863522
4,tonic,fib_calls,cold_cli,2,0.004847625008551404
4,tonic,fib_calls,cold_cli,3,0.004800209018867463
4,cpython,fib_calls,cold_cli,3,0.01568766700802371
4,cpython,fib_calls,cold_cli,4,0.015760207985294983
4,tonic,fib_calls,cold_cli,4,0.004675917007261887
4,tonic,fib_calls,cold_cli,5,0.004384875006508082
4,cpython,fib_calls,cold_cli,5,0.01538741699187085
4,cpython,fib_calls,cold_cli,6,0.015158166992478073
4,tonic,fib_calls,cold_cli,6,0.004481999989366159
4,tonic,fib_calls,cold_cli,7,0.004386207991046831
4,cpython,fib_calls,cold_cli,7,0.015159749978920445
4,cpython,fib_calls,cold_cli,8,0.015294957993319258
4,tonic,fib_calls,cold_cli,8,0.004522958013694733
4,tonic,fib_calls,cold_cli,9,0.0043634170142468065
4,cpython,fib_calls,cold_cli,9,0.015267917013261467
4,cpython,fib_calls,cold_cli,10,0.01516795897623524
4,tonic,fib_calls,cold_cli,10,0.004539834015304223
4,tonic,fib_calls,cold_cli,11,0.004320874984841794
4,cpython,fib_calls,cold_cli,11,0.015017999976407737
4,cpython,fib_calls,cold_cli,12,0.015607124980306253
4,tonic,fib_calls,cold_cli,12,0.004552416998194531
4,tonic,fib_calls,cold_cli,13,0.004416125011630356
4,cpython,fib_calls,cold_cli,13,0.014897874993039295
4,cpython,fib_calls,cold_cli,14,0.014987375005148351
4,tonic,fib_calls,cold_cli,14,0.004575958009809256
4,cpython,float_loop,cold_cli,0,0.014752166985999793
4,tonic,float_loop,cold_cli,0,0.0028015839925501496
4,tonic,float_loop,cold_cli,1,0.002613082993775606
4,cpython,float_loop,cold_cli,1,0.014931792014976963
4,cpython,float_loop,cold_cli,2,0.014709875016706064
4,tonic,float_loop,cold_cli,2,0.0028630409797187895
4,tonic,float_loop,cold_cli,3,0.0025945830275304615
4,cpython,float_loop,cold_cli,3,0.015046332991914824
4,cpython,float_loop,cold_cli,4,0.01490366697544232
4,tonic,float_loop,cold_cli,4,0.002778374997433275
4,tonic,float_loop,cold_cli,5,0.002586000016890466
4,cpython,float_loop,cold_cli,5,0.015018165984656662
4,cpython,float_loop,cold_cli,6,0.015191582991974428
4,tonic,float_loop,cold_cli,6,0.00276829200447537
4,tonic,float_loop,cold_cli,7,0.002529207995394245
4,cpython,float_loop,cold_cli,7,0.014723166998010129
4,cpython,float_loop,cold_cli,8,0.015224041999317706
4,tonic,float_loop,cold_cli,8,0.0028862500039394945
4,tonic,float_loop,cold_cli,9,0.00266266698599793
4,cpython,float_loop,cold_cli,9,0.01495337500819005
4,cpython,float_loop,cold_cli,10,0.01499733398668468
4,tonic,float_loop,cold_cli,10,0.0028386669873725623
4,tonic,float_loop,cold_cli,11,0.002624665998155251
4,cpython,float_loop,cold_cli,11,0.015205042000161484
4,cpython,float_loop,cold_cli,12,0.014835874986601993
4,tonic,float_loop,cold_cli,12,0.002795917011098936
4,tonic,float_loop,cold_cli,13,0.0025295419909525663
4,cpython,float_loop,cold_cli,13,0.014924709015758708
4,cpython,float_loop,cold_cli,14,0.014895291009452194
4,tonic,float_loop,cold_cli,14,0.0028183749818708748
4,cpython,integer_loop,cold_cli,0,0.019567250012187287
4,tonic,integer_loop,cold_cli,0,0.0072044170228764415
4,tonic,integer_loop,cold_cli,1,0.007084624987328425
4,cpython,integer_loop,cold_cli,1,0.019829875003779307
4,cpython,integer_loop,cold_cli,2,0.01963595801498741
4,tonic,integer_loop,cold_cli,2,0.0073014590016100556
4,tonic,integer_loop,cold_cli,3,0.007095249980920926
4,cpython,integer_loop,cold_cli,3,0.019564040994737297
4,cpython,integer_loop,cold_cli,4,0.01949458400486037
4,tonic,integer_loop,cold_cli,4,0.0074537909822538495
4,tonic,integer_loop,cold_cli,5,0.007278625009348616
4,cpython,integer_loop,cold_cli,5,0.019849666015943512
4,cpython,integer_loop,cold_cli,6,0.019263624999439344
4,tonic,integer_loop,cold_cli,6,0.007367166981566697
4,tonic,integer_loop,cold_cli,7,0.00707379198865965
4,cpython,integer_loop,cold_cli,7,0.019652416987810284
4,cpython,integer_loop,cold_cli,8,0.01945183300995268
4,tonic,integer_loop,cold_cli,8,0.007371165993390605
4,tonic,integer_loop,cold_cli,9,0.007057666021864861
4,cpython,integer_loop,cold_cli,9,0.020031124993693084
4,cpython,integer_loop,cold_cli,10,0.01951666601235047
4,tonic,integer_loop,cold_cli,10,0.007379041984677315
4,tonic,integer_loop,cold_cli,11,0.006943042011698708
4,cpython,integer_loop,cold_cli,11,0.01997670897981152
4,cpython,integer_loop,cold_cli,12,0.019589792005717754
4,tonic,integer_loop,cold_cli,12,0.007366375008132309
4,tonic,integer_loop,cold_cli,13,0.007217666978249326
4,cpython,integer_loop,cold_cli,13,0.020352791994810104
4,cpython,integer_loop,cold_cli,14,0.02010533300926909
4,tonic,integer_loop,cold_cli,14,0.007474167010514066
4,cpython,keyword_calls,cold_cli,0,0.015682583005400375
4,tonic,keyword_calls,cold_cli,0,0.003680583991808817
4,tonic,keyword_calls,cold_cli,1,0.0033360420202370733
4,cpython,keyword_calls,cold_cli,1,0.015560916013782844
4,cpython,keyword_calls,cold_cli,2,0.015276082995114848
4,tonic,keyword_calls,cold_cli,2,0.0036340839869808406
4,tonic,keyword_calls,cold_cli,3,0.003331499989144504
4,cpython,keyword_calls,cold_cli,3,0.01525825000135228
4,cpython,keyword_calls,cold_cli,4,0.01539791701361537
4,tonic,keyword_calls,cold_cli,4,0.003601833013817668
4,tonic,keyword_calls,cold_cli,5,0.003320916002849117
4,cpython,keyword_calls,cold_cli,5,0.015517542022280395
4,cpython,keyword_calls,cold_cli,6,0.015414208988659084
4,tonic,keyword_calls,cold_cli,6,0.003477666003163904
4,tonic,keyword_calls,cold_cli,7,0.0033755839976947755
4,cpython,keyword_calls,cold_cli,7,0.015371624991530553
4,cpython,keyword_calls,cold_cli,8,0.01535787500324659
4,tonic,keyword_calls,cold_cli,8,0.003535916010150686
4,tonic,keyword_calls,cold_cli,9,0.003369875019416213
4,cpython,keyword_calls,cold_cli,9,0.015503375005209818
4,cpython,keyword_calls,cold_cli,10,0.015442583011463284
4,tonic,keyword_calls,cold_cli,10,0.003540792007697746
4,tonic,keyword_calls,cold_cli,11,0.0032829999981913716
4,cpython,keyword_calls,cold_cli,11,0.01647549998597242
4,cpython,keyword_calls,cold_cli,12,0.01647929201135412
4,tonic,keyword_calls,cold_cli,12,0.004079584003193304
4,tonic,keyword_calls,cold_cli,13,0.003446332993917167
4,cpython,keyword_calls,cold_cli,13,0.016315999993821606
4,cpython,keyword_calls,cold_cli,14,0.016698417020961642
4,tonic,keyword_calls,cold_cli,14,0.00378774999990128
4,cpython,known_calls,cold_cli,0,0.016624624986434355
4,tonic,known_calls,cold_cli,0,0.003500165999867022
4,tonic,known_calls,cold_cli,1,0.0031629580189473927
4,cpython,known_calls,cold_cli,1,0.015867000009166077
4,cpython,known_calls,cold_cli,2,0.016363667004043236
4,tonic,known_calls,cold_cli,2,0.003427124989684671
4,tonic,known_calls,cold_cli,3,0.003039458009880036
4,cpython,known_calls,cold_cli,3,0.015708291990449652
4,cpython,known_calls,cold_cli,4,0.016256709001027048
4,tonic,known_calls,cold_cli,4,0.003507874993374571
4,tonic,known_calls,cold_cli,5,0.003435082995565608
4,cpython,known_calls,cold_cli,5,0.016145583998877555
4,cpython,known_calls,cold_cli,6,0.015962832985678688
4,tonic,known_calls,cold_cli,6,0.0035032089799642563
4,tonic,known_calls,cold_cli,7,0.0032086250139400363
4,cpython,known_calls,cold_cli,7,0.01585895798052661
4,cpython,known_calls,cold_cli,8,0.01648704198305495
4,tonic,known_calls,cold_cli,8,0.003568540996639058
4,tonic,known_calls,cold_cli,9,0.003245708008762449
4,cpython,known_calls,cold_cli,9,0.01586704101646319
4,cpython,known_calls,cold_cli,10,0.01610637502744794
4,tonic,known_calls,cold_cli,10,0.00344979198416695
4,tonic,known_calls,cold_cli,11,0.0031273330096155405
4,cpython,known_calls,cold_cli,11,0.01564699999289587
4,cpython,known_calls,cold_cli,12,0.016288916987832636
4,tonic,known_calls,cold_cli,12,0.0036112080269958824
4,tonic,known_calls,cold_cli,13,0.0032018749916460365
4,cpython,known_calls,cold_cli,13,0.01654333301121369
4,cpython,known_calls,cold_cli,14,0.016223832994000986
4,tonic,known_calls,cold_cli,14,0.003638708993094042
4,cpython,list_iteration,cold_cli,0,0.01581300000543706
4,tonic,list_iteration,cold_cli,0,0.0027017079992219806
4,tonic,list_iteration,cold_cli,1,0.0023922919936012477
4,cpython,list_iteration,cold_cli,1,0.015191416983725503
4,cpython,list_iteration,cold_cli,2,0.015256333979777992
4,tonic,list_iteration,cold_cli,2,0.002709249994950369
4,tonic,list_iteration,cold_cli,3,0.0023116249940358102
4,cpython,list_iteration,cold_cli,3,0.015615042007993907
4,cpython,list_iteration,cold_cli,4,0.01576766700600274
4,tonic,list_iteration,cold_cli,4,0.0026597910036798567
4,tonic,list_iteration,cold_cli,5,0.0022658750240225345
4,cpython,list_iteration,cold_cli,5,0.016198166995309293
4,cpython,list_iteration,cold_cli,6,0.015902208018815145
4,tonic,list_iteration,cold_cli,6,0.0025196670030709356
4,tonic,list_iteration,cold_cli,7,0.002318999991985038
4,cpython,list_iteration,cold_cli,7,0.015060667006764561
4,cpython,list_iteration,cold_cli,8,0.014772666996577755
4,tonic,list_iteration,cold_cli,8,0.0025333749945275486
4,tonic,list_iteration,cold_cli,9,0.0021060830040369183
4,cpython,list_iteration,cold_cli,9,0.014808957988861948
4,cpython,list_iteration,cold_cli,10,0.014756125019630417
4,tonic,list_iteration,cold_cli,10,0.0023649999930057675
4,tonic,list_iteration,cold_cli,11,0.0022536249889526516
4,cpython,list_iteration,cold_cli,11,0.014744374988367781
4,cpython,list_iteration,cold_cli,12,0.01560087499092333
4,tonic,list_iteration,cold_cli,12,0.0027202499913983047
4,tonic,list_iteration,cold_cli,13,0.0023248329816851765
4,cpython,list_iteration,cold_cli,13,0.015230874996632338
4,cpython,list_iteration,cold_cli,14,0.015067125001223758
4,tonic,list_iteration,cold_cli,14,0.0024131659884005785
4,cpython,super_calls,cold_cli,0,0.015959290991304442
4,tonic,super_calls,cold_cli,0,0.005484875000547618
4,tonic,super_calls,cold_cli,1,0.005375874985475093
4,cpython,super_calls,cold_cli,1,0.016094833001261577
4,cpython,super_calls,cold_cli,2,0.01574766600970179
4,tonic,super_calls,cold_cli,2,0.005499833001522347
4,tonic,super_calls,cold_cli,3,0.0053721249860245734
4,cpython,super_calls,cold_cli,3,0.016031292005209252
4,cpython,super_calls,cold_cli,4,0.015872207994107157
4,tonic,super_calls,cold_cli,4,0.0054286250087898225
4,tonic,super_calls,cold_cli,5,0.005326707992935553
4,cpython,super_calls,cold_cli,5,0.016380959015805274
4,cpython,super_calls,cold_cli,6,0.015958959003910422
4,tonic,super_calls,cold_cli,6,0.0054231669928412884
4,tonic,super_calls,cold_cli,7,0.005311375018209219
4,cpython,super_calls,cold_cli,7,0.01604616700205952
4,cpython,super_calls,cold_cli,8,0.016603957978077233
4,tonic,super_calls,cold_cli,8,0.0059849999961443245
4,tonic,super_calls,cold_cli,9,0.0052671669982373714
4,cpython,super_calls,cold_cli,9,0.016204874991672114
4,cpython,super_calls,cold_cli,10,0.01614200000767596
4,tonic,super_calls,cold_cli,10,0.005451292003272101
4,tonic,super_calls,cold_cli,11,0.005216040997765958
4,cpython,super_calls,cold_cli,11,0.015912916976958513
4,cpython,super_calls,cold_cli,12,0.01611925000906922
4,tonic,super_calls,cold_cli,12,0.005579416989348829
4,tonic,super_calls,cold_cli,13,0.005414042010670528
4,cpython,super_calls,cold_cli,13,0.016130459000123665
4,cpython,super_calls,cold_cli,14,0.0155042500118725
4,tonic,super_calls,cold_cli,14,0.005355708010029048
5,tonic,integer_loop,compile,0,1.4e-05
5,tonic,integer_loop,compile,1,1.4833e-05
5,tonic,integer_loop,compile,2,1.6584e-05
5,tonic,integer_loop,compile,3,1.4917e-05
5,tonic,integer_loop,compile,4,1.7416e-05
5,tonic,integer_loop,compile,5,1.3958e-05
5,tonic,integer_loop,compile,6,1.525e-05
5,tonic,integer_loop,compile,7,1.4875e-05
5,tonic,integer_loop,compile,8,1.5166e-05
5,tonic,integer_loop,compile,9,1.125e-05
5,tonic,integer_loop,compile,10,1.4416e-05
5,tonic,integer_loop,compile,11,1.1792e-05
5,tonic,integer_loop,compile,12,1.3334e-05
5,tonic,integer_loop,compile,13,1.1083e-05
5,tonic,integer_loop,compile,14,1.2917e-05
5,tonic,integer_loop,compile,15,1.1166e-05
5,tonic,integer_loop,compile,16,1.2792e-05
5,tonic,integer_loop,compile,17,1.1167e-05
5,tonic,integer_loop,compile,18,1.3e-05
5,tonic,integer_loop,compile,19,1.1333e-05
5,tonic,integer_loop,compile,20,1.2833e-05
5,tonic,integer_loop,compile,21,1.2375e-05
5,tonic,integer_loop,compile,22,1.325e-05
5,tonic,integer_loop,compile,23,1.1167e-05
5,tonic,integer_loop,compile,24,1.2792e-05
5,tonic,integer_loop,compile,25,1.475e-05
5,tonic,integer_loop,compile,26,1.3e-05
5,tonic,integer_loop,compile,27,1.0875e-05
5,tonic,integer_loop,compile,28,1.275e-05
5,tonic,integer_loop,compile,29,1.1167e-05
5,tonic,integer_loop,warm_run,0,0.004825042
5,tonic,integer_loop,warm_run,1,0.004847708
5,tonic,integer_loop,warm_run,2,0.004835333
5,tonic,integer_loop,warm_run,3,0.004883417
5,tonic,integer_loop,warm_run,4,0.004896125
5,tonic,integer_loop,warm_run,5,0.004910583
5,tonic,integer_loop,warm_run,6,0.004876875
5,tonic,integer_loop,warm_run,7,0.004871666
5,tonic,integer_loop,warm_run,8,0.004875583
5,tonic,integer_loop,warm_run,9,0.004869834
5,tonic,integer_loop,warm_run,10,0.004875167
5,tonic,integer_loop,warm_run,11,0.004886708
5,tonic,integer_loop,warm_run,12,0.004899667
5,tonic,integer_loop,warm_run,13,0.00488075
5,tonic,integer_loop,warm_run,14,0.005060791
5,tonic,integer_loop,warm_run,15,0.005135458
5,tonic,integer_loop,warm_run,16,0.004955292
5,tonic,integer_loop,warm_run,17,0.004960917
5,tonic,integer_loop,warm_run,18,0.005007792
5,tonic,integer_loop,warm_run,19,0.004966542
5,tonic,integer_loop,warm_run,20,0.004965541
5,tonic,integer_loop,warm_run,21,0.00500475
5,tonic,integer_loop,warm_run,22,0.004974916
5,tonic,integer_loop,warm_run,23,0.004961041
5,tonic,integer_loop,warm_run,24,0.004987167
5,tonic,integer_loop,warm_run,25,0.004987209
5,tonic,integer_loop,warm_run,26,0.004977541
5,tonic,integer_loop,warm_run,27,0.004965667
5,tonic,integer_loop,warm_run,28,0.004968375
5,tonic,integer_loop,warm_run,29,0.004961792
5,tonic,fib_calls,compile,0,2.6083e-05
5,tonic,fib_calls,compile,1,2.9208e-05
5,tonic,fib_calls,compile,2,2.8875e-05
5,tonic,fib_calls,compile,3,3.1833e-05
5,tonic,fib_calls,compile,4,3.0792e-05
5,tonic,fib_calls,compile,5,2.9208e-05
5,tonic,fib_calls,compile,6,3.25e-05
5,tonic,fib_calls,compile,7,3.0334e-05
5,tonic,fib_calls,compile,8,2.9166e-05
5,tonic,fib_calls,compile,9,2.9083e-05
5,tonic,fib_calls,compile,10,2.8041e-05
5,tonic,fib_calls,compile,11,2.8167e-05
5,tonic,fib_calls,compile,12,2.8292e-05
5,tonic,fib_calls,compile,13,2.8416e-05
5,tonic,fib_calls,compile,14,2.8333e-05
5,tonic,fib_calls,compile,15,2.9375e-05
5,tonic,fib_calls,compile,16,2.8334e-05
5,tonic,fib_calls,compile,17,2.8292e-05
5,tonic,fib_calls,compile,18,2.8125e-05
5,tonic,fib_calls,compile,19,2.8375e-05
5,tonic,fib_calls,compile,20,2.8542e-05
5,tonic,fib_calls,compile,21,2.8375e-05
5,tonic,fib_calls,compile,22,2.8083e-05
5,tonic,fib_calls,compile,23,2.8334e-05
5,tonic,fib_calls,compile,24,2.825e-05
5,tonic,fib_calls,compile,25,2.8084e-05
5,tonic,fib_calls,compile,26,2.8209e-05
5,tonic,fib_calls,compile,27,2.8292e-05
5,tonic,fib_calls,compile,28,2.8041e-05
5,tonic,fib_calls,compile,29,2.8083e-05
5,tonic,fib_calls,warm_run,0,0.002394875
5,tonic,fib_calls,warm_run,1,0.002406583
5,tonic,fib_calls,warm_run,2,0.002405916
5,tonic,fib_calls,warm_run,3,0.002427541
5,tonic,fib_calls,warm_run,4,0.002405667
5,tonic,fib_calls,warm_run,5,0.002411625
5,tonic,fib_calls,warm_run,6,0.002412666
5,tonic,fib_calls,warm_run,7,0.002410834
5,tonic,fib_calls,warm_run,8,0.002411542
5,tonic,fib_calls,warm_run,9,0.0023965
5,tonic,fib_calls,warm_run,10,0.00242875
5,tonic,fib_calls,warm_run,11,0.002425916
5,tonic,fib_calls,warm_run,12,0.002397167
5,tonic,fib_calls,warm_run,13,0.002409959
5,tonic,fib_calls,warm_run,14,0.002399792
5,tonic,fib_calls,warm_run,15,0.002408667
5,tonic,fib_calls,warm_run,16,0.002405417
5,tonic,fib_calls,warm_run,17,0.00244475
5,tonic,fib_calls,warm_run,18,0.002410625
5,tonic,fib_calls,warm_run,19,0.002436708
5,tonic,fib_calls,warm_run,20,0.002418
5,tonic,fib_calls,warm_run,21,0.00242
5,tonic,fib_calls,warm_run,22,0.002413833
5,tonic,fib_calls,warm_run,23,0.002435333
5,tonic,fib_calls,warm_run,24,0.002433166
5,tonic,fib_calls,warm_run,25,0.002437541
5,tonic,fib_calls,warm_run,26,0.002440083
5,tonic,fib_calls,warm_run,27,0.002426833
5,tonic,fib_calls,warm_run,28,0.002421958
5,tonic,fib_calls,warm_run,29,0.00242825
5,tonic,known_calls,compile,0,1.5459e-05
5,tonic,known_calls,compile,1,2.0125e-05
5,tonic,known_calls,compile,2,2e-05
5,tonic,known_calls,compile,3,2.2125e-05
5,tonic,known_calls,compile,4,1.9833e-05
5,tonic,known_calls,compile,5,1.6417e-05
5,tonic,known_calls,compile,6,1.9584e-05
5,tonic,known_calls,compile,7,1.9458e-05
5,tonic,known_calls,compile,8,1.7375e-05
5,tonic,known_calls,compile,9,1.9334e-05
5,tonic,known_calls,compile,10,1.9333e-05
5,tonic,known_calls,compile,11,1.9709e-05
5,tonic,known_calls,compile,12,2.1875e-05
5,tonic,known_calls,compile,13,1.9916e-05
5,tonic,known_calls,compile,14,1.95e-05
5,tonic,known_calls,compile,15,2.125e-05
5,tonic,known_calls,compile,16,1.9833e-05
5,tonic,known_calls,compile,17,1.9667e-05
5,tonic,known_calls,compile,18,1.9417e-05
5,tonic,known_calls,compile,19,1.925e-05
5,tonic,known_calls,compile,20,1.9583e-05
5,tonic,known_calls,compile,21,1.9667e-05
5,tonic,known_calls,compile,22,1.9417e-05
5,tonic,known_calls,compile,23,1.7042e-05
5,tonic,known_calls,compile,24,1.9333e-05
5,tonic,known_calls,compile,25,1.9333e-05
5,tonic,known_calls,compile,26,1.9625e-05
5,tonic,known_calls,compile,27,1.9292e-05
5,tonic,known_calls,compile,28,1.9292e-05
5,tonic,known_calls,compile,29,1.9167e-05
5,tonic,known_calls,warm_run,0,0.001169542
5,tonic,known_calls,warm_run,1,0.0011855
5,tonic,known_calls,warm_run,2,0.001191208
5,tonic,known_calls,warm_run,3,0.001185541
5,tonic,known_calls,warm_run,4,0.001182667
5,tonic,known_calls,warm_run,5,0.001184334
5,tonic,known_calls,warm_run,6,0.0011855
5,tonic,known_calls,warm_run,7,0.001193541
5,tonic,known_calls,warm_run,8,0.001184833
5,tonic,known_calls,warm_run,9,0.001192333
5,tonic,known_calls,warm_run,10,0.001192167
5,tonic,known_calls,warm_run,11,0.001181709
5,tonic,known_calls,warm_run,12,0.001193458
5,tonic,known_calls,warm_run,13,0.001188459
5,tonic,known_calls,warm_run,14,0.001185375
5,tonic,known_calls,warm_run,15,0.001194792
5,tonic,known_calls,warm_run,16,0.001180083
5,tonic,known_calls,warm_run,17,0.001190667
5,tonic,known_calls,warm_run,18,0.001187875
5,tonic,known_calls,warm_run,19,0.001188666
5,tonic,known_calls,warm_run,20,0.001180209
5,tonic,known_calls,warm_run,21,0.001194584
5,tonic,known_calls,warm_run,22,0.001185875
5,tonic,known_calls,warm_run,23,0.001189958
5,tonic,known_calls,warm_run,24,0.0011975
5,tonic,known_calls,warm_run,25,0.001178709
5,tonic,known_calls,warm_run,26,0.001185875
5,tonic,known_calls,warm_run,27,0.001187
5,tonic,known_calls,warm_run,28,0.001178541
5,tonic,known_calls,warm_run,29,0.001186666
5,tonic,float_loop,compile,0,1.025e-05
5,tonic,float_loop,compile,1,1.2917e-05
5,tonic,float_loop,compile,2,1.2625e-05
5,tonic,float_loop,compile,3,1.275e-05
5,tonic,float_loop,compile,4,1.2125e-05
5,tonic,float_loop,compile,5,1.2833e-05
5,tonic,float_loop,compile,6,1.2125e-05
5,tonic,float_loop,compile,7,1.2834e-05
5,tonic,float_loop,compile,8,1.2125e-05
5,tonic,float_loop,compile,9,1.2708e-05
5,tonic,float_loop,compile,10,1.2209e-05
5,tonic,float_loop,compile,11,1.2708e-05
5,tonic,float_loop,compile,12,1.225e-05
5,tonic,float_loop,compile,13,1.2834e-05
5,tonic,float_loop,compile,14,1.2167e-05
5,tonic,float_loop,compile,15,1.2667e-05
5,tonic,float_loop,compile,16,1.2125e-05
5,tonic,float_loop,compile,17,1.275e-05
5,tonic,float_loop,compile,18,1.2041e-05
5,tonic,float_loop,compile,19,1.2791e-05
5,tonic,float_loop,compile,20,1.2167e-05
5,tonic,float_loop,compile,21,1.2667e-05
5,tonic,float_loop,compile,22,1.0292e-05
5,tonic,float_loop,compile,23,1.3083e-05
5,tonic,float_loop,compile,24,1.0917e-05
5,tonic,float_loop,compile,25,1.2834e-05
5,tonic,float_loop,compile,26,1.1167e-05
5,tonic,float_loop,compile,27,1.2792e-05
5,tonic,float_loop,compile,28,1.2834e-05
5,tonic,float_loop,compile,29,1.2959e-05
5,tonic,float_loop,warm_run,0,0.000741625
5,tonic,float_loop,warm_run,1,0.000744791
5,tonic,float_loop,warm_run,2,0.000744333
5,tonic,float_loop,warm_run,3,0.000740542
5,tonic,float_loop,warm_run,4,0.000741417
5,tonic,float_loop,warm_run,5,0.000748167
5,tonic,float_loop,warm_run,6,0.000742458
5,tonic,float_loop,warm_run,7,0.000748292
5,tonic,float_loop,warm_run,8,0.000740292
5,tonic,float_loop,warm_run,9,0.000756583
5,tonic,float_loop,warm_run,10,0.000744791
5,tonic,float_loop,warm_run,11,0.000740916
5,tonic,float_loop,warm_run,12,0.000740542
5,tonic,float_loop,warm_run,13,0.000749375
5,tonic,float_loop,warm_run,14,0.000749334
5,tonic,float_loop,warm_run,15,0.000739959
5,tonic,float_loop,warm_run,16,0.000737667
5,tonic,float_loop,warm_run,17,0.000739625
5,tonic,float_loop,warm_run,18,0.000740917
5,tonic,float_loop,warm_run,19,0.000738917
5,tonic,float_loop,warm_run,20,0.000739709
5,tonic,float_loop,warm_run,21,0.000732458
5,tonic,float_loop,warm_run,22,0.000732625
5,tonic,float_loop,warm_run,23,0.000730625
5,tonic,float_loop,warm_run,24,0.000703042
5,tonic,float_loop,warm_run,25,0.000704833
5,tonic,float_loop,warm_run,26,0.000702625
5,tonic,float_loop,warm_run,27,0.000705292
5,tonic,float_loop,warm_run,28,0.000705083
5,tonic,float_loop,warm_run,29,0.00069675
5,tonic,list_iteration,compile,0,1.8666e-05
5,tonic,list_iteration,compile,1,2.2667e-05
5,tonic,list_iteration,compile,2,2.2583e-05
5,tonic,list_iteration,compile,3,2.2375e-05
5,tonic,list_iteration,compile,4,2.25e-05
5,tonic,list_iteration,compile,5,2.2375e-05
5,tonic,list_iteration,compile,6,2.2208e-05
5,tonic,list_iteration,compile,7,2.2083e-05
5,tonic,list_iteration,compile,8,2.2e-05
5,tonic,list_iteration,compile,9,2.2292e-05
5,tonic,list_iteration,compile,10,2.2208e-05
5,tonic,list_iteration,compile,11,2.1959e-05
5,tonic,list_iteration,compile,12,2.1833e-05
5,tonic,list_iteration,compile,13,2.2291e-05
5,tonic,list_iteration,compile,14,2.2e-05
5,tonic,list_iteration,compile,15,2.2042e-05
5,tonic,list_iteration,compile,16,2.2167e-05
5,tonic,list_iteration,compile,17,2.225e-05
5,tonic,list_iteration,compile,18,2.2e-05
5,tonic,list_iteration,compile,19,2.2e-05
5,tonic,list_iteration,compile,20,2.2125e-05
5,tonic,list_iteration,compile,21,2.1959e-05
5,tonic,list_iteration,compile,22,2.1917e-05
5,tonic,list_iteration,compile,23,2.2e-05
5,tonic,list_iteration,compile,24,2.2084e-05
5,tonic,list_iteration,compile,25,2.1958e-05
5,tonic,list_iteration,compile,26,2.2334e-05
5,tonic,list_iteration,compile,27,2.2167e-05
5,tonic,list_iteration,compile,28,2.1958e-05
5,tonic,list_iteration,compile,29,2.2125e-05
5,tonic,list_iteration,warm_run,0,0.000275875
5,tonic,list_iteration,warm_run,1,0.000279541
5,tonic,list_iteration,warm_run,2,0.000278875
5,tonic,list_iteration,warm_run,3,0.000279083
5,tonic,list_iteration,warm_run,4,0.000278541
5,tonic,list_iteration,warm_run,5,0.000279917
5,tonic,list_iteration,warm_run,6,0.000280125
5,tonic,list_iteration,warm_run,7,0.0002785
5,tonic,list_iteration,warm_run,8,0.000279333
5,tonic,list_iteration,warm_run,9,0.000279042
5,tonic,list_iteration,warm_run,10,0.00028225
5,tonic,list_iteration,warm_run,11,0.000280167
5,tonic,list_iteration,warm_run,12,0.000278666
5,tonic,list_iteration,warm_run,13,0.000279208
5,tonic,list_iteration,warm_run,14,0.000280375
5,tonic,list_iteration,warm_run,15,0.000279417
5,tonic,list_iteration,warm_run,16,0.000280792
5,tonic,list_iteration,warm_run,17,0.000280541
5,tonic,list_iteration,warm_run,18,0.000279875
5,tonic,list_iteration,warm_run,19,0.000278625
5,tonic,list_iteration,warm_run,20,0.000279416
5,tonic,list_iteration,warm_run,21,0.000278833
5,tonic,list_iteration,warm_run,22,0.000279375
5,tonic,list_iteration,warm_run,23,0.000279875
5,tonic,list_iteration,warm_run,24,0.000281292
5,tonic,list_iteration,warm_run,25,0.00028075
5,tonic,list_iteration,warm_run,26,0.000281333
5,tonic,list_iteration,warm_run,27,0.000279459
5,tonic,list_iteration,warm_run,28,0.000279833
5,tonic,list_iteration,warm_run,29,0.0002825
5,tonic,closure_calls,compile,0,1.8833e-05
5,tonic,closure_calls,compile,1,2.4125e-05
5,tonic,closure_calls,compile,2,2.4e-05
5,tonic,closure_calls,compile,3,2.3917e-05
5,tonic,closure_calls,compile,4,2.3916e-05
5,tonic,closure_calls,compile,5,2.3917e-05
5,tonic,closure_calls,compile,6,2.3666e-05
5,tonic,closure_calls,compile,7,2.3833e-05
5,tonic,closure_calls,compile,8,2.3667e-05
5,tonic,closure_calls,compile,9,2.3708e-05
5,tonic,closure_calls,compile,10,2.3542e-05
5,tonic,closure_calls,compile,11,2.4e-05
5,tonic,closure_calls,compile,12,2.3667e-05
5,tonic,closure_calls,compile,13,2.3792e-05
5,tonic,closure_calls,compile,14,2.3792e-05
5,tonic,closure_calls,compile,15,2.3916e-05
5,tonic,closure_calls,compile,16,2.3958e-05
5,tonic,closure_calls,compile,17,2.375e-05
5,tonic,closure_calls,compile,18,2.3958e-05
5,tonic,closure_calls,compile,19,2.3625e-05
5,tonic,closure_calls,compile,20,2.525e-05
5,tonic,closure_calls,compile,21,2.4167e-05
5,tonic,closure_calls,compile,22,2.3833e-05
5,tonic,closure_calls,compile,23,2.3667e-05
5,tonic,closure_calls,compile,24,2.3666e-05
5,tonic,closure_calls,compile,25,2.3792e-05
5,tonic,closure_calls,compile,26,2.3666e-05
5,tonic,closure_calls,compile,27,2.3583e-05
5,tonic,closure_calls,compile,28,2.375e-05
5,tonic,closure_calls,compile,29,2.3625e-05
5,tonic,closure_calls,warm_run,0,0.00105375
5,tonic,closure_calls,warm_run,1,0.001053583
5,tonic,closure_calls,warm_run,2,0.001061167
5,tonic,closure_calls,warm_run,3,0.001080375
5,tonic,closure_calls,warm_run,4,0.001077958
5,tonic,closure_calls,warm_run,5,0.001086792
5,tonic,closure_calls,warm_run,6,0.001079125
5,tonic,closure_calls,warm_run,7,0.001077917
5,tonic,closure_calls,warm_run,8,0.001075791
5,tonic,closure_calls,warm_run,9,0.001074166
5,tonic,closure_calls,warm_run,10,0.001076666
5,tonic,closure_calls,warm_run,11,0.001070209
5,tonic,closure_calls,warm_run,12,0.001079542
5,tonic,closure_calls,warm_run,13,0.001077416
5,tonic,closure_calls,warm_run,14,0.0010715
5,tonic,closure_calls,warm_run,15,0.00106925
5,tonic,closure_calls,warm_run,16,0.001077084
5,tonic,closure_calls,warm_run,17,0.00107275
5,tonic,closure_calls,warm_run,18,0.001075166
5,tonic,closure_calls,warm_run,19,0.001062834
5,tonic,closure_calls,warm_run,20,0.001091667
5,tonic,closure_calls,warm_run,21,0.001076458
5,tonic,closure_calls,warm_run,22,0.001059334
5,tonic,closure_calls,warm_run,23,0.001068625
5,tonic,closure_calls,warm_run,24,0.001074292
5,tonic,closure_calls,warm_run,25,0.00105725
5,tonic,closure_calls,warm_run,26,0.001060958
5,tonic,closure_calls,warm_run,27,0.00110475
5,tonic,closure_calls,warm_run,28,0.001078834
5,tonic,closure_calls,warm_run,29,0.001055708
5,tonic,keyword_calls,compile,0,1.9166e-05
5,tonic,keyword_calls,compile,1,2.4e-05
5,tonic,keyword_calls,compile,2,2.4167e-05
5,tonic,keyword_calls,compile,3,2.4166e-05
5,tonic,keyword_calls,compile,4,2.4041e-05
5,tonic,keyword_calls,compile,5,2.4166e-05
5,tonic,keyword_calls,compile,6,2.4333e-05
5,tonic,keyword_calls,compile,7,2.4291e-05
5,tonic,keyword_calls,compile,8,2.4291e-05
5,tonic,keyword_calls,compile,9,2.4166e-05
5,tonic,keyword_calls,compile,10,2.3833e-05
5,tonic,keyword_calls,compile,11,2.4042e-05
5,tonic,keyword_calls,compile,12,2.375e-05
5,tonic,keyword_calls,compile,13,2.3958e-05
5,tonic,keyword_calls,compile,14,2.4125e-05
5,tonic,keyword_calls,compile,15,2.4291e-05
5,tonic,keyword_calls,compile,16,2.3958e-05
5,tonic,keyword_calls,compile,17,2.3792e-05
5,tonic,keyword_calls,compile,18,2.3875e-05
5,tonic,keyword_calls,compile,19,2.3916e-05
5,tonic,keyword_calls,compile,20,2.4e-05
5,tonic,keyword_calls,compile,21,2.3916e-05
5,tonic,keyword_calls,compile,22,2.4041e-05
5,tonic,keyword_calls,compile,23,2.3917e-05
5,tonic,keyword_calls,compile,24,2.375e-05
5,tonic,keyword_calls,compile,25,2.4041e-05
5,tonic,keyword_calls,compile,26,2.375e-05
5,tonic,keyword_calls,compile,27,2.3917e-05
5,tonic,keyword_calls,compile,28,2.4167e-05
5,tonic,keyword_calls,compile,29,2.3791e-05
5,tonic,keyword_calls,warm_run,0,0.001394333
5,tonic,keyword_calls,warm_run,1,0.00141925
5,tonic,keyword_calls,warm_run,2,0.001409875
5,tonic,keyword_calls,warm_run,3,0.001420333
5,tonic,keyword_calls,warm_run,4,0.0014135
5,tonic,keyword_calls,warm_run,5,0.001410167
5,tonic,keyword_calls,warm_run,6,0.001404375
5,tonic,keyword_calls,warm_run,7,0.001394875
5,tonic,keyword_calls,warm_run,8,0.00139975
5,tonic,keyword_calls,warm_run,9,0.001411541
5,tonic,keyword_calls,warm_run,10,0.001396584
5,tonic,keyword_calls,warm_run,11,0.001405834
5,tonic,keyword_calls,warm_run,12,0.001404708
5,tonic,keyword_calls,warm_run,13,0.001399583
5,tonic,keyword_calls,warm_run,14,0.001399792
5,tonic,keyword_calls,warm_run,15,0.001410292
5,tonic,keyword_calls,warm_run,16,0.001399125
5,tonic,keyword_calls,warm_run,17,0.001395959
5,tonic,keyword_calls,warm_run,18,0.00141025
5,tonic,keyword_calls,warm_run,19,0.001397667
5,tonic,keyword_calls,warm_run,20,0.001405208
5,tonic,keyword_calls,warm_run,21,0.001442208
5,tonic,keyword_calls,warm_run,22,0.001395083
5,tonic,keyword_calls,warm_run,23,0.00139475
5,tonic,keyword_calls,warm_run,24,0.001398291
5,tonic,keyword_calls,warm_run,25,0.001388166
5,tonic,keyword_calls,warm_run,26,0.001417167
5,tonic,keyword_calls,warm_run,27,0.001420792
5,tonic,keyword_calls,warm_run,28,0.001418875
5,tonic,keyword_calls,warm_run,29,0.001427917
5,tonic,dict_lookup,compile,0,1.6375e-05
5,tonic,dict_lookup,compile,1,2.175e-05
5,tonic,dict_lookup,compile,2,2.1208e-05
5,tonic,dict_lookup,compile,3,2.1084e-05
5,tonic,dict_lookup,compile,4,2.1e-05
5,tonic,dict_lookup,compile,5,2.0625e-05
5,tonic,dict_lookup,compile,6,2.0791e-05
5,tonic,dict_lookup,compile,7,2.075e-05
5,tonic,dict_lookup,compile,8,2.0792e-05
5,tonic,dict_lookup,compile,9,1.9791e-05
5,tonic,dict_lookup,compile,10,2.0583e-05
5,tonic,dict_lookup,compile,11,2.025e-05
5,tonic,dict_lookup,compile,12,2.0458e-05
5,tonic,dict_lookup,compile,13,2.0666e-05
5,tonic,dict_lookup,compile,14,2.0625e-05
5,tonic,dict_lookup,compile,15,2.0708e-05
5,tonic,dict_lookup,compile,16,2.0625e-05
5,tonic,dict_lookup,compile,17,2.0709e-05
5,tonic,dict_lookup,compile,18,2.0791e-05
5,tonic,dict_lookup,compile,19,2.0958e-05
5,tonic,dict_lookup,compile,20,2.0667e-05
5,tonic,dict_lookup,compile,21,2.075e-05
5,tonic,dict_lookup,compile,22,2.0542e-05
5,tonic,dict_lookup,compile,23,2.0709e-05
5,tonic,dict_lookup,compile,24,2.0625e-05
5,tonic,dict_lookup,compile,25,2.0667e-05
5,tonic,dict_lookup,compile,26,2.0542e-05
5,tonic,dict_lookup,compile,27,2.0417e-05
5,tonic,dict_lookup,compile,28,2.0708e-05
5,tonic,dict_lookup,compile,29,2.0792e-05
5,tonic,dict_lookup,warm_run,0,0.0009525
5,tonic,dict_lookup,warm_run,1,0.000971
5,tonic,dict_lookup,warm_run,2,0.000946417
5,tonic,dict_lookup,warm_run,3,0.000962834
5,tonic,dict_lookup,warm_run,4,0.00097
5,tonic,dict_lookup,warm_run,5,0.000965791
5,tonic,dict_lookup,warm_run,6,0.000970625
5,tonic,dict_lookup,warm_run,7,0.000960417
5,tonic,dict_lookup,warm_run,8,0.000967041
5,tonic,dict_lookup,warm_run,9,0.000944167
5,tonic,dict_lookup,warm_run,10,0.000964666
5,tonic,dict_lookup,warm_run,11,0.000949041
5,tonic,dict_lookup,warm_run,12,0.000966458
5,tonic,dict_lookup,warm_run,13,0.000982541
5,tonic,dict_lookup,warm_run,14,0.001041333
5,tonic,dict_lookup,warm_run,15,0.000985083
5,tonic,dict_lookup,warm_run,16,0.000952875
5,tonic,dict_lookup,warm_run,17,0.000959833
5,tonic,dict_lookup,warm_run,18,0.00094275
5,tonic,dict_lookup,warm_run,19,0.000946917
5,tonic,dict_lookup,warm_run,20,0.000941875
5,tonic,dict_lookup,warm_run,21,0.000939375
5,tonic,dict_lookup,warm_run,22,0.000954542
5,tonic,dict_lookup,warm_run,23,0.000953084
5,tonic,dict_lookup,warm_run,24,0.000959291
5,tonic,dict_lookup,warm_run,25,0.000944792
5,tonic,dict_lookup,warm_run,26,0.000949209
5,tonic,dict_lookup,warm_run,27,0.000945917
5,tonic,dict_lookup,warm_run,28,0.000953459
5,tonic,dict_lookup,warm_run,29,0.000953958
5,tonic,dict_insert,compile,0,1.2209e-05
5,tonic,dict_insert,compile,1,1.5458e-05
5,tonic,dict_insert,compile,2,1.55e-05
5,tonic,dict_insert,compile,3,1.4708e-05
5,tonic,dict_insert,compile,4,1.5417e-05
5,tonic,dict_insert,compile,5,1.5084e-05
5,tonic,dict_insert,compile,6,1.2625e-05
5,tonic,dict_insert,compile,7,1.5209e-05
5,tonic,dict_insert,compile,8,1.2958e-05
5,tonic,dict_insert,compile,9,1.5292e-05
5,tonic,dict_insert,compile,10,1.5125e-05
5,tonic,dict_insert,compile,11,1.5375e-05
5,tonic,dict_insert,compile,12,1.4167e-05
5,tonic,dict_insert,compile,13,1.5209e-05
5,tonic,dict_insert,compile,14,1.5375e-05
5,tonic,dict_insert,compile,15,1.275e-05
5,tonic,dict_insert,compile,16,1.5167e-05
5,tonic,dict_insert,compile,17,1.4334e-05
5,tonic,dict_insert,compile,18,1.5125e-05
5,tonic,dict_insert,compile,19,1.5208e-05
5,tonic,dict_insert,compile,20,1.2917e-05
5,tonic,dict_insert,compile,21,1.525e-05
5,tonic,dict_insert,compile,22,1.4166e-05
5,tonic,dict_insert,compile,23,1.5084e-05
5,tonic,dict_insert,compile,24,1.5125e-05
5,tonic,dict_insert,compile,25,1.2833e-05
5,tonic,dict_insert,compile,26,1.5166e-05
5,tonic,dict_insert,compile,27,1.4125e-05
5,tonic,dict_insert,compile,28,1.525e-05
5,tonic,dict_insert,compile,29,1.5083e-05
5,tonic,dict_insert,warm_run,0,0.001088833
5,tonic,dict_insert,warm_run,1,0.001081
5,tonic,dict_insert,warm_run,2,0.001084
5,tonic,dict_insert,warm_run,3,0.001095791
5,tonic,dict_insert,warm_run,4,0.001075292
5,tonic,dict_insert,warm_run,5,0.001073375
5,tonic,dict_insert,warm_run,6,0.001085917
5,tonic,dict_insert,warm_run,7,0.001085333
5,tonic,dict_insert,warm_run,8,0.001079167
5,tonic,dict_insert,warm_run,9,0.001084334
5,tonic,dict_insert,warm_run,10,0.001083958
5,tonic,dict_insert,warm_run,11,0.0010845
5,tonic,dict_insert,warm_run,12,0.00109575
5,tonic,dict_insert,warm_run,13,0.001086084
5,tonic,dict_insert,warm_run,14,0.001077958
5,tonic,dict_insert,warm_run,15,0.001079417
5,tonic,dict_insert,warm_run,16,0.00107475
5,tonic,dict_insert,warm_run,17,0.001081417
5,tonic,dict_insert,warm_run,18,0.001090458
5,tonic,dict_insert,warm_run,19,0.0010905
5,tonic,dict_insert,warm_run,20,0.001078
5,tonic,dict_insert,warm_run,21,0.001079834
5,tonic,dict_insert,warm_run,22,0.001075833
5,tonic,dict_insert,warm_run,23,0.001079709
5,tonic,dict_insert,warm_run,24,0.001078083
5,tonic,dict_insert,warm_run,25,0.00109025
5,tonic,dict_insert,warm_run,26,0.001087083
5,tonic,dict_insert,warm_run,27,0.001085917
5,tonic,dict_insert,warm_run,28,0.001078666
5,tonic,dict_insert,warm_run,29,0.001078834
5,tonic,attribute_load,compile,0,1.5084e-05
5,tonic,attribute_load,compile,1,1.9417e-05
5,tonic,attribute_load,compile,2,1.9375e-05
5,tonic,attribute_load,compile,3,1.9208e-05
5,tonic,attribute_load,compile,4,1.9334e-05
5,tonic,attribute_load,compile,5,1.9042e-05
5,tonic,attribute_load,compile,6,1.9375e-05
5,tonic,attribute_load,compile,7,1.9333e-05
5,tonic,attribute_load,compile,8,1.7208e-05
5,tonic,attribute_load,compile,9,1.9292e-05
5,tonic,attribute_load,compile,10,1.9334e-05
5,tonic,attribute_load,compile,11,1.925e-05
5,tonic,attribute_load,compile,12,1.925e-05
5,tonic,attribute_load,compile,13,1.9125e-05
5,tonic,attribute_load,compile,14,1.9208e-05
5,tonic,attribute_load,compile,15,1.7e-05
5,tonic,attribute_load,compile,16,1.9291e-05
5,tonic,attribute_load,compile,17,1.925e-05
5,tonic,attribute_load,compile,18,1.9417e-05
5,tonic,attribute_load,compile,19,1.9167e-05
5,tonic,attribute_load,compile,20,1.9375e-05
5,tonic,attribute_load,compile,21,1.9167e-05
5,tonic,attribute_load,compile,22,1.9041e-05
5,tonic,attribute_load,compile,23,1.7e-05
5,tonic,attribute_load,compile,24,1.925e-05
5,tonic,attribute_load,compile,25,1.925e-05
5,tonic,attribute_load,compile,26,1.9292e-05
5,tonic,attribute_load,compile,27,1.9208e-05
5,tonic,attribute_load,compile,28,1.9083e-05
5,tonic,attribute_load,compile,29,1.9166e-05
5,tonic,attribute_load,warm_run,0,0.000837125
5,tonic,attribute_load,warm_run,1,0.000843375
5,tonic,attribute_load,warm_run,2,0.000839625
5,tonic,attribute_load,warm_run,3,0.000851
5,tonic,attribute_load,warm_run,4,0.000840791
5,tonic,attribute_load,warm_run,5,0.000839583
5,tonic,attribute_load,warm_run,6,0.000845833
5,tonic,attribute_load,warm_run,7,0.00083775
5,tonic,attribute_load,warm_run,8,0.000842125
5,tonic,attribute_load,warm_run,9,0.000841375
5,tonic,attribute_load,warm_run,10,0.000839792
5,tonic,attribute_load,warm_run,11,0.000841375
5,tonic,attribute_load,warm_run,12,0.000842167
5,tonic,attribute_load,warm_run,13,0.000837541
5,tonic,attribute_load,warm_run,14,0.000838042
5,tonic,attribute_load,warm_run,15,0.000837167
5,tonic,attribute_load,warm_run,16,0.000838708
5,tonic,attribute_load,warm_run,17,0.000831542
5,tonic,attribute_load,warm_run,18,0.000820375
5,tonic,attribute_load,warm_run,19,0.000838917
5,tonic,attribute_load,warm_run,20,0.000820375
5,tonic,attribute_load,warm_run,21,0.000836167
5,tonic,attribute_load,warm_run,22,0.000820417
5,tonic,attribute_load,warm_run,23,0.000840208
5,tonic,attribute_load,warm_run,24,0.000826625
5,tonic,attribute_load,warm_run,25,0.000837459
5,tonic,attribute_load,warm_run,26,0.000817375
5,tonic,attribute_load,warm_run,27,0.000848833
5,tonic,attribute_load,warm_run,28,0.00082325
5,tonic,attribute_load,warm_run,29,0.000841125
5,tonic,bound_method_calls,compile,0,1.7833e-05
5,tonic,bound_method_calls,compile,1,2.3209e-05
5,tonic,bound_method_calls,compile,2,2.3083e-05
5,tonic,bound_method_calls,compile,3,2.2791e-05
5,tonic,bound_method_calls,compile,4,2.2791e-05
5,tonic,bound_method_calls,compile,5,2.2875e-05
5,tonic,bound_method_calls,compile,6,2.2625e-05
5,tonic,bound_method_calls,compile,7,2.2875e-05
5,tonic,bound_method_calls,compile,8,2.2792e-05
5,tonic,bound_method_calls,compile,9,2.2584e-05
5,tonic,bound_method_calls,compile,10,2.2625e-05
5,tonic,bound_method_calls,compile,11,2.275e-05
5,tonic,bound_method_calls,compile,12,2.25e-05
5,tonic,bound_method_calls,compile,13,2.2875e-05
5,tonic,bound_method_calls,compile,14,2.2959e-05
5,tonic,bound_method_calls,compile,15,2.275e-05
5,tonic,bound_method_calls,compile,16,2.2542e-05
5,tonic,bound_method_calls,compile,17,2.2583e-05
5,tonic,bound_method_calls,compile,18,2.25e-05
5,tonic,bound_method_calls,compile,19,2.2625e-05
5,tonic,bound_method_calls,compile,20,2.25e-05
5,tonic,bound_method_calls,compile,21,2.275e-05
5,tonic,bound_method_calls,compile,22,2.275e-05
5,tonic,bound_method_calls,compile,23,2.2792e-05
5,tonic,bound_method_calls,compile,24,2.275e-05
5,tonic,bound_method_calls,compile,25,2.2916e-05
5,tonic,bound_method_calls,compile,26,2.2791e-05
5,tonic,bound_method_calls,compile,27,2.2542e-05
5,tonic,bound_method_calls,compile,28,2.2583e-05
5,tonic,bound_method_calls,compile,29,2.2833e-05
5,tonic,bound_method_calls,warm_run,0,0.001694917
5,tonic,bound_method_calls,warm_run,1,0.001699875
5,tonic,bound_method_calls,warm_run,2,0.001693583
5,tonic,bound_method_calls,warm_run,3,0.001700333
5,tonic,bound_method_calls,warm_run,4,0.001701375
5,tonic,bound_method_calls,warm_run,5,0.001696667
5,tonic,bound_method_calls,warm_run,6,0.0017015
5,tonic,bound_method_calls,warm_run,7,0.001699292
5,tonic,bound_method_calls,warm_run,8,0.001692166
5,tonic,bound_method_calls,warm_run,9,0.001693625
5,tonic,bound_method_calls,warm_run,10,0.001696208
5,tonic,bound_method_calls,warm_run,11,0.001690208
5,tonic,bound_method_calls,warm_run,12,0.001692125
5,tonic,bound_method_calls,warm_run,13,0.0016965
5,tonic,bound_method_calls,warm_run,14,0.001695459
5,tonic,bound_method_calls,warm_run,15,0.001687875
5,tonic,bound_method_calls,warm_run,16,0.001699708
5,tonic,bound_method_calls,warm_run,17,0.001688208
5,tonic,bound_method_calls,warm_run,18,0.001698042
5,tonic,bound_method_calls,warm_run,19,0.001687917
5,tonic,bound_method_calls,warm_run,20,0.001691166
5,tonic,bound_method_calls,warm_run,21,0.00168575
5,tonic,bound_method_calls,warm_run,22,0.001695166
5,tonic,bound_method_calls,warm_run,23,0.001695416
5,tonic,bound_method_calls,warm_run,24,0.001689125
5,tonic,bound_method_calls,warm_run,25,0.001781166
5,tonic,bound_method_calls,warm_run,26,0.001709416
5,tonic,bound_method_calls,warm_run,27,0.001684917
5,tonic,bound_method_calls,warm_run,28,0.001685792
5,tonic,bound_method_calls,warm_run,29,0.001686917
5,tonic,descriptor_load,compile,0,2.2542e-05
5,tonic,descriptor_load,compile,1,2.6834e-05
5,tonic,descriptor_load,compile,2,2.6708e-05
5,tonic,descriptor_load,compile,3,2.6708e-05
5,tonic,descriptor_load,compile,4,2.6417e-05
5,tonic,descriptor_load,compile,5,2.6417e-05
5,tonic,descriptor_load,compile,6,2.6583e-05
5,tonic,descriptor_load,compile,7,2.675e-05
5,tonic,descriptor_load,compile,8,2.6417e-05
5,tonic,descriptor_load,compile,9,2.6417e-05
5,tonic,descriptor_load,compile,10,2.6416e-05
5,tonic,descriptor_load,compile,11,2.65e-05
5,tonic,descriptor_load,compile,12,2.6541e-05
5,tonic,descriptor_load,compile,13,2.6625e-05
5,tonic,descriptor_load,compile,14,2.6333e-05
5,tonic,descriptor_load,compile,15,2.775e-05
5,tonic,descriptor_load,compile,16,2.6542e-05
5,tonic,descriptor_load,compile,17,2.6375e-05
5,tonic,descriptor_load,compile,18,2.625e-05
5,tonic,descriptor_load,compile,19,2.6417e-05
5,tonic,descriptor_load,compile,20,2.6208e-05
5,tonic,descriptor_load,compile,21,2.6375e-05
5,tonic,descriptor_load,compile,22,2.6291e-05
5,tonic,descriptor_load,compile,23,2.6333e-05
5,tonic,descriptor_load,compile,24,2.6458e-05
5,tonic,descriptor_load,compile,25,2.65e-05
5,tonic,descriptor_load,compile,26,2.65e-05
5,tonic,descriptor_load,compile,27,2.6291e-05
5,tonic,descriptor_load,compile,28,2.6459e-05
5,tonic,descriptor_load,compile,29,2.6459e-05
5,tonic,descriptor_load,warm_run,0,0.002050209
5,tonic,descriptor_load,warm_run,1,0.002070167
5,tonic,descriptor_load,warm_run,2,0.002050167
5,tonic,descriptor_load,warm_run,3,0.002046625
5,tonic,descriptor_load,warm_run,4,0.002055916
5,tonic,descriptor_load,warm_run,5,0.002051708
5,tonic,descriptor_load,warm_run,6,0.00205375
5,tonic,descriptor_load,warm_run,7,0.00209875
5,tonic,descriptor_load,warm_run,8,0.002090708
5,tonic,descriptor_load,warm_run,9,0.002104625
5,tonic,descriptor_load,warm_run,10,0.002107541
5,tonic,descriptor_load,warm_run,11,0.002100125
5,tonic,descriptor_load,warm_run,12,0.002102083
5,tonic,descriptor_load,warm_run,13,0.002099666
5,tonic,descriptor_load,warm_run,14,0.002111125
5,tonic,descriptor_load,warm_run,15,0.002093416
5,tonic,descriptor_load,warm_run,16,0.002115333
5,tonic,descriptor_load,warm_run,17,0.002095416
5,tonic,descriptor_load,warm_run,18,0.00209525
5,tonic,descriptor_load,warm_run,19,0.002088
5,tonic,descriptor_load,warm_run,20,0.002090458
5,tonic,descriptor_load,warm_run,21,0.002091458
5,tonic,descriptor_load,warm_run,22,0.002095666
5,tonic,descriptor_load,warm_run,23,0.002089084
5,tonic,descriptor_load,warm_run,24,0.002076375
5,tonic,descriptor_load,warm_run,25,0.002124
5,tonic,descriptor_load,warm_run,26,0.002094959
5,tonic,descriptor_load,warm_run,27,0.002078208
5,tonic,descriptor_load,warm_run,28,0.002084666
5,tonic,descriptor_load,warm_run,29,0.002084
5,tonic,super_calls,compile,0,2.4958e-05
5,tonic,super_calls,compile,1,2.9875e-05
5,tonic,super_calls,compile,2,3.0084e-05
5,tonic,super_calls,compile,3,3.0541e-05
5,tonic,super_calls,compile,4,2.9917e-05
5,tonic,super_calls,compile,5,3e-05
5,tonic,super_calls,compile,6,2.9667e-05
5,tonic,super_calls,compile,7,2.9917e-05
5,tonic,super_calls,compile,8,2.9625e-05
5,tonic,super_calls,compile,9,2.9875e-05
5,tonic,super_calls,compile,10,2.9791e-05
5,tonic,super_calls,compile,11,2.9584e-05
5,tonic,super_calls,compile,12,2.9833e-05
5,tonic,super_calls,compile,13,2.9833e-05
5,tonic,super_calls,compile,14,2.9625e-05
5,tonic,super_calls,compile,15,2.9833e-05
5,tonic,super_calls,compile,16,2.9959e-05
5,tonic,super_calls,compile,17,2.9875e-05
5,tonic,super_calls,compile,18,2.9875e-05
5,tonic,super_calls,compile,19,2.975e-05
5,tonic,super_calls,compile,20,2.9917e-05
5,tonic,super_calls,compile,21,2.9583e-05
5,tonic,super_calls,compile,22,2.9709e-05
5,tonic,super_calls,compile,23,2.9875e-05
5,tonic,super_calls,compile,24,2.975e-05
5,tonic,super_calls,compile,25,2.9708e-05
5,tonic,super_calls,compile,26,2.9875e-05
5,tonic,super_calls,compile,27,2.975e-05
5,tonic,super_calls,compile,28,2.9792e-05
5,tonic,super_calls,compile,29,2.9833e-05
5,tonic,super_calls,warm_run,0,0.003286583
5,tonic,super_calls,warm_run,1,0.003206917
5,tonic,super_calls,warm_run,2,0.003257875
5,tonic,super_calls,warm_run,3,0.003275708
5,tonic,super_calls,warm_run,4,0.00323025
5,tonic,super_calls,warm_run,5,0.0032745
5,tonic,super_calls,warm_run,6,0.003284834
5,tonic,super_calls,warm_run,7,0.003212167
5,tonic,super_calls,warm_run,8,0.003277542
5,tonic,super_calls,warm_run,9,0.00328325
5,tonic,super_calls,warm_run,10,0.003209
5,tonic,super_calls,warm_run,11,0.003275125
5,tonic,super_calls,warm_run,12,0.003277791
5,tonic,super_calls,warm_run,13,0.003200625
5,tonic,super_calls,warm_run,14,0.003268208
5,tonic,super_calls,warm_run,15,0.003274917
5,tonic,super_calls,warm_run,16,0.00321175
5,tonic,super_calls,warm_run,17,0.003354459
5,tonic,super_calls,warm_run,18,0.003425541
5,tonic,super_calls,warm_run,19,0.003371167
5,tonic,super_calls,warm_run,20,0.003424875
5,tonic,super_calls,warm_run,21,0.003408917
5,tonic,super_calls,warm_run,22,0.00336925
5,tonic,super_calls,warm_run,23,0.003437209
5,tonic,super_calls,warm_run,24,0.003433375
5,tonic,super_calls,warm_run,25,0.003383875
5,tonic,super_calls,warm_run,26,0.003419416
5,tonic,super_calls,warm_run,27,0.003416792
5,tonic,super_calls,warm_run,28,0.003304375
5,tonic,super_calls,warm_run,29,0.003374875
5,cpython,attribute_load,compile,0,1.9166996935382485e-05
5,cpython,attribute_load,compile,1,1.9625003915280104e-05
5,cpython,attribute_load,compile,2,1.904202508740127e-05
5,cpython,attribute_load,compile,3,1.8708000425249338e-05
5,cpython,attribute_load,compile,4,1.8749997252598405e-05
5,cpython,attribute_load,compile,5,1.866600359790027e-05
5,cpython,attribute_load,compile,6,1.86669931281358e-05
5,cpython,attribute_load,compile,7,1.8582999473437667e-05
5,cpython,attribute_load,compile,8,1.8624996300786734e-05
5,cpython,attribute_load,compile,9,1.854199217632413e-05
5,cpython,attribute_load,compile,10,1.854199217632413e-05
5,cpython,attribute_load,compile,11,1.8499995348975062e-05
5,cpython,attribute_load,compile,12,1.8375023500993848e-05
5,cpython,attribute_load,compile,13,1.8834020011126995e-05
5,cpython,attribute_load,compile,14,1.8624996300786734e-05
5,cpython,attribute_load,compile,15,1.8582999473437667e-05
5,cpython,attribute_load,compile,16,1.85410026460886e-05
5,cpython,attribute_load,compile,17,1.8749997252598405e-05
5,cpython,attribute_load,compile,18,1.8583989003673196e-05
5,cpython,attribute_load,compile,19,1.8499995348975062e-05
5,cpython,attribute_load,compile,20,1.8584018107503653e-05
5,cpython,attribute_load,compile,21,1.8999999156221747e-05
5,cpython,attribute_load,compile,22,1.8624996300786734e-05
5,cpython,attribute_load,compile,23,1.854199217632413e-05
5,cpython,attribute_load,compile,24,1.854199217632413e-05
5,cpython,attribute_load,compile,25,1.8874998204410076e-05
5,cpython,attribute_load,compile,26,1.8416991224512458e-05
5,cpython,attribute_load,compile,27,1.841600169427693e-05
5,cpython,attribute_load,compile,28,2.13750172406435e-05
5,cpython,attribute_load,compile,29,2.087498432956636e-05
5,cpython,attribute_load,warm_run,0,0.000494792009703815
5,cpython,attribute_load,warm_run,1,0.0004939169739373028
5,cpython,attribute_load,warm_run,2,0.0004927499976474792
5,cpython,attribute_load,warm_run,3,0.0004929580027237535
5,cpython,attribute_load,warm_run,4,0.0004921660001855344
5,cpython,attribute_load,warm_run,5,0.000492291001137346
5,cpython,attribute_load,warm_run,6,0.0004929999995511025
5,cpython,attribute_load,warm_run,7,0.000492250022944063
5,cpython,attribute_load,warm_run,8,0.0004925840185023844
5,cpython,attribute_load,warm_run,9,0.0004923329979646951
5,cpython,attribute_load,warm_run,10,0.0004927499976474792
5,cpython,attribute_load,warm_run,11,0.0004943329840898514
5,cpython,attribute_load,warm_run,12,0.0004924589884467423
5,cpython,attribute_load,warm_run,13,0.000492250022944063
5,cpython,attribute_load,warm_run,14,0.0004974170005880296
5,cpython,attribute_load,warm_run,15,0.0004926669935230166
5,cpython,attribute_load,warm_run,16,0.0004968749999534339
5,cpython,attribute_load,warm_run,17,0.0004954159958288074
5,cpython,attribute_load,warm_run,18,0.0004950000147800893
5,cpython,attribute_load,warm_run,19,0.0004949999856762588
5,cpython,attribute_load,warm_run,20,0.0004985420091543347
5,cpython,attribute_load,warm_run,21,0.0004923339874949306
5,cpython,attribute_load,warm_run,22,0.0004920419887639582
5,cpython,attribute_load,warm_run,23,0.0004919579951092601
5,cpython,attribute_load,warm_run,24,0.0004964580002706498
5,cpython,attribute_load,warm_run,25,0.0004924999957438558
5,cpython,attribute_load,warm_run,26,0.0004925419925712049
5,cpython,attribute_load,warm_run,27,0.000492292019771412
5,cpython,attribute_load,warm_run,28,0.0004921250219922513
5,cpython,attribute_load,warm_run,29,0.0005013750051148236
5,cpython,bound_method_calls,compile,0,2.449998282827437e-05
5,cpython,bound_method_calls,compile,1,2.449998282827437e-05
5,cpython,bound_method_calls,compile,2,2.4375010980293155e-05
5,cpython,bound_method_calls,compile,3,2.4165987269952893e-05
5,cpython,bound_method_calls,compile,4,2.4334003683179617e-05
5,cpython,bound_method_calls,compile,5,2.433298504911363e-05
5,cpython,bound_method_calls,compile,6,2.4165987269952893e-05
5,cpython,bound_method_calls,compile,7,2.4250010028481483e-05
5,cpython,bound_method_calls,compile,8,2.433298504911363e-05
5,cpython,bound_method_calls,compile,9,2.408298314549029e-05
5,cpython,bound_method_calls,compile,10,2.4625012883916497e-05
5,cpython,bound_method_calls,compile,11,2.420798409730196e-05
5,cpython,bound_method_calls,compile,12,2.445801510475576e-05
5,cpython,bound_method_calls,compile,13,2.4042004952207208e-05
5,cpython,bound_method_calls,compile,14,2.408298314549029e-05
5,cpython,bound_method_calls,compile,15,2.3917004000395536e-05
5,cpython,bound_method_calls,compile,16,2.416700590401888e-05
5,cpython,bound_method_calls,compile,17,2.4291977752000093e-05
5,cpython,bound_method_calls,compile,18,2.4416018277406693e-05
5,cpython,bound_method_calls,compile,19,2.433298504911363e-05
5,cpython,bound_method_calls,compile,20,2.4290988221764565e-05
5,cpython,bound_method_calls,compile,21,2.591699012555182e-05
5,cpython,bound_method_calls,compile,22,2.4459004634991288e-05
5,cpython,bound_method_calls,compile,23,2.4208013201132417e-05
5,cpython,bound_method_calls,compile,24,2.4541019229218364e-05
5,cpython,bound_method_calls,compile,25,2.4291977752000093e-05
5,cpython,bound_method_calls,compile,26,2.5999994250014424e-05
5,cpython,bound_method_calls,compile,27,2.4375010980293155e-05
5,cpython,bound_method_calls,compile,28,2.4209002731367946e-05
5,cpython,bound_method_calls,compile,29,2.4541979655623436e-05
5,cpython,bound_method_calls,warm_run,0,0.0006783749850001186
5,cpython,bound_method_calls,warm_run,1,0.0006452919915318489
5,cpython,bound_method_calls,warm_run,2,0.000667500018607825
5,cpython,bound_method_calls,warm_run,3,0.000640292011667043
5,cpython,bound_method_calls,warm_run,4,0.0006621249776799232
5,cpython,bound_method_calls,warm_run,5,0.0006755829963367432
5,cpython,bound_method_calls,warm_run,6,0.0019522910006344318
5,cpython,bound_method_calls,warm_run,7,0.0006793329957872629
5,cpython,bound_method_calls,warm_run,8,0.000668874999973923
5,cpython,bound_method_calls,warm_run,9,0.0006591249839402735
5,cpython,bound_method_calls,warm_run,10,0.0006664160173386335
5,cpython,bound_method_calls,warm_run,11,0.0006790409970562905
5,cpython,bound_method_calls,warm_run,12,0.0006671670125797391
5,cpython,bound_method_calls,warm_run,13,0.0006804169970564544
5,cpython,bound_method_calls,warm_run,14,0.0006709170120302588
5,cpython,bound_method_calls,warm_run,15,0.0006691660091746598
5,cpython,bound_method_calls,warm_run,16,0.0006712909962516278
5,cpython,bound_method_calls,warm_run,17,0.0006742090045008808
5,cpython,bound_method_calls,warm_run,18,0.0006717500218655914
5,cpython,bound_method_calls,warm_run,19,0.0006713329930789769
5,cpython,bound_method_calls,warm_run,20,0.0006653750024270266
5,cpython,bound_method_calls,warm_run,21,0.0006729580054525286
5,cpython,bound_method_calls,warm_run,22,0.0006805830053053796
5,cpython,bound_method_calls,warm_run,23,0.000672875001328066
5,cpython,bound_method_calls,warm_run,24,0.0006728330045007169
5,cpython,bound_method_calls,warm_run,25,0.0006821250135544688
5,cpython,bound_method_calls,warm_run,26,0.0006803750002291054
5,cpython,bound_method_calls,warm_run,27,0.0006697089993394911
5,cpython,bound_method_calls,warm_run,28,0.0006762910052202642
5,cpython,bound_method_calls,warm_run,29,0.0006660840008407831
5,cpython,closure_calls,compile,0,2.558401320129633e-05
5,cpython,closure_calls,compile,1,2.54589831456542e-05
5,cpython,closure_calls,compile,2,2.5832996470853686e-05
5,cpython,closure_calls,compile,3,2.541701542213559e-05
5,cpython,closure_calls,compile,4,2.5249988539144397e-05
5,cpython,closure_calls,compile,5,2.5708985049277544e-05
5,cpython,closure_calls,compile,6,2.516701351851225e-05
5,cpython,closure_calls,compile,7,2.5707995519042015e-05
5,cpython,closure_calls,compile,8,2.5166984414681792e-05
5,cpython,closure_calls,compile,9,2.516701351851225e-05
5,cpython,closure_calls,compile,10,2.5541987270116806e-05
5,cpython,closure_calls,compile,11,2.5250017642974854e-05
5,cpython,closure_calls,compile,12,2.5125016691163182e-05
5,cpython,closure_calls,compile,13,2.520799171179533e-05
5,cpython,closure_calls,compile,14,2.5125016691163182e-05
5,cpython,closure_calls,compile,15,2.5582994567230344e-05
5,cpython,closure_calls,compile,16,2.508299075998366e-05
5,cpython,closure_calls,compile,17,2.500001573935151e-05
5,cpython,closure_calls,compile,18,2.533398219384253e-05
5,cpython,closure_calls,compile,19,2.5249988539144397e-05
5,cpython,closure_calls,compile,20,2.4957989808171988e-05
5,cpython,closure_calls,compile,21,2.529201447032392e-05
5,cpython,closure_calls,compile,22,2.5125016691163182e-05
5,cpython,closure_calls,compile,23,2.5540997739881277e-05
5,cpython,closure_calls,compile,24,2.500001573935151e-05
5,cpython,closure_calls,compile,25,2.5040993932634592e-05
5,cpython,closure_calls,compile,26,2.5124987587332726e-05
5,cpython,closure_calls,compile,27,2.5124987587332726e-05
5,cpython,closure_calls,compile,28,2.508299075998366e-05
5,cpython,closure_calls,compile,29,2.5083019863814116e-05
5,cpython,closure_calls,warm_run,0,0.0005825410189572722
5,cpython,closure_calls,warm_run,1,0.0005646249919664115
5,cpython,closure_calls,warm_run,2,0.0005691669939551502
5,cpython,closure_calls,warm_run,3,0.0005701659829355776
5,cpython,closure_calls,warm_run,4,0.0005977079854346812
5,cpython,closure_calls,warm_run,5,0.0006004160095471889
5,cpython,closure_calls,warm_run,6,0.0005573749949689955
5,cpython,closure_calls,warm_run,7,0.0005643329932354391
5,cpython,closure_calls,warm_run,8,0.0005587920022662729
5,cpython,closure_calls,warm_run,9,0.0005668750090990216
5,cpython,closure_calls,warm_run,10,0.0005687089869752526
5,cpython,closure_calls,warm_run,11,0.0005733750003855675
5,cpython,closure_calls,warm_run,12,0.0005468750023283064
5,cpython,closure_calls,warm_run,13,0.000571915996260941
5,cpython,closure_calls,warm_run,14,0.0005532499926630408
5,cpython,closure_calls,warm_run,15,0.0005561670113820583
5,cpython,closure_calls,warm_run,16,0.0005683329945895821
5,cpython,closure_calls,warm_run,17,0.0005550409841816872
5,cpython,closure_calls,warm_run,18,0.000566834001801908
5,cpython,closure_calls,warm_run,19,0.000569333991734311
5,cpython,closure_calls,warm_run,20,0.0005912089836783707
5,cpython,closure_calls,warm_run,21,0.000567542010685429
5,cpython,closure_calls,warm_run,22,0.0005647079960908741
5,cpython,closure_calls,warm_run,23,0.0005552919756155461
5,cpython,closure_calls,warm_run,24,0.0005583750025834888
5,cpython,closure_calls,warm_run,25,0.0005662080075126141
5,cpython,closure_calls,warm_run,26,0.0005604579928331077
5,cpython,closure_calls,warm_run,27,0.0005737080064136535
5,cpython,closure_calls,warm_run,28,0.0005558330158237368
5,cpython,closure_calls,warm_run,29,0.0005671669787261635
5,cpython,descriptor_load,compile,0,3.2208015909418464e-05
5,cpython,descriptor_load,compile,1,3.2082985853776336e-05
5,cpython,descriptor_load,compile,2,3.21660190820694e-05
5,cpython,descriptor_load,compile,3,3.1957984901964664e-05
5,cpython,descriptor_load,compile,4,3.2374984584748745e-05
5,cpython,descriptor_load,compile,5,3.208301495760679e-05
5,cpython,descriptor_load,compile,6,3.187498077750206e-05
5,cpython,descriptor_load,compile,7,3.187500988133252e-05
5,cpython,descriptor_load,compile,8,3.241701051592827e-05
5,cpython,descriptor_load,compile,9,3.212501178495586e-05
5,cpython,descriptor_load,compile,10,3.2374984584748745e-05
5,cpython,descriptor_load,compile,11,3.191697760485113e-05
5,cpython,descriptor_load,compile,12,3.208301495760679e-05
5,cpython,descriptor_load,compile,13,3.2208015909418464e-05
5,cpython,descriptor_load,compile,14,3.187500988133252e-05
5,cpython,descriptor_load,compile,15,3.1750008929520845e-05
5,cpython,descriptor_load,compile,16,3.2459007343277335e-05
5,cpython,descriptor_load,compile,17,3.1917006708681583e-05
5,cpython,descriptor_load,compile,18,3.241701051592827e-05
5,cpython,descriptor_load,compile,19,3.1750008929520845e-05
5,cpython,descriptor_load,compile,20,3.208301495760679e-05
5,cpython,descriptor_load,compile,21,3.187500988133252e-05
5,cpython,descriptor_load,compile,22,3.170798299834132e-05
5,cpython,descriptor_load,compile,23,3.212501178495586e-05
5,cpython,descriptor_load,compile,24,3.21249826811254e-05
5,cpython,descriptor_load,compile,25,3.170900163240731e-05
5,cpython,descriptor_load,compile,26,3.2042007660493255e-05
5,cpython,descriptor_load,compile,27,3.154200385324657e-05
5,cpython,descriptor_load,compile,28,3.2208015909418464e-05
5,cpython,descriptor_load,compile,29,3.195801400579512e-05
5,cpython,descriptor_load,warm_run,0,0.0008316670136991888
5,cpython,descriptor_load,warm_run,1,0.0008203329925891012
5,cpython,descriptor_load,warm_run,2,0.0008246659999713302
5,cpython,descriptor_load,warm_run,3,0.0008197500137612224
5,cpython,descriptor_load,warm_run,4,0.0008145000028889626
5,cpython,descriptor_load,warm_run,5,0.000819500011857599
5,cpython,descriptor_load,warm_run,6,0.0008159999852068722
5,cpython,descriptor_load,warm_run,7,0.0008274170104414225
5,cpython,descriptor_load,warm_run,8,0.0008104580047074705
5,cpython,descriptor_load,warm_run,9,0.0008287079981528223
5,cpython,descriptor_load,warm_run,10,0.0008295000006910414
5,cpython,descriptor_load,warm_run,11,0.0008172079978976399
5,cpython,descriptor_load,warm_run,12,0.0008312089776154608
5,cpython,descriptor_load,warm_run,13,0.0008232500113081187
5,cpython,descriptor_load,warm_run,14,0.0008192090026568621
5,cpython,descriptor_load,warm_run,15,0.0008227090002037585
5,cpython,descriptor_load,warm_run,16,0.000820541987195611
5,cpython,descriptor_load,warm_run,17,0.000823125010356307
5,cpython,descriptor_load,warm_run,18,0.0008369999995920807
5,cpython,descriptor_load,warm_run,19,0.0008305000083055347
5,cpython,descriptor_load,warm_run,20,0.0008180829754564911
5,cpython,descriptor_load,warm_run,21,0.000820250017568469
5,cpython,descriptor_load,warm_run,22,0.0008218750008381903
5,cpython,descriptor_load,warm_run,23,0.000830666976980865
5,cpython,descriptor_load,warm_run,24,0.0008350420102942735
5,cpython,descriptor_load,warm_run,25,0.0008302089991047978
5,cpython,descriptor_load,warm_run,26,0.000818375003291294
5,cpython,descriptor_load,warm_run,27,0.0008128340123221278
5,cpython,descriptor_load,warm_run,28,0.0008318749896716326
5,cpython,descriptor_load,warm_run,29,0.0008203749894164503
5,cpython,dict_insert,compile,0,1.4042016118764877e-05
5,cpython,dict_insert,compile,1,1.3917015166953206e-05
5,cpython,dict_insert,compile,2,1.391698606312275e-05
5,cpython,dict_insert,compile,3,1.3834011042490602e-05
5,cpython,dict_insert,compile,4,1.3957993360236287e-05
5,cpython,dict_insert,compile,5,1.3832992408424616e-05
5,cpython,dict_insert,compile,6,1.400001929141581e-05
5,cpython,dict_insert,compile,7,1.4291988918557763e-05
5,cpython,dict_insert,compile,8,1.3874989235773683e-05
5,cpython,dict_insert,compile,9,1.387501833960414e-05
5,cpython,dict_insert,compile,10,1.387501833960414e-05
5,cpython,dict_insert,compile,11,1.3874989235773683e-05
5,cpython,dict_insert,compile,12,1.3874989235773683e-05
5,cpython,dict_insert,compile,13,1.5165976947173476e-05
5,cpython,dict_insert,compile,14,1.4290999388322234e-05
5,cpython,dict_insert,compile,15,1.404198701493442e-05
5,cpython,dict_insert,compile,16,1.387501833960414e-05
5,cpython,dict_insert,compile,17,1.4040997484698892e-05
5,cpython,dict_insert,compile,18,1.3582990504801273e-05
5,cpython,dict_insert,compile,19,1.387501833960414e-05
5,cpython,dict_insert,compile,20,1.362498733215034e-05
5,cpython,dict_insert,compile,21,1.3665994629263878e-05
5,cpython,dict_insert,compile,22,1.3750017387792468e-05
5,cpython,dict_insert,compile,23,1.3749988283962011e-05
5,cpython,dict_insert,compile,24,1.358301960863173e-05
5,cpython,dict_insert,compile,25,1.3874989235773683e-05
5,cpython,dict_insert,compile,26,1.3707991456612945e-05
5,cpython,dict_insert,compile,27,1.3666023733094335e-05
5,cpython,dict_insert,compile,28,1.3790995581075549e-05
5,cpython,dict_insert,compile,29,1.3792014215141535e-05
5,cpython,dict_insert,warm_run,0,0.0005439169763121754
5,cpython,dict_insert,warm_run,1,0.0005517079844139516
5,cpython,dict_insert,warm_run,2,0.0005535839882213622
5,cpython,dict_insert,warm_run,3,0.0005550000059884042
5,cpython,dict_insert,warm_run,4,0.0005534169904422015
5,cpython,dict_insert,warm_run,5,0.0005539999983739108
5,cpython,dict_insert,warm_run,6,0.0005552920047193766
5,cpython,dict_insert,warm_run,7,0.0005547080072574317
5,cpython,dict_insert,warm_run,8,0.0005537499964702874
5,cpython,dict_insert,warm_run,9,0.0005558330158237368
5,cpython,dict_insert,warm_run,10,0.00055383300059475
5,cpython,dict_insert,warm_run,11,0.0005540420243050903
5,cpython,dict_insert,warm_run,12,0.0005564579914789647
5,cpython,dict_insert,warm_run,13,0.0005557079857680947
5,cpython,dict_insert,warm_run,14,0.0005532499926630408
5,cpython,dict_insert,warm_run,15,0.0005576249968726188
5,cpython,dict_insert,warm_run,16,0.0005537079996429384
5,cpython,dict_insert,warm_run,17,0.0005543340230360627
5,cpython,dict_insert,warm_run,18,0.0005539169942494482
5,cpython,dict_insert,warm_run,19,0.0005544169980566949
5,cpython,dict_insert,warm_run,20,0.0005548750050365925
5,cpython,dict_insert,warm_run,21,0.0005592500092461705
5,cpython,dict_insert,warm_run,22,0.0005555000097956508
5,cpython,dict_insert,warm_run,23,0.0005552500078920275
5,cpython,dict_insert,warm_run,24,0.000553834019228816
5,cpython,dict_insert,warm_run,25,0.0005540830024983734
5,cpython,dict_insert,warm_run,26,0.0005537919932976365
5,cpython,dict_insert,warm_run,27,0.0005549580091610551
5,cpython,dict_insert,warm_run,28,0.0005544580053538084
5,cpython,dict_insert,warm_run,29,0.0005551250069402158
5,cpython,dict_lookup,compile,0,1.7166021279990673e-05
5,cpython,dict_lookup,compile,1,1.7290993127971888e-05
5,cpython,dict_lookup,compile,2,1.733301905915141e-05
5,cpython,dict_lookup,compile,3,1.712498487904668e-05
5,cpython,dict_lookup,compile,4,1.708301715552807e-05
5,cpython,dict_lookup,compile,5,1.7082988051697612e-05
5,cpython,dict_lookup,compile,6,1.7000013031065464e-05
5,cpython,dict_lookup,compile,7,1.7082988051697612e-05
5,cpython,dict_lookup,compile,8,1.7291022231802344e-05
5,cpython,dict_lookup,compile,9,1.7166981706395745e-05
5,cpython,dict_lookup,compile,10,1.708301715552807e-05
5,cpython,dict_lookup,compile,11,1.724998583085835e-05
5,cpython,dict_lookup,compile,12,1.7125013982877135e-05
5,cpython,dict_lookup,compile,13,1.6999983927235007e-05
5,cpython,dict_lookup,compile,14,1.708301715552807e-05
5,cpython,dict_lookup,compile,15,1.7165992176160216e-05
5,cpython,dict_lookup,compile,16,1.708301715552807e-05
5,cpython,dict_lookup,compile,17,1.7166981706395745e-05
5,cpython,dict_lookup,compile,18,1.7250014934688807e-05
5,cpython,dict_lookup,compile,19,1.7082988051697612e-05
5,cpython,dict_lookup,compile,20,1.708301715552807e-05
5,cpython,dict_lookup,compile,21,1.695798709988594e-05
5,cpython,dict_lookup,compile,22,1.7041020328179002e-05
5,cpython,dict_lookup,compile,23,1.712498487904668e-05
5,cpython,dict_lookup,compile,24,1.720801810733974e-05
5,cpython,dict_lookup,compile,25,1.7208978533744812e-05
5,cpython,dict_lookup,compile,26,1.6958016203716397e-05
5,cpython,dict_lookup,compile,27,1.7040991224348545e-05
5,cpython,dict_lookup,compile,28,1.6958016203716397e-05
5,cpython,dict_lookup,compile,29,1.7040991224348545e-05
5,cpython,dict_lookup,warm_run,0,0.0005360829818528146
5,cpython,dict_lookup,warm_run,1,0.0005362500087358057
5,cpython,dict_lookup,warm_run,2,0.0005412919854279608
5,cpython,dict_lookup,warm_run,3,0.0005395410116761923
5,cpython,dict_lookup,warm_run,4,0.0005382919916883111
5,cpython,dict_lookup,warm_run,5,0.0005376249901019037
5,cpython,dict_lookup,warm_run,6,0.0005390000005718321
5,cpython,dict_lookup,warm_run,7,0.0005389589932747185
5,cpython,dict_lookup,warm_run,8,0.0005363750096876174
5,cpython,dict_lookup,warm_run,9,0.0005400409863796085
5,cpython,dict_lookup,warm_run,10,0.0005404170078691095
5,cpython,dict_lookup,warm_run,11,0.0005377079942263663
5,cpython,dict_lookup,warm_run,12,0.0005392910097725689
5,cpython,dict_lookup,warm_run,13,0.0005375419859774411
5,cpython,dict_lookup,warm_run,14,0.0005395410116761923
5,cpython,dict_lookup,warm_run,15,0.0005361660150811076
5,cpython,dict_lookup,warm_run,16,0.0005397919740062207
5,cpython,dict_lookup,warm_run,17,0.0005352080042939633
5,cpython,dict_lookup,warm_run,18,0.0005303340149112046
5,cpython,dict_lookup,warm_run,19,0.0005300000193528831
5,cpython,dict_lookup,warm_run,20,0.0005304169899318367
5,cpython,dict_lookup,warm_run,21,0.0005320000054780394
5,cpython,dict_lookup,warm_run,22,0.0005306669918354601
5,cpython,dict_lookup,warm_run,23,0.0005304999940562993
5,cpython,dict_lookup,warm_run,24,0.0005327920080162585
5,cpython,dict_lookup,warm_run,25,0.0005327500111889094
5,cpython,dict_lookup,warm_run,26,0.0005327079852577299
5,cpython,dict_lookup,warm_run,27,0.0005309170228429139
5,cpython,dict_lookup,warm_run,28,0.000539249973371625
5,cpython,dict_lookup,warm_run,29,0.000533166981767863
5,cpython,fib_calls,compile,0,2.645899076014757e-05
5,cpython,fib_calls,compile,1,2.6416993932798505e-05
5,cpython,fib_calls,compile,2,2.6541994884610176e-05
5,cpython,fib_calls,compile,3,2.6209017960354686e-05
5,cpython,fib_calls,compile,4,2.641702303662896e-05
5,cpython,fib_calls,compile,5,2.6166002498939633e-05
5,cpython,fib_calls,compile,6,2.608299837447703e-05
5,cpython,fib_calls,compile,7,2.6291992980986834e-05
5,cpython,fib_calls,compile,8,2.5999994250014424e-05
5,cpython,fib_calls,compile,9,2.5957997422665358e-05
5,cpython,fib_calls,compile,10,2.5957997422665358e-05
5,cpython,fib_calls,compile,11,2.6042020181193948e-05
5,cpython,fib_calls,compile,12,2.633300027810037e-05
5,cpython,fib_calls,compile,13,2.5874993298202753e-05
5,cpython,fib_calls,compile,14,2.604199107736349e-05
5,cpython,fib_calls,compile,15,2.5833986001089215e-05
5,cpython,fib_calls,compile,16,2.5832996470853686e-05
5,cpython,fib_calls,compile,17,2.608299837447703e-05
5,cpython,fib_calls,compile,18,2.5832996470853686e-05
5,cpython,fib_calls,compile,19,2.5874993298202753e-05
5,cpython,fib_calls,compile,20,2.6166992029175162e-05
5,cpython,fib_calls,compile,21,2.5834015104919672e-05
5,cpython,fib_calls,compile,22,2.5958026526495814e-05
5,cpython,fib_calls,compile,23,2.62079993262887e-05
5,cpython,fib_calls,compile,24,2.620898885652423e-05
5,cpython,fib_calls,compile,25,2.5957997422665358e-05
5,cpython,fib_calls,compile,26,2.5957997422665358e-05
5,cpython,fib_calls,compile,27,2.5625020498409867e-05
5,cpython,fib_calls,compile,28,2.6042020181193948e-05
5,cpython,fib_calls,compile,29,2.579198917374015e-05
5,cpython,fib_calls,warm_run,0,0.0006304580019786954
5,cpython,fib_calls,warm_run,1,0.0006369589827954769
5,cpython,fib_calls,warm_run,2,0.0006270839949138463
5,cpython,fib_calls,warm_run,3,0.0006212920125108212
5,cpython,fib_calls,warm_run,4,0.0006194589950609952
5,cpython,fib_calls,warm_run,5,0.0006216250185389072
5,cpython,fib_calls,warm_run,6,0.0006396670069079846
5,cpython,fib_calls,warm_run,7,0.0006347089947666973
5,cpython,fib_calls,warm_run,8,0.0006340410036500543
5,cpython,fib_calls,warm_run,9,0.0006329159950837493
5,cpython,fib_calls,warm_run,10,0.0006336250226013362
5,cpython,fib_calls,warm_run,11,0.0006288330187089741
5,cpython,fib_calls,warm_run,12,0.0006302499969024211
5,cpython,fib_calls,warm_run,13,0.0006226669938769192
5,cpython,fib_calls,warm_run,14,0.0006351670017465949
5,cpython,fib_calls,warm_run,15,0.0006367909954860806
5,cpython,fib_calls,warm_run,16,0.0006317090010270476
5,cpython,fib_calls,warm_run,17,0.0006339160026982427
5,cpython,fib_calls,warm_run,18,0.0006327089795377105
5,cpython,fib_calls,warm_run,19,0.0006318750092759728
5,cpython,fib_calls,warm_run,20,0.0006294169870670885
5,cpython,fib_calls,warm_run,21,0.0006383339932654053
5,cpython,fib_calls,warm_run,22,0.000624707987299189
5,cpython,fib_calls,warm_run,23,0.0006231660081539303
5,cpython,fib_calls,warm_run,24,0.0006338329985737801
5,cpython,fib_calls,warm_run,25,0.0006354590004775673
5,cpython,fib_calls,warm_run,26,0.0006419999990612268
5,cpython,fib_calls,warm_run,27,0.0006404159939847887
5,cpython,fib_calls,warm_run,28,0.0006340419931802899
5,cpython,fib_calls,warm_run,29,0.0006360840052366257
5,cpython,float_loop,compile,0,1.2042000889778137e-05
5,cpython,float_loop,compile,1,1.1457974324002862e-05
5,cpython,float_loop,compile,2,1.1625001206994057e-05
5,cpython,float_loop,compile,3,1.1750002158805728e-05
5,cpython,float_loop,compile,4,1.1625001206994057e-05
5,cpython,float_loop,compile,5,1.1958007235080004e-05
5,cpython,float_loop,compile,6,1.1458003427833319e-05
5,cpython,float_loop,compile,7,1.1916999937966466e-05
5,cpython,float_loop,compile,8,1.1374999303370714e-05
5,cpython,float_loop,compile,9,1.1541007552295923e-05
5,cpython,float_loop,compile,10,1.1666008504107594e-05
5,cpython,float_loop,compile,11,1.1916999937966466e-05
5,cpython,float_loop,compile,12,1.1791998986154795e-05
5,cpython,float_loop,compile,13,1.1833006283268332e-05
5,cpython,float_loop,compile,14,1.158300437964499e-05
5,cpython,float_loop,compile,15,1.1625001206994057e-05
5,cpython,float_loop,compile,16,1.1541007552295923e-05
5,cpython,float_loop,compile,17,1.1916010407730937e-05
5,cpython,float_loop,compile,18,1.1625001206994057e-05
5,cpython,float_loop,compile,19,1.1708005331456661e-05
5,cpython,float_loop,compile,20,1.1916010407730937e-05
5,cpython,float_loop,compile,21,1.1541997082531452e-05
5,cpython,float_loop,compile,22,1.1458003427833319e-05
5,cpython,float_loop,compile,23,1.1374999303370714e-05
5,cpython,float_loop,compile,24,1.1583993909880519e-05
5,cpython,float_loop,compile,25,1.1458003427833319e-05
5,cpython,float_loop,compile,26,1.158300437964499e-05
5,cpython,float_loop,compile,27,1.1500000255182385e-05
5,cpython,float_loop,compile,28,1.1416006600484252e-05
5,cpython,float_loop,compile,29,1.191598130390048e-05
5,cpython,float_loop,warm_run,0,0.0004217500099912286
5,cpython,float_loop,warm_run,1,0.00042475000373087823
5,cpython,float_loop,warm_run,2,0.0004269579949323088
5,cpython,float_loop,warm_run,3,0.00042354100150987506
5,cpython,float_loop,warm_run,4,0.0004240830021444708
5,cpython,float_loop,warm_run,5,0.0004313749959692359
5,cpython,float_loop,warm_run,6,0.00042291698628105223
5,cpython,float_loop,warm_run,7,0.0004233329964336008
5,cpython,float_loop,warm_run,8,0.00042295799357816577
5,cpython,float_loop,warm_run,9,0.0004200420225970447
5,cpython,float_loop,warm_run,10,0.0004227499885018915
5,cpython,float_loop,warm_run,11,0.000428542000008747
5,cpython,float_loop,warm_run,12,0.0004237079992890358
5,cpython,float_loop,warm_run,13,0.0004223749856464565
5,cpython,float_loop,warm_run,14,0.00042916700476780534
5,cpython,float_loop,warm_run,15,0.0004223329888191074
5,cpython,float_loop,warm_run,16,0.0004224160220474005
5,cpython,float_loop,warm_run,17,0.0004232499923091382
5,cpython,float_loop,warm_run,18,0.00042212498374283314
5,cpython,float_loop,warm_run,19,0.00042229201062582433
5,cpython,float_loop,warm_run,20,0.0004270409990567714
5,cpython,float_loop,warm_run,21,0.00042249998659826815
5,cpython,float_loop,warm_run,22,0.0004232920182403177
5,cpython,float_loop,warm_run,23,0.0004222919815219939
5,cpython,float_loop,warm_run,24,0.0004198749957140535
5,cpython,float_loop,warm_run,25,0.0004217080131638795
5,cpython,float_loop,warm_run,26,0.00042212498374283314
5,cpython,float_loop,warm_run,27,0.00042712499271146953
5,cpython,float_loop,warm_run,28,0.0004292080120649189
5,cpython,float_loop,warm_run,29,0.00042379199294373393
5,cpython,integer_loop,compile,0,1.1083000572398305e-05
5,cpython,integer_loop,compile,1,1.1208001524209976e-05
5,cpython,integer_loop,compile,2,1.1124997399747372e-05
5,cpython,integer_loop,compile,3,1.1458003427833319e-05
5,cpython,integer_loop,compile,4,1.1500000255182385e-05
5,cpython,integer_loop,compile,5,1.1083990102633834e-05
5,cpython,integer_loop,compile,6,1.1416996130719781e-05
5,cpython,integer_loop,compile,7,1.1249998351559043e-05
5,cpython,integer_loop,compile,8,1.1500000255182385e-05
5,cpython,integer_loop,compile,9,1.1208001524209976e-05
5,cpython,integer_loop,compile,10,1.1458003427833319e-05
5,cpython,integer_loop,compile,11,1.1833006283268332e-05
5,cpython,integer_loop,compile,12,1.1208001524209976e-05
5,cpython,integer_loop,compile,13,1.1249998351559043e-05
5,cpython,integer_loop,compile,14,1.129199517890811e-05
5,cpython,integer_loop,compile,15,1.1249998351559043e-05
5,cpython,integer_loop,compile,16,1.1500000255182385e-05
5,cpython,integer_loop,compile,17,1.09999964479357e-05
5,cpython,integer_loop,compile,18,1.1540978448465466e-05
5,cpython,integer_loop,compile,19,1.1415977496653795e-05
5,cpython,integer_loop,compile,20,1.09999964479357e-05
5,cpython,integer_loop,compile,21,1.1083000572398305e-05
5,cpython,integer_loop,compile,22,1.1041993275284767e-05
5,cpython,integer_loop,compile,23,1.0957999620586634e-05
5,cpython,integer_loop,compile,24,1.1083000572398305e-05
5,cpython,integer_loop,compile,25,1.1083000572398305e-05
5,cpython,integer_loop,compile,26,1.1124997399747372e-05
5,cpython,integer_loop,compile,27,1.1374999303370714e-05
5,cpython,integer_loop,compile,28,1.1041993275284767e-05
5,cpython,integer_loop,compile,29,1.1083000572398305e-05
5,cpython,integer_loop,warm_run,0,0.004904250003164634
5,cpython,integer_loop,warm_run,1,0.0049070419918280095
5,cpython,integer_loop,warm_run,2,0.004912959004286677
5,cpython,integer_loop,warm_run,3,0.004897624981822446
5,cpython,integer_loop,warm_run,4,0.004916709003737196
5,cpython,integer_loop,warm_run,5,0.004907875001663342
5,cpython,integer_loop,warm_run,6,0.004913082986604422
5,cpython,integer_loop,warm_run,7,0.004898499988485128
5,cpython,integer_loop,warm_run,8,0.004910542018478736
5,cpython,integer_loop,warm_run,9,0.004904375004116446
5,cpython,integer_loop,warm_run,10,0.004904583998722956
5,cpython,integer_loop,warm_run,11,0.004899166990071535
5,cpython,integer_loop,warm_run,12,0.004902374988887459
5,cpython,integer_loop,warm_run,13,0.004904291999991983
5,cpython,integer_loop,warm_run,14,0.004904208995867521
5,cpython,integer_loop,warm_run,15,0.004904583998722956
5,cpython,integer_loop,warm_run,16,0.004907875001663342
5,cpython,integer_loop,warm_run,17,0.004905291978502646
5,cpython,integer_loop,warm_run,18,0.004939334001392126
5,cpython,integer_loop,warm_run,19,0.004906124988337979
5,cpython,integer_loop,warm_run,20,0.00490720898960717
5,cpython,integer_loop,warm_run,21,0.0049088750092778355
5,cpython,integer_loop,warm_run,22,0.004913582990411669
5,cpython,integer_loop,warm_run,23,0.004943500010995194
5,cpython,integer_loop,warm_run,24,0.004939125006785616
5,cpython,integer_loop,warm_run,25,0.004940915998304263
5,cpython,integer_loop,warm_run,26,0.004977000004146248
5,cpython,integer_loop,warm_run,27,0.004933917021844536
5,cpython,integer_loop,warm_run,28,0.004940624989103526
5,cpython,integer_loop,warm_run,29,0.004935542005114257
5,cpython,keyword_calls,compile,0,2.3040978703647852e-05
5,cpython,keyword_calls,compile,1,2.4834007490426302e-05
5,cpython,keyword_calls,compile,2,2.4792010663077235e-05
5,cpython,keyword_calls,compile,3,2.28749995585531e-05
5,cpython,keyword_calls,compile,4,2.4249980924651027e-05
5,cpython,keyword_calls,compile,5,2.4500011932104826e-05
5,cpython,keyword_calls,compile,6,2.3208995116874576e-05
5,cpython,keyword_calls,compile,7,2.470900653861463e-05
5,cpython,keyword_calls,compile,8,2.400000812485814e-05
5,cpython,keyword_calls,compile,9,2.3917004000395536e-05
5,cpython,keyword_calls,compile,10,2.4415989173576236e-05
5,cpython,keyword_calls,compile,11,2.2666004952043295e-05
5,cpython,keyword_calls,compile,12,2.4208013201132417e-05
5,cpython,keyword_calls,compile,13,2.3833010345697403e-05
5,cpython,keyword_calls,compile,14,2.4959008442237973e-05
5,cpython,keyword_calls,compile,15,2.316699828952551e-05
5,cpython,keyword_calls,compile,16,2.2666994482278824e-05
5,cpython,keyword_calls,compile,17,2.2958003683015704e-05
5,cpython,keyword_calls,compile,18,2.4250010028481483e-05
5,cpython,keyword_calls,compile,19,2.4249980924651027e-05
5,cpython,keyword_calls,compile,20,2.4334003683179617e-05
5,cpython,keyword_calls,compile,21,2.3957982193678617e-05
5,cpython,keyword_calls,compile,22,2.379197394475341e-05
5,cpython,keyword_calls,compile,23,2.2624997654929757e-05
5,cpython,keyword_calls,compile,24,2.4375010980293155e-05
5,cpython,keyword_calls,compile,25,2.258300082758069e-05
5,cpython,keyword_calls,compile,26,2.5042012566700578e-05
5,cpython,keyword_calls,compile,27,2.4250010028481483e-05
5,cpython,keyword_calls,compile,28,2.270899130962789e-05
5,cpython,keyword_calls,compile,29,2.241699257865548e-05
5,cpython,keyword_calls,warm_run,0,0.0007924999808892608
5,cpython,keyword_calls,warm_run,1,0.0008134579984471202
5,cpython,keyword_calls,warm_run,2,0.0008149170025717467
5,cpython,keyword_calls,warm_run,3,0.0008357920160051435
5,cpython,keyword_calls,warm_run,4,0.0008275000145658851
5,cpython,keyword_calls,warm_run,5,0.0008145410101860762
5,cpython,keyword_calls,warm_run,6,0.0008223339973483235
5,cpython,keyword_calls,warm_run,7,0.0008118749829009175
5,cpython,keyword_calls,warm_run,8,0.0008223330078180879
5,cpython,keyword_calls,warm_run,9,0.000833250000141561
5,cpython,keyword_calls,warm_run,10,0.0008406669949181378
5,cpython,keyword_calls,warm_run,11,0.0008113750081975013
5,cpython,keyword_calls,warm_run,12,0.0008134580275509506
5,cpython,keyword_calls,warm_run,13,0.0008168750209733844
5,cpython,keyword_calls,warm_run,14,0.0008102499996311963
5,cpython,keyword_calls,warm_run,15,0.0007978329958859831
5,cpython,keyword_calls,warm_run,16,0.0008264170028269291
5,cpython,keyword_calls,warm_run,17,0.0008261250040959567
5,cpython,keyword_calls,warm_run,18,0.0008116660173982382
5,cpython,keyword_calls,warm_run,19,0.0008114170050248504
5,cpython,keyword_calls,warm_run,20,0.0007968749850988388
5,cpython,keyword_calls,warm_run,21,0.0008122079889290035
5,cpython,keyword_calls,warm_run,22,0.0008266659860964864
5,cpython,keyword_calls,warm_run,23,0.000815125007648021
5,cpython,keyword_calls,warm_run,24,0.0008103330037556589
5,cpython,keyword_calls,warm_run,25,0.0008179169963113964
5,cpython,keyword_calls,warm_run,26,0.0008130829955916852
5,cpython,keyword_calls,warm_run,27,0.00081366699305363
5,cpython,keyword_calls,warm_run,28,0.000812583981314674
5,cpython,keyword_calls,warm_run,29,0.0007920000061858445
5,cpython,known_calls,compile,0,2.012500772252679e-05
5,cpython,known_calls,compile,1,2.0207982743158937e-05
5,cpython,known_calls,compile,2,1.9832979887723923e-05
5,cpython,known_calls,compile,3,2.13750172406435e-05
5,cpython,known_calls,compile,4,2.0042003598064184e-05
5,cpython,known_calls,compile,5,2.01669754460454e-05
5,cpython,known_calls,compile,6,1.9500002963468432e-05
5,cpython,known_calls,compile,7,2.066700835712254e-05
5,cpython,known_calls,compile,8,1.8291990272700787e-05
5,cpython,known_calls,compile,9,1.908399281091988e-05
5,cpython,known_calls,compile,10,1.837499439716339e-05
5,cpython,known_calls,compile,11,2.012500772252679e-05
5,cpython,known_calls,compile,12,1.8499995348975062e-05
5,cpython,known_calls,compile,13,1.995800994336605e-05
5,cpython,known_calls,compile,14,1.8166989320889115e-05
5,cpython,known_calls,compile,15,2.1249987185001373e-05
5,cpython,known_calls,compile,16,1.8291000742465258e-05
5,cpython,known_calls,compile,17,1.8375023500993848e-05
5,cpython,known_calls,compile,18,1.8332997569814324e-05
5,cpython,known_calls,compile,19,1.9416998839005828e-05
5,cpython,known_calls,compile,20,1.9625003915280104e-05
5,cpython,known_calls,compile,21,1.95419997908175e-05
5,cpython,known_calls,compile,22,1.8292019376531243e-05
5,cpython,known_calls,compile,23,1.966700074262917e-05
5,cpython,known_calls,compile,24,1.9333005184307694e-05
5,cpython,known_calls,compile,25,2.0625011529773474e-05
5,cpython,known_calls,compile,26,1.824999344535172e-05
5,cpython,known_calls,compile,27,1.9458006136119366e-05
5,cpython,known_calls,compile,28,1.9875005818903446e-05
5,cpython,known_calls,compile,29,1.824999344535172e-05
5,cpython,known_calls,warm_run,0,0.0006741660181432962
5,cpython,known_calls,warm_run,1,0.000674666982376948
5,cpython,known_calls,warm_run,2,0.0006710000161547214
5,cpython,known_calls,warm_run,3,0.0006566670199390501
5,cpython,known_calls,warm_run,4,0.0006679169891867787
5,cpython,known_calls,warm_run,5,0.0006635419849772006
5,cpython,known_calls,warm_run,6,0.0006682499952148646
5,cpython,known_calls,warm_run,7,0.0006652080046478659
5,cpython,known_calls,warm_run,8,0.0006687499990221113
5,cpython,known_calls,warm_run,9,0.0006762919947504997
5,cpython,known_calls,warm_run,10,0.0006730419991072267
5,cpython,known_calls,warm_run,11,0.0006632090080529451
5,cpython,known_calls,warm_run,12,0.0006572079728357494
5,cpython,known_calls,warm_run,13,0.0006665000109933317
5,cpython,known_calls,warm_run,14,0.0006623340013902634
5,cpython,known_calls,warm_run,15,0.0006715829949826002
5,cpython,known_calls,warm_run,16,0.0006647080008406192
5,cpython,known_calls,warm_run,17,0.0006625830137636513
5,cpython,known_calls,warm_run,18,0.0006760839896742254
5,cpython,known_calls,warm_run,19,0.0006655830075033009
5,cpython,known_calls,warm_run,20,0.0006612500001210719
5,cpython,known_calls,warm_run,21,0.0006651669973507524
5,cpython,known_calls,warm_run,22,0.0006671669834759086
5,cpython,known_calls,warm_run,23,0.00066712501575239
5,cpython,known_calls,warm_run,24,0.000665290979668498
5,cpython,known_calls,warm_run,25,0.000667083018925041
5,cpython,known_calls,warm_run,26,0.0006639999919570982
5,cpython,known_calls,warm_run,27,0.0006712089816574007
5,cpython,known_calls,warm_run,28,0.0006650410068687052
5,cpython,known_calls,warm_run,29,0.0006689589936286211
5,cpython,list_iteration,compile,0,1.8624996300786734e-05
5,cpython,list_iteration,compile,1,1.8624996300786734e-05
5,cpython,list_iteration,compile,2,1.8749997252598405e-05
5,cpython,list_iteration,compile,3,1.866600359790027e-05
5,cpython,list_iteration,compile,4,1.9458006136119366e-05
5,cpython,list_iteration,compile,5,1.8542021280154586e-05
5,cpython,list_iteration,compile,6,1.954101026058197e-05
5,cpython,list_iteration,compile,7,1.8457998521625996e-05
5,cpython,list_iteration,compile,8,1.966700074262917e-05
5,cpython,list_iteration,compile,9,2.095900708809495e-05
5,cpython,list_iteration,compile,10,1.8499995348975062e-05
5,cpython,list_iteration,compile,11,1.8624996300786734e-05
5,cpython,list_iteration,compile,12,1.983300899155438e-05
5,cpython,list_iteration,compile,13,1.854199217632413e-05
5,cpython,list_iteration,compile,14,1.8708989955484867e-05
5,cpython,list_iteration,compile,15,1.8583989003673196e-05
5,cpython,list_iteration,compile,16,2.008400042541325e-05
5,cpython,list_iteration,compile,17,2.025000867433846e-05
5,cpython,list_iteration,compile,18,1.845901715569198e-05
5,cpython,list_iteration,compile,19,1.8499995348975062e-05
5,cpython,list_iteration,compile,20,2.041697734966874e-05
5,cpython,list_iteration,compile,21,1.8749997252598405e-05
5,cpython,list_iteration,compile,22,1.850002445280552e-05
5,cpython,list_iteration,compile,23,1.9583007087931037e-05
5,cpython,list_iteration,compile,24,2.0207982743158937e-05
5,cpython,list_iteration,compile,25,1.8624996300786734e-05
5,cpython,list_iteration,compile,26,1.8582999473437667e-05
5,cpython,list_iteration,compile,27,1.8582999473437667e-05
5,cpython,list_iteration,compile,28,2.045798464678228e-05
5,cpython,list_iteration,compile,29,2.0167004549875855e-05
5,cpython,list_iteration,warm_run,0,0.00020629199570976198
5,cpython,list_iteration,warm_run,1,0.00020924999262206256
5,cpython,list_iteration,warm_run,2,0.0002099999983329326
5,cpython,list_iteration,warm_run,3,0.00020804200903512537
5,cpython,list_iteration,warm_run,4,0.00020758400205522776
5,cpython,list_iteration,warm_run,5,0.00020875001791864634
5,cpython,list_iteration,warm_run,6,0.00021124997874721885
5,cpython,list_iteration,warm_run,7,0.00020816700998693705
5,cpython,list_iteration,warm_run,8,0.00021087497589178383
5,cpython,list_iteration,warm_run,9,0.0002078329853247851
5,cpython,list_iteration,warm_run,10,0.0002082499850075692
5,cpython,list_iteration,warm_run,11,0.00020929198944941163
5,cpython,list_iteration,warm_run,12,0.0002086249878630042
5,cpython,list_iteration,warm_run,13,0.00020825001411139965
5,cpython,list_iteration,warm_run,14,0.00020620800205506384
5,cpython,list_iteration,warm_run,15,0.00020812501315958798
5,cpython,list_iteration,warm_run,16,0.00020654199761338532
5,cpython,list_iteration,warm_run,17,0.0002067500026896596
5,cpython,list_iteration,warm_run,18,0.00020654199761338532
5,cpython,list_iteration,warm_run,19,0.0002067500026896596
5,cpython,list_iteration,warm_run,20,0.00020862501696683466
5,cpython,list_iteration,warm_run,21,0.0002082499850075692
5,cpython,list_iteration,warm_run,22,0.00020670899539254606
5,cpython,list_iteration,warm_run,23,0.00020400001085363328
5,cpython,list_iteration,warm_run,24,0.00020891701569780707
5,cpython,list_iteration,warm_run,25,0.0002097089891321957
5,cpython,list_iteration,warm_run,26,0.00020720899919979274
5,cpython,list_iteration,warm_run,27,0.00020874998881481588
5,cpython,list_iteration,warm_run,28,0.00020908398437313735
5,cpython,list_iteration,warm_run,29,0.0002045410219579935
5,cpython,super_calls,compile,0,4.29159845225513e-05
5,cpython,super_calls,compile,1,4.129199078306556e-05
5,cpython,super_calls,compile,2,3.850000211969018e-05
5,cpython,super_calls,compile,3,4.108302528038621e-05
5,cpython,super_calls,compile,4,3.8708996726199985e-05
5,cpython,super_calls,compile,5,4.22910088673234e-05
5,cpython,super_calls,compile,6,4.008301766589284e-05
5,cpython,super_calls,compile,7,3.8124999264255166e-05
5,cpython,super_calls,compile,8,4.0040991734713316e-05
5,cpython,super_calls,compile,9,4.0000013541430235e-05
5,cpython,super_calls,compile,10,3.9417005609720945e-05
5,cpython,super_calls,compile,11,4.120802623219788e-05
5,cpython,super_calls,compile,12,3.9624981582164764e-05
5,cpython,super_calls,compile,13,4.225000157020986e-05
5,cpython,super_calls,compile,14,4.087499110028148e-05
5,cpython,super_calls,compile,15,4.0417013224214315e-05
5,cpython,super_calls,compile,16,4.1040999349206686e-05
5,cpython,super_calls,compile,17,4.108299617655575e-05
5,cpython,super_calls,compile,18,3.975001163780689e-05
5,cpython,super_calls,compile,19,4.024998634122312e-05
5,cpython,super_calls,compile,20,3.9708014810457826e-05
5,cpython,super_calls,compile,21,4.05839818995446e-05
5,cpython,super_calls,compile,22,3.950000973418355e-05
5,cpython,super_calls,compile,23,3.920801100321114e-05
5,cpython,super_calls,compile,24,4.070799332112074e-05
5,cpython,super_calls,compile,25,4.170800093561411e-05
5,cpython,super_calls,compile,26,4.116600030101836e-05
5,cpython,super_calls,compile,27,4.0875020204111934e-05
5,cpython,super_calls,compile,28,3.866699989885092e-05
5,cpython,super_calls,compile,29,4.245797754265368e-05
5,cpython,super_calls,warm_run,0,0.0010189580207224935
5,cpython,super_calls,warm_run,1,0.001125000009778887
5,cpython,super_calls,warm_run,2,0.0010007499950006604
5,cpython,super_calls,warm_run,3,0.0010057500039692968
5,cpython,super_calls,warm_run,4,0.001009833998978138
5,cpython,super_calls,warm_run,5,0.000996166985714808
5,cpython,super_calls,warm_run,6,0.0010009169927798212
5,cpython,super_calls,warm_run,7,0.001001249998807907
5,cpython,super_calls,warm_run,8,0.000995749986032024
5,cpython,super_calls,warm_run,9,0.0010045420203823596
5,cpython,super_calls,warm_run,10,0.0009890420187730342
5,cpython,super_calls,warm_run,11,0.000997249997453764
5,cpython,super_calls,warm_run,12,0.001011374988593161
5,cpython,super_calls,warm_run,13,0.0009998749883379787
5,cpython,super_calls,warm_run,14,0.000993916008155793
5,cpython,super_calls,warm_run,15,0.0010323750029783696
5,cpython,super_calls,warm_run,16,0.0009861250000540167
5,cpython,super_calls,warm_run,17,0.0010178750089835376
5,cpython,super_calls,warm_run,18,0.001007292012218386
5,cpython,super_calls,warm_run,19,0.0010052500001620501
5,cpython,super_calls,warm_run,20,0.0010361660097260028
5,cpython,super_calls,warm_run,21,0.0009996249864343554
5,cpython,super_calls,warm_run,22,0.0010150420130230486
5,cpython,super_calls,warm_run,23,0.0010140829836018384
5,cpython,super_calls,warm_run,24,0.000990708009339869
5,cpython,super_calls,warm_run,25,0.001006542006507516
5,cpython,super_calls,warm_run,26,0.00098562499624677
5,cpython,super_calls,warm_run,27,0.0010014590225182474
5,cpython,super_calls,warm_run,28,0.0009882909944280982
5,cpython,super_calls,warm_run,29,0.0009992499835789204
5,cpython,attribute_load,cold_cli,0,0.014922166999895126
5,tonic,attribute_load,cold_cli,0,0.002999832999194041
5,tonic,attribute_load,cold_cli,1,0.0028967919934075326
5,cpython,attribute_load,cold_cli,1,0.01519245799863711
5,cpython,attribute_load,cold_cli,2,0.01568375001079403
5,tonic,attribute_load,cold_cli,2,0.0031145410030148923
5,tonic,attribute_load,cold_cli,3,0.0028687080193776637
5,cpython,attribute_load,cold_cli,3,0.015356874995632097
5,cpython,attribute_load,cold_cli,4,0.015374084003269672
5,tonic,attribute_load,cold_cli,4,0.0029369999829214066
5,tonic,attribute_load,cold_cli,5,0.0026805840025190264
5,cpython,attribute_load,cold_cli,5,0.014892084000166506
5,cpython,attribute_load,cold_cli,6,0.015134916990064085
5,tonic,attribute_load,cold_cli,6,0.003033833985682577
5,tonic,attribute_load,cold_cli,7,0.0027904580056201667
5,cpython,attribute_load,cold_cli,7,0.015504125010920689
5,cpython,attribute_load,cold_cli,8,0.015861666994169354
5,tonic,attribute_load,cold_cli,8,0.0031763339939061552
5,tonic,attribute_load,cold_cli,9,0.002803334005875513
5,cpython,attribute_load,cold_cli,9,0.015071417001308873
5,cpython,attribute_load,cold_cli,10,0.015310666989535093
5,tonic,attribute_load,cold_cli,10,0.00292658299440518
5,tonic,attribute_load,cold_cli,11,0.0028455420106183738
5,cpython,attribute_load,cold_cli,11,0.014810416992986575
5,cpython,attribute_load,cold_cli,12,0.014950334007153288
5,tonic,attribute_load,cold_cli,12,0.0030230419943109155
5,tonic,attribute_load,cold_cli,13,0.002790041995467618
5,cpython,attribute_load,cold_cli,13,0.015140125004108995
5,cpython,attribute_load,cold_cli,14,0.014922250004019588
5,tonic,attribute_load,cold_cli,14,0.002992583002196625
5,cpython,bound_method_calls,cold_cli,0,0.01499020797200501
5,tonic,bound_method_calls,cold_cli,0,0.003828165994491428
5,tonic,bound_method_calls,cold_cli,1,0.003642833005869761
5,cpython,bound_method_calls,cold_cli,1,0.015276208985596895
5,cpython,bound_method_calls,cold_cli,2,0.015103207988431677
5,tonic,bound_method_calls,cold_cli,2,0.003867291990900412
5,tonic,bound_method_calls,cold_cli,3,0.0036507080076262355
5,cpython,bound_method_calls,cold_cli,3,0.01555937499506399
5,cpython,bound_method_calls,cold_cli,4,0.015165625023655593
5,tonic,bound_method_calls,cold_cli,4,0.003878000017721206
5,tonic,bound_method_calls,cold_cli,5,0.00370400000247173
5,cpython,bound_method_calls,cold_cli,5,0.015410916996188462
5,cpython,bound_method_calls,cold_cli,6,0.01539266700274311
5,tonic,bound_method_calls,cold_cli,6,0.0038794580032117665
5,tonic,bound_method_calls,cold_cli,7,0.0036162500036880374
5,cpython,bound_method_calls,cold_cli,7,0.015213665988994762
5,cpython,bound_method_calls,cold_cli,8,0.015169165999395773
5,tonic,bound_method_calls,cold_cli,8,0.003913709020707756
5,tonic,bound_method_calls,cold_cli,9,0.0036639580212067813
5,cpython,bound_method_calls,cold_cli,9,0.015408124978421256
5,cpython,bound_method_calls,cold_cli,10,0.01517454200075008
5,tonic,bound_method_calls,cold_cli,10,0.0038269159849733114
5,tonic,bound_method_calls,cold_cli,11,0.0037000830052420497
5,cpython,bound_method_calls,cold_cli,11,0.015345624997280538
5,cpython,bound_method_calls,cold_cli,12,0.015322499995818362
5,tonic,bound_method_calls,cold_cli,12,0.003846792009426281
5,tonic,bound_method_calls,cold_cli,13,0.0036107090127188712
5,cpython,bound_method_calls,cold_cli,13,0.015327833010815084
5,cpython,bound_method_calls,cold_cli,14,0.01504908298375085
5,tonic,bound_method_calls,cold_cli,14,0.003893084009177983
5,cpython,closure_calls,cold_cli,0,0.015083375008543953
5,tonic,closure_calls,cold_cli,0,0.0032417079783044755
5,tonic,closure_calls,cold_cli,1,0.0029867080156691372
5,cpython,closure_calls,cold_cli,1,0.01523116699536331
5,cpython,closure_calls,cold_cli,2,0.015425917023094371
5,tonic,closure_calls,cold_cli,2,0.0031097499886527658
5,tonic,closure_calls,cold_cli,3,0.0029767079977318645
5,cpython,closure_calls,cold_cli,3,0.014965540991397575
5,cpython,closure_calls,cold_cli,4,0.015218750020721927
5,tonic,closure_calls,cold_cli,4,0.0032225410104729235
5,tonic,closure_calls,cold_cli,5,0.003039791976334527
5,cpython,closure_calls,cold_cli,5,0.01491866700234823
5,cpython,closure_calls,cold_cli,6,0.015026917011709884
5,tonic,closure_calls,cold_cli,6,0.0031233330082613975
5,tonic,closure_calls,cold_cli,7,0.002947291999589652
5,cpython,closure_calls,cold_cli,7,0.015194541978416964
5,cpython,closure_calls,cold_cli,8,0.015069167013280094
5,tonic,closure_calls,cold_cli,8,0.003202332998625934
5,tonic,closure_calls,cold_cli,9,0.003053416992770508
5,cpython,closure_calls,cold_cli,9,0.015137917012907565
5,cpython,closure_calls,cold_cli,10,0.015206624986603856
5,tonic,closure_calls,cold_cli,10,0.0031622499809600413
5,tonic,closure_calls,cold_cli,11,0.003052457992453128
5,cpython,closure_calls,cold_cli,11,0.014911458012647927
5,cpython,closure_calls,cold_cli,12,0.015312333009205759
5,tonic,closure_calls,cold_cli,12,0.0031766660104040056
5,tonic,closure_calls,cold_cli,13,0.0029987500165589154
5,cpython,closure_calls,cold_cli,13,0.015042249986436218
5,cpython,closure_calls,cold_cli,14,0.015188041026704013
5,tonic,closure_calls,cold_cli,14,0.0032270420051645488
5,cpython,descriptor_load,cold_cli,0,0.015174041996942833
5,tonic,descriptor_load,cold_cli,0,0.004186957987258211
5,tonic,descriptor_load,cold_cli,1,0.003998500003945082
5,cpython,descriptor_load,cold_cli,1,0.015314249991206452
5,cpython,descriptor_load,cold_cli,2,0.015565959009109065
5,tonic,descriptor_load,cold_cli,2,0.004237416025716811
5,tonic,descriptor_load,cold_cli,3,0.003964750008890405
5,cpython,descriptor_load,cold_cli,3,0.015537208004388958
5,cpython,descriptor_load,cold_cli,4,0.01565745798870921
5,tonic,descriptor_load,cold_cli,4,0.004139625001698732
5,tonic,descriptor_load,cold_cli,5,0.003898958006175235
5,cpython,descriptor_load,cold_cli,5,0.015387499995995313
5,cpython,descriptor_load,cold_cli,6,0.015514250000705943
5,tonic,descriptor_load,cold_cli,6,0.0042297919862903655
5,tonic,descriptor_load,cold_cli,7,0.0043076250003650784
5,cpython,descriptor_load,cold_cli,7,0.01599783299025148
5,cpython,descriptor_load,cold_cli,8,0.015895374992396683
5,tonic,descriptor_load,cold_cli,8,0.004453250003280118
5,tonic,descriptor_load,cold_cli,9,0.003970874997321516
5,cpython,descriptor_load,cold_cli,9,0.015720625000540167
5,cpython,descriptor_load,cold_cli,10,0.015118082985281944
5,tonic,descriptor_load,cold_cli,10,0.0041650419880170375
5,tonic,descriptor_load,cold_cli,11,0.0039305420068558306
5,cpython,descriptor_load,cold_cli,11,0.015492332982830703
5,cpython,descriptor_load,cold_cli,12,0.015283999993698671
5,tonic,descriptor_load,cold_cli,12,0.004078708996530622
5,tonic,descriptor_load,cold_cli,13,0.003991167002823204
5,cpython,descriptor_load,cold_cli,13,0.01515791699057445
5,cpython,descriptor_load,cold_cli,14,0.015521875000558794
5,tonic,descriptor_load,cold_cli,14,0.004223041993100196
5,cpython,dict_insert,cold_cli,0,0.015409207990160212
5,tonic,dict_insert,cold_cli,0,0.0032389169791713357
5,tonic,dict_insert,cold_cli,1,0.0031532499997410923
5,cpython,dict_insert,cold_cli,1,0.01548462500795722
5,cpython,dict_insert,cold_cli,2,0.015073541988385841
5,tonic,dict_insert,cold_cli,2,0.003315040987217799
5,tonic,dict_insert,cold_cli,3,0.0030444589792750776
5,cpython,dict_insert,cold_cli,3,0.015420042007463053
5,cpython,dict_insert,cold_cli,4,0.01506741699995473
5,tonic,dict_insert,cold_cli,4,0.003226500004529953
5,tonic,dict_insert,cold_cli,5,0.003084625001065433
5,cpython,dict_insert,cold_cli,5,0.01634570801979862
5,cpython,dict_insert,cold_cli,6,0.016122041997732595
5,tonic,dict_insert,cold_cli,6,0.0037005830090492964
5,tonic,dict_insert,cold_cli,7,0.00362850000965409
5,cpython,dict_insert,cold_cli,7,0.0162281249940861
5,cpython,dict_insert,cold_cli,8,0.016081292007584125
5,tonic,dict_insert,cold_cli,8,0.0035492499882820994
5,tonic,dict_insert,cold_cli,9,0.0032247499912045896
5,cpython,dict_insert,cold_cli,9,0.016099291999125853
5,cpython,dict_insert,cold_cli,10,0.016126834001624957
5,tonic,dict_insert,cold_cli,10,0.0033345420088153332
5,tonic,dict_insert,cold_cli,11,0.0031047090014908463
5,cpython,dict_insert,cold_cli,11,0.015816416998859495
5,cpython,dict_insert,cold_cli,12,0.01585600001271814
5,tonic,dict_insert,cold_cli,12,0.0035669170028995723
5,tonic,dict_insert,cold_cli,13,0.0033647499803919345
5,cpython,dict_insert,cold_cli,13,0.016069125005742535
5,cpython,dict_insert,cold_cli,14,0.01638420799281448
5,tonic,dict_insert,cold_cli,14,0.0034824999747797847
5,cpython,dict_lookup,cold_cli,0,0.015662999998312443
5,tonic,dict_lookup,cold_cli,0,0.003194374992744997
5,tonic,dict_lookup,cold_cli,1,0.003045958001166582
5,cpython,dict_lookup,cold_cli,1,0.015718958020443097
5,cpython,dict_lookup,cold_cli,2,0.016130958014400676
5,tonic,dict_lookup,cold_cli,2,0.00332083398825489
5,tonic,dict_lookup,cold_cli,3,0.002998582989675924
5,cpython,dict_lookup,cold_cli,3,0.01576924999244511
5,cpython,dict_lookup,cold_cli,4,0.016155791003257036
5,tonic,dict_lookup,cold_cli,4,0.003394917002879083
5,tonic,dict_lookup,cold_cli,5,0.0031297910027205944
5,cpython,dict_lookup,cold_cli,5,0.015699790994403884
5,cpython,dict_lookup,cold_cli,6,0.015670541994040832
5,tonic,dict_lookup,cold_cli,6,0.00339783399249427
5,tonic,dict_lookup,cold_cli,7,0.003241666010580957
5,cpython,dict_lookup,cold_cli,7,0.015820665983483195
5,cpython,dict_lookup,cold_cli,8,0.01574508400517516
5,tonic,dict_lookup,cold_cli,8,0.0035629170015454292
5,tonic,dict_lookup,cold_cli,9,0.0030170410173013806
5,cpython,dict_lookup,cold_cli,9,0.015693374996772036
5,cpython,dict_lookup,cold_cli,10,0.015585334011120722
5,tonic,dict_lookup,cold_cli,10,0.003298541996628046
5,tonic,dict_lookup,cold_cli,11,0.003222583996830508
5,cpython,dict_lookup,cold_cli,11,0.01590145900263451
5,cpython,dict_lookup,cold_cli,12,0.015836042002774775
5,tonic,dict_lookup,cold_cli,12,0.00355691701406613
5,tonic,dict_lookup,cold_cli,13,0.002973583003040403
5,cpython,dict_lookup,cold_cli,13,0.015617541008396074
5,cpython,dict_lookup,cold_cli,14,0.015875957993557677
5,tonic,dict_lookup,cold_cli,14,0.0033102919987868518
5,cpython,fib_calls,cold_cli,0,0.015605833003064618
5,tonic,fib_calls,cold_cli,0,0.004734791989903897
5,tonic,fib_calls,cold_cli,1,0.004431749985087663
5,cpython,fib_calls,cold_cli,1,0.015276791993528605
5,cpython,fib_calls,cold_cli,2,0.015078124997671694
5,tonic,fib_calls,cold_cli,2,0.004572666977765039
5,tonic,fib_calls,cold_cli,3,0.0043803750013466924
5,cpython,fib_calls,cold_cli,3,0.01524891599547118
5,cpython,fib_calls,cold_cli,4,0.015263209003023803
5,tonic,fib_calls,cold_cli,4,0.004536416003247723
5,tonic,fib_calls,cold_cli,5,0.00442850001854822
5,cpython,fib_calls,cold_cli,5,0.016261542012216523
5,cpython,fib_calls,cold_cli,6,0.015678166993893683
5,tonic,fib_calls,cold_cli,6,0.0046395829995162785
5,tonic,fib_calls,cold_cli,7,0.004463209013920277
5,cpython,fib_calls,cold_cli,7,0.01526874999399297
5,cpython,fib_calls,cold_cli,8,0.01543025000137277
5,tonic,fib_calls,cold_cli,8,0.004565000010188669
5,tonic,fib_calls,cold_cli,9,0.004532208025921136
5,cpython,fib_calls,cold_cli,9,0.01545283300220035
5,cpython,fib_calls,cold_cli,10,0.015196791006019339
5,tonic,fib_calls,cold_cli,10,0.004591874981997535
5,tonic,fib_calls,cold_cli,11,0.004405999992741272
5,cpython,fib_calls,cold_cli,11,0.015106750011909753
5,cpython,fib_calls,cold_cli,12,0.015524832997471094
5,tonic,fib_calls,cold_cli,12,0.004579958011163399
5,tonic,fib_calls,cold_cli,13,0.004415750008774921
5,cpython,fib_calls,cold_cli,13,0.015227916010189801
5,cpython,fib_calls,cold_cli,14,0.015144915989367291
5,tonic,fib_calls,cold_cli,14,0.004604457993991673
5,cpython,float_loop,cold_cli,0,0.014985332993092015
5,tonic,float_loop,cold_cli,0,0.0027680409839376807
5,tonic,float_loop,cold_cli,1,0.002670083020348102
5,cpython,float_loop,cold_cli,1,0.015252540993969887
5,cpython,float_loop,cold_cli,2,0.015061583020724356
5,tonic,float_loop,cold_cli,2,0.0031121670035645366
5,tonic,float_loop,cold_cli,3,0.0031365420145448297
5,cpython,float_loop,cold_cli,3,0.015513667021878064
5,cpython,float_loop,cold_cli,4,0.01538929098751396
5,tonic,float_loop,cold_cli,4,0.0028307089814916253
5,tonic,float_loop,cold_cli,5,0.002661832986632362
5,cpython,float_loop,cold_cli,5,0.015343207982368767
5,cpython,float_loop,cold_cli,6,0.015089749998878688
5,tonic,float_loop,cold_cli,6,0.00280287500936538
5,tonic,float_loop,cold_cli,7,0.0027209580002818257
5,cpython,float_loop,cold_cli,7,0.015475791005883366
5,cpython,float_loop,cold_cli,8,0.014707290974911302
5,tonic,float_loop,cold_cli,8,0.002787665987852961
5,tonic,float_loop,cold_cli,9,0.0025875410065054893
5,cpython,float_loop,cold_cli,9,0.015075832983711734
5,cpython,float_loop,cold_cli,10,0.015084708022186533
5,tonic,float_loop,cold_cli,10,0.0027979169972240925
5,tonic,float_loop,cold_cli,11,0.0026745419891085476
5,cpython,float_loop,cold_cli,11,0.014779499993892387
5,cpython,float_loop,cold_cli,12,0.01503487498848699
5,tonic,float_loop,cold_cli,12,0.0027246249956078827
5,tonic,float_loop,cold_cli,13,0.0026153330109082162
5,cpython,float_loop,cold_cli,13,0.014836082991678268
5,cpython,float_loop,cold_cli,14,0.01483337499666959
5,tonic,float_loop,cold_cli,14,0.0028416670102160424
5,cpython,integer_loop,cold_cli,0,0.019293458986794576
5,tonic,integer_loop,cold_cli,0,0.007266500004334375
5,tonic,integer_loop,cold_cli,1,0.007083000004058704
5,cpython,integer_loop,cold_cli,1,0.01944770899717696
5,cpython,integer_loop,cold_cli,2,0.019553084013750777
5,tonic,integer_loop,cold_cli,2,0.007286708016181365
5,tonic,integer_loop,cold_cli,3,0.007233082986203954
5,cpython,integer_loop,cold_cli,3,0.019277208019047976
5,cpython,integer_loop,cold_cli,4,0.019861040986143053
5,tonic,integer_loop,cold_cli,4,0.007346958998823538
5,tonic,integer_loop,cold_cli,5,0.007235041004605591
5,cpython,integer_loop,cold_cli,5,0.01996616699034348
5,cpython,integer_loop,cold_cli,6,0.019573124998714775
5,tonic,integer_loop,cold_cli,6,0.007353458000579849
5,tonic,integer_loop,cold_cli,7,0.007157290994655341
5,cpython,integer_loop,cold_cli,7,0.019624417007435113
5,cpython,integer_loop,cold_cli,8,0.019624083972303197
5,tonic,integer_loop,cold_cli,8,0.0075327500235289335
5,tonic,integer_loop,cold_cli,9,0.007209625007817522
5,cpython,integer_loop,cold_cli,9,0.019846124981995672
5,cpython,integer_loop,cold_cli,10,0.019582375010941178
5,tonic,integer_loop,cold_cli,10,0.007365249999566004
5,tonic,integer_loop,cold_cli,11,0.007372459018370137
5,cpython,integer_loop,cold_cli,11,0.0197561249951832
5,cpython,integer_loop,cold_cli,12,0.019783583004027605
5,tonic,integer_loop,cold_cli,12,0.007415291998768225
5,tonic,integer_loop,cold_cli,13,0.0071602920070290565
5,cpython,integer_loop,cold_cli,13,0.02002316599828191
5,cpython,integer_loop,cold_cli,14,0.01974637500825338
5,tonic,integer_loop,cold_cli,14,0.0076014169899281114
5,cpython,keyword_calls,cold_cli,0,0.015539499989245087
5,tonic,keyword_calls,cold_cli,0,0.003541416983352974
5,tonic,keyword_calls,cold_cli,1,0.0032902919920161366
5,cpython,keyword_calls,cold_cli,1,0.015147833008086309
5,cpython,keyword_calls,cold_cli,2,0.015621332975570112
5,tonic,keyword_calls,cold_cli,2,0.003559042001143098
5,tonic,keyword_calls,cold_cli,3,0.0034113749861717224
5,cpython,keyword_calls,cold_cli,3,0.015425457997480407
5,cpython,keyword_calls,cold_cli,4,0.015296458004740998
5,tonic,keyword_calls,cold_cli,4,0.0034953329886775464
5,tonic,keyword_calls,cold_cli,5,0.003271249996032566
5,cpython,keyword_calls,cold_cli,5,0.01530425000237301
5,cpython,keyword_calls,cold_cli,6,0.015268832998117432
5,tonic,keyword_calls,cold_cli,6,0.0035803340142592788
5,tonic,keyword_calls,cold_cli,7,0.003399750014068559
5,cpython,keyword_calls,cold_cli,7,0.015330499998526648
5,cpython,keyword_calls,cold_cli,8,0.0153857079858426
5,tonic,keyword_calls,cold_cli,8,0.0035313330008648336
5,tonic,keyword_calls,cold_cli,9,0.003358874993864447
5,cpython,keyword_calls,cold_cli,9,0.01535320800030604
5,cpython,keyword_calls,cold_cli,10,0.015413000015541911
5,tonic,keyword_calls,cold_cli,10,0.0034690420143306255
5,tonic,keyword_calls,cold_cli,11,0.0033066249743569642
5,cpython,keyword_calls,cold_cli,11,0.015088792017195374
5,cpython,keyword_calls,cold_cli,12,0.015482666989555582
5,tonic,keyword_calls,cold_cli,12,0.003519291989505291
5,tonic,keyword_calls,cold_cli,13,0.0033450409828219563
5,cpython,keyword_calls,cold_cli,13,0.015527541021583602
5,cpython,keyword_calls,cold_cli,14,0.015289959002984688
5,tonic,keyword_calls,cold_cli,14,0.003543625003658235
5,cpython,known_calls,cold_cli,0,0.01540833301260136
5,tonic,known_calls,cold_cli,0,0.0032467500132042915
5,tonic,known_calls,cold_cli,1,0.0031292920175474137
5,cpython,known_calls,cold_cli,1,0.01518645801115781
5,cpython,known_calls,cold_cli,2,0.015398166986415163
5,tonic,known_calls,cold_cli,2,0.0032983330020215362
5,tonic,known_calls,cold_cli,3,0.0030677920149173588
5,cpython,known_calls,cold_cli,3,0.015258208004524931
5,cpython,known_calls,cold_cli,4,0.015124041005037725
5,tonic,known_calls,cold_cli,4,0.0033315420150756836
5,tonic,known_calls,cold_cli,5,0.0030458749970421195
5,cpython,known_calls,cold_cli,5,0.015424290992086753
5,cpython,known_calls,cold_cli,6,0.01500383298844099
5,tonic,known_calls,cold_cli,6,0.0032319159945473075
5,tonic,known_calls,cold_cli,7,0.0031119999766815454
5,cpython,known_calls,cold_cli,7,0.01536987500730902
5,cpython,known_calls,cold_cli,8,0.01510108300135471
5,tonic,known_calls,cold_cli,8,0.0032613329822197556
5,tonic,known_calls,cold_cli,9,0.0031717499950900674
5,cpython,known_calls,cold_cli,9,0.01553770899772644
5,cpython,known_calls,cold_cli,10,0.015474625019123778
5,tonic,known_calls,cold_cli,10,0.0033109580108430237
5,tonic,known_calls,cold_cli,11,0.003078209003433585
5,cpython,known_calls,cold_cli,11,0.015416874986840412
5,cpython,known_calls,cold_cli,12,0.01533283301978372
5,tonic,known_calls,cold_cli,12,0.0032495830091647804
5,tonic,known_calls,cold_cli,13,0.0030338749929796904
5,cpython,known_calls,cold_cli,13,0.015154583001276478
5,cpython,known_calls,cold_cli,14,0.01541829199413769
5,tonic,known_calls,cold_cli,14,0.00327220800681971
5,cpython,list_iteration,cold_cli,0,0.014686707989312708
5,tonic,list_iteration,cold_cli,0,0.0024357920046895742
5,tonic,list_iteration,cold_cli,1,0.0021960420126561075
5,cpython,list_iteration,cold_cli,1,0.014993582997703925
5,cpython,list_iteration,cold_cli,2,0.014780582976527512
5,tonic,list_iteration,cold_cli,2,0.002452541986713186
5,tonic,list_iteration,cold_cli,3,0.0022297080140560865
5,cpython,list_iteration,cold_cli,3,0.014725665998412296
5,cpython,list_iteration,cold_cli,4,0.014974165998864919
5,tonic,list_iteration,cold_cli,4,0.0024126250064000487
5,tonic,list_iteration,cold_cli,5,0.0021888329938519746
5,cpython,list_iteration,cold_cli,5,0.014784916013013572
5,cpython,list_iteration,cold_cli,6,0.014608625002438203
5,tonic,list_iteration,cold_cli,6,0.002399749995674938
5,tonic,list_iteration,cold_cli,7,0.00226416700752452
5,cpython,list_iteration,cold_cli,7,0.014834957983111963
5,cpython,list_iteration,cold_cli,8,0.015024583000922576
5,tonic,list_iteration,cold_cli,8,0.0024257079930976033
5,tonic,list_iteration,cold_cli,9,0.0021387079905252904
5,cpython,list_iteration,cold_cli,9,0.014372875011758879
5,cpython,list_iteration,cold_cli,10,0.014596833003452048
5,tonic,list_iteration,cold_cli,10,0.0023847919947002083
5,tonic,list_iteration,cold_cli,11,0.0021634580043610185
5,cpython,list_iteration,cold_cli,11,0.014915249979821965
5,cpython,list_iteration,cold_cli,12,0.014759499987121671
5,tonic,list_iteration,cold_cli,12,0.002389250003034249
5,tonic,list_iteration,cold_cli,13,0.0021560419991146773
5,cpython,list_iteration,cold_cli,13,0.01490045798709616
5,cpython,list_iteration,cold_cli,14,0.015205249976133928
5,tonic,list_iteration,cold_cli,14,0.0024171659897547215
5,cpython,super_calls,cold_cli,0,0.015639082994312048
5,tonic,super_calls,cold_cli,0,0.005367624980863184
5,tonic,super_calls,cold_cli,1,0.005204124987358227
5,cpython,super_calls,cold_cli,1,0.015623957995558158
5,cpython,super_calls,cold_cli,2,0.015604374988470227
5,tonic,super_calls,cold_cli,2,0.005461875000037253
5,tonic,super_calls,cold_cli,3,0.005483832996105775
5,cpython,super_calls,cold_cli,3,0.015859915991313756
5,cpython,super_calls,cold_cli,4,0.0156296250061132
5,tonic,super_calls,cold_cli,4,0.005426000017905608
5,tonic,super_calls,cold_cli,5,0.005262417020276189
5,cpython,super_calls,cold_cli,5,0.015690083004301414
5,cpython,super_calls,cold_cli,6,0.015796666993992403
5,tonic,super_calls,cold_cli,6,0.005259083991404623
5,tonic,super_calls,cold_cli,7,0.005148999975062907
5,cpython,super_calls,cold_cli,7,0.015505667019169778
5,cpython,super_calls,cold_cli,8,0.015642042009858415
5,tonic,super_calls,cold_cli,8,0.00552070900448598
5,tonic,super_calls,cold_cli,9,0.005155041988473386
5,cpython,super_calls,cold_cli,9,0.0154732080118265
5,cpython,super_calls,cold_cli,10,0.015478583023650572
5,tonic,super_calls,cold_cli,10,0.0052802920108661056
5,tonic,super_calls,cold_cli,11,0.0053102499805390835
5,cpython,super_calls,cold_cli,11,0.01580108399502933
5,cpython,super_calls,cold_cli,12,0.015561250009341165
5,tonic,super_calls,cold_cli,12,0.00539525001659058
5,tonic,super_calls,cold_cli,13,0.005161249981028959
5,cpython,super_calls,cold_cli,13,0.01566200001980178
5,cpython,super_calls,cold_cli,14,0.015647334017558023
5,tonic,super_calls,cold_cli,14,0.005583499994827434
